Packet_Number,Timestamp,Data
1,2026-02-02 14:20:44,[87.17948717948718|43.223443223443226|208.7912087912088|38.827838827838825|-49.08424908424909]
2,2026-02-02 14:20:44,[-39.56043956043956|-62.27106227106227|-82.78388278388279|-173.62637362637363|-41.75824175824176]
3,2026-02-02 14:20:44,[-5.128205128205129|-155.3113553113553|-66.66666666666667|-48.35164835164835|-115.01831501831502]
4,2026-02-02 14:20:44,[-146.5201465201465|-190.47619047619048|-134.06593406593407|-71.06227106227107|-25.641025641025642]
5,2026-02-02 14:20:44,[-308.42490842490844|-205.86080586080587|-43.223443223443226|221.97802197802199|734.7985347985348]
6,2026-02-02 14:20:44,[731.8681318681319|124.54212454212454|-258.6080586080586|-403.6630036630037|-227.83882783882783]
7,2026-02-02 14:20:44,[-173.62637362637363|-5.86080586080586|-109.15750915750915|-226.37362637362637|-158.97435897435898]
8,2026-02-02 14:20:44,[-173.62637362637363|-173.62637362637363|-48.35164835164835|-132.6007326007326|-120.87912087912088]
9,2026-02-02 14:20:45,[-174.35897435897436|-241.75824175824175|-87.91208791208791|-54.94505494505494|-183.88278388278388]
10,2026-02-02 14:20:45,[-88.64468864468864|-72.52747252747253|23.44322344322344|-88.64468864468864|81.31868131868131]
11,2026-02-02 14:20:45,[78.3882783882784|-108.42490842490842|166.3003663003663|233.6996336996337|146.5201465201465]
12,2026-02-02 14:20:45,[112.82051282051282|101.0989010989011|98.9010989010989|-148.71794871794873|5.128205128205129]
13,2026-02-02 14:20:45,[-86.44688644688645|-267.3992673992674|-147.98534798534797|-189.74358974358975|-314.2857142857143]
14,2026-02-02 14:20:45,[-254.21245421245422|-273.992673992674|-235.89743589743588|-302.56410256410254|-277.65567765567766]
15,2026-02-02 14:20:45,[-263.003663003663|-284.98168498168496|-389.010989010989|-490.84249084249086|-153.1135531135531]
16,2026-02-02 14:20:45,[-265.9340659340659|-501.0989010989011|-261.53846153846155|-39.56043956043956|-294.5054945054945]
17,2026-02-02 14:20:45,[-287.1794871794872|-147.98534798534797|-194.13919413919413|-210.25641025641025|-188.2783882783883]
18,2026-02-02 14:20:45,[-169.96336996336996|-273.992673992674|-239.56043956043956|-317.94871794871796|-412.45421245421244]
19,2026-02-02 14:20:45,[-171.42857142857142|-236.63003663003664|-169.23076923076923|-345.7875457875458|-174.35897435897436]
20,2026-02-02 14:20:45,[-320.8791208791209|-264.46886446886447|-321.61172161172163|-405.12820512820514|-358.24175824175825]
21,2026-02-02 14:20:45,[-228.57142857142858|-235.16483516483515|-249.8168498168498|-314.2857142857143|-251.28205128205127]
22,2026-02-02 14:20:45,[-339.9267399267399|-213.1868131868132|-176.55677655677655|-311.35531135531136|-235.16483516483515]
23,2026-02-02 14:20:45,[-65.2014652014652|-187.54578754578753|-189.01098901098902|-228.57142857142858|-230.76923076923077]
24,2026-02-02 14:20:45,[-262.27106227106225|-263.003663003663|-201.46520146520146|-276.9230769230769|-235.16483516483515]
25,2026-02-02 14:20:45,[-216.11721611721612|-157.50915750915752|160.43956043956044|449.0842490842491|585.3479853479854]
26,2026-02-02 14:20:45,[115.75091575091575|-402.1978021978022|-306.2271062271062|-290.84249084249086|-249.8168498168498]
27,2026-02-02 14:20:45,[-213.1868131868132|-182.41758241758242|-129.67032967032966|-202.93040293040292|-154.57875457875457]
28,2026-02-02 14:20:45,[-248.35164835164835|-110.62271062271063|25.641025641025642|-120.87912087912088|3.663003663003663]
29,2026-02-02 14:20:45,[-43.223443223443226|-95.97069597069597|-32.967032967032964|-145.05494505494505|-135.53113553113553]
30,2026-02-02 14:20:45,[-75.45787545787546|-30.76923076923077|27.106227106227106|42.49084249084249|115.01831501831502]
31,2026-02-02 14:20:45,[114.28571428571429|209.52380952380952|205.86080586080587|158.97435897435898|245.42124542124543]
32,2026-02-02 14:20:45,[213.1868131868132|138.46153846153845|148.71794871794873|-8.791208791208792|-53.47985347985348]
33,2026-02-02 14:20:45,[-106.22710622710623|-136.26373626373626|-76.19047619047619|-146.5201465201465|-221.24542124542126]
34,2026-02-02 14:20:46,[-150.1831501831502|-134.7985347985348|-110.62271062271063|-200.73260073260073|-150.1831501831502]
35,2026-02-02 14:20:46,[-158.97435897435898|-179.48717948717947|-106.22710622710623|-235.16483516483515|-63.73626373626374]
36,2026-02-02 14:20:46,[-101.83150183150182|-123.07692307692308|-67.3992673992674|-153.1135531135531|-99.63369963369964]
37,2026-02-02 14:20:46,[-148.71794871794873|-87.17948717948718|-18.315018315018314|-142.85714285714286|-87.17948717948718]
38,2026-02-02 14:20:46,[-113.55311355311355|-145.78754578754578|-106.22710622710623|-90.10989010989012|-35.8974358974359]
39,2026-02-02 14:20:46,[-95.97069597069597|-120.87912087912088|-105.49450549450549|-167.76556776556777|-87.17948717948718]
40,2026-02-02 14:20:46,[-94.50549450549451|-80.58608058608058|10.989010989010989|-79.85347985347985|-122.34432234432235]
41,2026-02-02 14:20:46,[-150.1831501831502|-78.3882783882784|-50.54945054945055|-86.44688644688645|-98.9010989010989]
42,2026-02-02 14:20:46,[-85.71428571428571|-119.41391941391942|-115.01831501831502|-174.35897435897436|-141.3919413919414]
43,2026-02-02 14:20:46,[-93.77289377289377|-107.6923076923077|-88.64468864468864|-170.6959706959707|-21.978021978021978]
44,2026-02-02 14:20:46,[372.16117216117215|780.952380952381|711.3553113553113|25.641025641025642|-306.959706959707]
45,2026-02-02 14:20:46,[-188.2783882783883|-129.67032967032966|-86.44688644688645|-110.62271062271063|-17.582417582417584]
46,2026-02-02 14:20:46,[-97.43589743589743|-71.06227106227107|44.688644688644686|-22.71062271062271|-30.036630036630036]
47,2026-02-02 14:20:46,[84.98168498168498|-31.501831501831504|64.46886446886447|103.2967032967033|56.41025641025641]
48,2026-02-02 14:20:46,[40.29304029304029|-15.384615384615385|5.128205128205129|155.3113553113553|160.43956043956044]
49,2026-02-02 14:20:46,[65.93406593406593|138.46153846153845|246.8864468864469|144.32234432234432|205.86080586080587]
50,2026-02-02 14:20:46,[78.3882783882784|183.88278388278388|246.8864468864469|135.53113553113553|39.56043956043956]
51,2026-02-02 14:20:46,[219.04761904761904|166.3003663003663|122.34432234432235|-13.186813186813186|8.058608058608058]
52,2026-02-02 14:20:46,[-20.512820512820515|-157.50915750915752|-170.6959706959707|-204.3956043956044|-136.996336996337]
53,2026-02-02 14:20:46,[-135.53113553113553|-214.65201465201466|-123.07692307692308|-203.66300366300365|-175.0915750915751]
54,2026-02-02 14:20:46,[-84.24908424908425|-107.6923076923077|-117.94871794871794|-216.84981684981685|-216.11721611721612]
55,2026-02-02 14:20:46,[-175.0915750915751|-218.3150183150183|-159.7069597069597|-181.6849816849817|-123.80952380952381]
56,2026-02-02 14:20:46,[-158.97435897435898|-161.9047619047619|-109.15750915750915|-156.04395604395606|-164.83516483516485]
57,2026-02-02 14:20:46,[-204.3956043956044|-228.57142857142858|-98.9010989010989|-106.22710622710623|-106.22710622710623]
58,2026-02-02 14:20:46,[-135.53113553113553|-165.56776556776558|-97.43589743589743|-167.76556776556777|-135.53113553113553]
59,2026-02-02 14:20:46,[-136.26373626373626|-212.45421245421247|-105.49450549450549|-130.4029304029304|-142.12454212454213]
60,2026-02-02 14:20:47,[-202.93040293040292|-113.55311355311355|-39.56043956043956|-122.34432234432235|-112.08791208791209]
61,2026-02-02 14:20:47,[-145.05494505494505|-183.88278388278388|-153.1135531135531|-161.9047619047619|-147.25274725274724]
62,2026-02-02 14:20:47,[-167.76556776556777|-164.83516483516485|-156.04395604395606|-229.3040293040293|-5.128205128205129]
63,2026-02-02 14:20:47,[409.5238095238095|702.5641025641025|379.4871794871795|-146.5201465201465|-349.45054945054943]
64,2026-02-02 14:20:47,[-265.9340659340659|-181.6849816849817|-102.56410256410257|-161.9047619047619|-142.12454212454213]
65,2026-02-02 14:20:47,[-108.42490842490842|-115.01831501831502|-78.3882783882784|-113.55311355311355|-109.89010989010988]
66,2026-02-02 14:20:47,[-63.73626373626374|-81.31868131868131|-41.02564102564103|-79.12087912087912|-18.315018315018314]
67,2026-02-02 14:20:47,[-32.967032967032964|-71.06227106227107|65.2014652014652|18.315018315018314|53.47985347985348]
68,2026-02-02 14:20:47,[52.747252747252745|96.7032967032967|123.80952380952381|100.36630036630036|180.95238095238096]
69,2026-02-02 14:20:47,[178.02197802197801|116.48351648351648|135.53113553113553|136.996336996337|122.34432234432235]
70,2026-02-02 14:20:47,[44.688644688644686|-43.223443223443226|-72.52747252747253|-157.50915750915752|-111.35531135531136]
71,2026-02-02 14:20:47,[-169.23076923076923|-203.66300366300365|-170.6959706959707|-235.16483516483515|-179.48717948717947]
72,2026-02-02 14:20:47,[-178.02197802197801|-202.93040293040292|-131.13553113553112|-236.63003663003664|-157.50915750915752]
73,2026-02-02 14:20:47,[-126.73992673992674|-169.23076923076923|-131.13553113553112|-189.74358974358975|-166.3003663003663]
74,2026-02-02 14:20:47,[-157.50915750915752|-183.88278388278388|-126.00732600732601|-178.75457875457874|-144.32234432234432]
75,2026-02-02 14:20:47,[-147.25274725274724|-157.50915750915752|-150.1831501831502|-201.46520146520146|-125.27472527472527]
76,2026-02-02 14:20:47,[-136.996336996337|-167.76556776556777|-119.41391941391942|-159.7069597069597|-141.3919413919414]
77,2026-02-02 14:20:47,[-172.8937728937729|-157.50915750915752|-136.26373626373626|-160.43956043956044|-142.12454212454213]
78,2026-02-02 14:20:47,[-122.34432234432235|-131.13553113553112|-87.17948717948718|-180.21978021978023|-106.22710622710623]
79,2026-02-02 14:20:47,[-88.64468864468864|-126.00732600732601|-58.608058608058606|-94.50549450549451|-61.53846153846154]
80,2026-02-02 14:20:47,[-88.64468864468864|-179.48717948717947|-129.67032967032966|-115.01831501831502|-107.6923076923077]
81,2026-02-02 14:20:47,[-122.34432234432235|-167.76556776556777|-109.15750915750915|-182.41758241758242|-73.26007326007326]
82,2026-02-02 14:20:47,[255.67765567765568|635.8974358974359|693.7728937728938|109.15750915750915|-357.5091575091575]
83,2026-02-02 14:20:47,[-296.7032967032967|-191.94139194139194|-98.9010989010989|-112.08791208791209|-98.9010989010989]
84,2026-02-02 14:20:48,[-90.10989010989012|-115.01831501831502|-63.73626373626374|-76.92307692307692|-49.08424908424909]
85,2026-02-02 14:20:48,[-72.52747252747253|-115.01831501831502|16.84981684981685|-60.8058608058608|-47.61904761904762]
86,2026-02-02 14:20:48,[-12.454212454212454|-32.967032967032964|41.75824175824176|-27.106227106227106|68.86446886446886]
87,2026-02-02 14:20:48,[101.83150183150182|65.2014652014652|151.64835164835165|132.6007326007326|177.28937728937728]
88,2026-02-02 14:20:48,[160.43956043956044|121.6117216117216|186.8131868131868|136.26373626373626|119.41391941391942]
89,2026-02-02 14:20:48,[27.106227106227106|-33.6996336996337|-26.373626373626372|-113.55311355311355|-115.01831501831502]
90,2026-02-02 14:20:48,[-153.1135531135531|-223.44322344322345|-160.43956043956044|-190.47619047619048|-201.46520146520146]
91,2026-02-02 14:20:48,[-175.0915750915751|-216.11721611721612|-152.38095238095238|-170.6959706959707|-167.03296703296704]
92,2026-02-02 14:20:48,[-183.88278388278388|-201.46520146520146|-147.25274725274724|-156.7765567765568|-146.5201465201465]
93,2026-02-02 14:20:48,[-158.97435897435898|-205.86080586080587|-147.25274725274724|-189.74358974358975|-158.97435897435898]
94,2026-02-02 14:20:48,[-145.78754578754578|-170.6959706959707|-112.82051282051282|-200.0|-171.42857142857142]
95,2026-02-02 14:20:48,[-147.25274725274724|-176.55677655677655|-136.26373626373626|-201.46520146520146|-160.43956043956044]
96,2026-02-02 14:20:48,[-147.25274725274724|-180.95238095238096|-135.53113553113553|-180.95238095238096|-106.22710622710623]
97,2026-02-02 14:20:48,[-95.97069597069597|-145.05494505494505|-136.996336996337|-142.85714285714286|-74.72527472527473]
98,2026-02-02 14:20:48,[-90.10989010989012|-134.06593406593407|-111.35531135531136|-175.0915750915751|-134.06593406593407]
99,2026-02-02 14:20:48,[-143.5897435897436|-178.75457875457874|-95.97069597069597|-165.56776556776558|-166.3003663003663]
100,2026-02-02 14:20:48,[-149.45054945054946|10.989010989010989|381.68498168498166|661.5384615384615|415.38461538461536]
101,2026-02-02 14:20:48,[-173.62637362637363|-413.1868131868132|-265.2014652014652|-201.46520146520146|-100.36630036630036]
102,2026-02-02 14:20:48,[-109.15750915750915|-134.7985347985348|-85.71428571428571|-106.22710622710623|-82.78388278388279]
103,2026-02-02 14:20:48,[-75.45787545787546|-109.15750915750915|-38.827838827838825|-87.17948717948718|-60.8058608058608]
104,2026-02-02 14:20:48,[-41.75824175824176|-56.41025641025641|30.036630036630036|-30.036630036630036|5.128205128205129]
105,2026-02-02 14:20:48,[20.512820512820515|53.47985347985348|109.15750915750915|43.223443223443226|104.02930402930403]
106,2026-02-02 14:20:48,[185.34798534798534|139.9267399267399|183.88278388278388|131.13553113553112|136.996336996337]
107,2026-02-02 14:20:48,[115.75091575091575|45.42124542124542|45.42124542124542|-63.73626373626374|-109.15750915750915]
108,2026-02-02 14:20:48,[-144.32234432234432|-192.67399267399267|-123.07692307692308|-197.06959706959708|-164.83516483516485]
109,2026-02-02 14:20:49,[-203.66300366300365|-220.51282051282053|-155.3113553113553|-169.23076923076923|-154.57875457875457]
110,2026-02-02 14:20:49,[-195.6043956043956|-218.3150183150183|-117.94871794871794|-189.74358974358975|-159.7069597069597]
111,2026-02-02 14:20:49,[-126.73992673992674|-167.76556776556777|-156.04395604395606|-183.88278388278388|-150.1831501831502]
112,2026-02-02 14:20:49,[-156.04395604395606|-202.93040293040292|-132.6007326007326|-191.94139194139194|-154.57875457875457]
113,2026-02-02 14:20:49,[-152.38095238095238|-183.15018315018315|-119.41391941391942|-189.74358974358975|-173.62637362637363]
114,2026-02-02 14:20:49,[-158.24175824175825|-169.23076923076923|-126.73992673992674|-192.67399267399267|-167.76556776556777]
115,2026-02-02 14:20:49,[-101.83150183150182|-147.25274725274724|-115.75091575091575|-161.9047619047619|-169.23076923076923]
116,2026-02-02 14:20:49,[-126.00732600732601|-164.10256410256412|-109.15750915750915|-120.14652014652015|-78.3882783882784]
117,2026-02-02 14:20:49,[-73.99267399267399|-98.9010989010989|-115.01831501831502|-173.62637362637363|-122.34432234432235]
118,2026-02-02 14:20:49,[-148.71794871794873|-137.72893772893772|-112.82051282051282|-170.6959706959707|-191.94139194139194]
119,2026-02-02 14:20:49,[-95.97069597069597|135.53113553113553|624.9084249084249|684.981684981685|178.02197802197801]
120,2026-02-02 14:20:49,[-273.2600732600733|-357.5091575091575|-194.13919413919413|-120.14652014652015|-112.08791208791209]
121,2026-02-02 14:20:49,[-115.01831501831502|-148.71794871794873|-87.17948717948718|-101.0989010989011|-79.12087912087912]
122,2026-02-02 14:20:49,[-110.62271062271063|-68.13186813186813|-56.41025641025641|-79.12087912087912|-41.75824175824176]
123,2026-02-02 14:20:49,[-32.234432234432234|-71.06227106227107|17.582417582417584|-25.641025641025642|-6.593406593406593]
124,2026-02-02 14:20:49,[46.15384615384615|43.223443223443226|101.83150183150182|76.19047619047619|163.36996336996336]
125,2026-02-02 14:20:49,[180.21978021978023|131.13553113553112|158.24175824175825|136.996336996337|153.1135531135531]
126,2026-02-02 14:20:49,[123.80952380952381|43.956043956043956|14.652014652014651|-56.41025641025641|-90.10989010989012]
127,2026-02-02 14:20:49,[-120.14652014652015|-201.46520146520146|-130.4029304029304|-200.0|-202.93040293040292]
128,2026-02-02 14:20:49,[-182.41758241758242|-204.3956043956044|-160.43956043956044|-211.7216117216117|-183.88278388278388]
129,2026-02-02 14:20:49,[-125.27472527472527|-200.0|-145.78754578754578|-182.41758241758242|-164.83516483516485]
130,2026-02-02 14:20:49,[-157.50915750915752|-191.2087912087912|-131.13553113553112|-192.67399267399267|-164.83516483516485]
131,2026-02-02 14:20:49,[-179.48717948717947|-180.95238095238096|-119.41391941391942|-201.46520146520146|-154.57875457875457]
132,2026-02-02 14:20:49,[-152.38095238095238|-179.48717948717947|-134.06593406593407|-183.88278388278388|-150.1831501831502]
133,2026-02-02 14:20:50,[-147.25274725274724|-207.32600732600733|-136.996336996337|-144.32234432234432|-142.85714285714286]
134,2026-02-02 14:20:50,[-191.2087912087912|-172.16117216117217|-83.51648351648352|-150.1831501831502|-156.04395604395606]
135,2026-02-02 14:20:50,[-132.6007326007326|-101.0989010989011|-53.47985347985348|-109.15750915750915|-117.94871794871794]
136,2026-02-02 14:20:50,[-158.97435897435898|-192.67399267399267|-88.64468864468864|-173.62637362637363|-137.72893772893772]
137,2026-02-02 14:20:50,[-145.05494505494505|-156.7765567765568|-112.08791208791209|-21.978021978021978|333.3333333333333]
138,2026-02-02 14:20:50,[717.9487179487179|408.05860805860806|-50.54945054945055|-395.6043956043956|-299.6336996336996]
139,2026-02-02 14:20:50,[-192.67399267399267|-193.4065934065934|-40.29304029304029|-100.36630036630036|-105.49450549450549]
140,2026-02-02 14:20:50,[-109.89010989010988|-119.41391941391942|-56.41025641025641|-87.17948717948718|-62.27106227106227]
141,2026-02-02 14:20:50,[-47.61904761904762|-73.26007326007326|-3.663003663003663|-41.02564102564103|-8.791208791208792]
142,2026-02-02 14:20:50,[31.501831501831504|-9.523809523809524|51.282051282051285|52.747252747252745|63.73626373626374]
143,2026-02-02 14:20:50,[117.21611721611721|87.17948717948718|178.75457875457874|165.56776556776558|139.19413919413918]
144,2026-02-02 14:20:50,[156.04395604395606|150.1831501831502|160.43956043956044|52.014652014652015|29.304029304029303]
145,2026-02-02 14:20:50,[-8.791208791208792|-103.2967032967033|-115.01831501831502|-146.5201465201465|-150.1831501831502]
146,2026-02-02 14:20:50,[-166.3003663003663|-204.3956043956044|-172.16117216117217|-208.7912087912088|-169.96336996336996]
147,2026-02-02 14:20:50,[-161.17216117216117|-179.48717948717947|-142.85714285714286|-147.25274725274724|-169.23076923076923]
148,2026-02-02 14:20:50,[-120.87912087912088|-158.97435897435898|-134.06593406593407|-173.62637362637363|-149.45054945054946]
149,2026-02-02 14:20:50,[-149.45054945054946|-191.2087912087912|-120.87912087912088|-176.55677655677655|-145.05494505494505]
150,2026-02-02 14:20:50,[-113.55311355311355|-164.83516483516485|-156.04395604395606|-154.57875457875457|-142.85714285714286]
151,2026-02-02 14:20:50,[-148.71794871794873|-172.8937728937729|-132.6007326007326|-173.62637362637363|-126.00732600732601]
152,2026-02-02 14:20:50,[-134.7985347985348|-158.24175824175825|-106.22710622710623|-153.84615384615384|-136.996336996337]
153,2026-02-02 14:20:50,[-134.06593406593407|-144.32234432234432|-109.15750915750915|-157.50915750915752|-97.43589743589743]
154,2026-02-02 14:20:50,[-90.10989010989012|-145.78754578754578|-68.13186813186813|-75.45787545787546|-79.85347985347985]
155,2026-02-02 14:20:50,[-84.24908424908425|-147.98534798534797|-110.62271062271063|-147.98534798534797|-120.14652014652015]
156,2026-02-02 14:20:50,[-113.55311355311355|-126.73992673992674|-88.64468864468864|-178.02197802197801|-109.15750915750915]
157,2026-02-02 14:20:50,[117.21611721611721|497.43589743589746|777.2893772893773|239.56043956043956|-258.6080586080586]
158,2026-02-02 14:20:50,[-307.6923076923077|-204.3956043956044|-113.55311355311355|-107.6923076923077|-95.97069597069597]
159,2026-02-02 14:20:51,[-95.23809523809524|-157.50915750915752|-31.501831501831504|-73.99267399267399|-83.51648351648352]
160,2026-02-02 14:20:51,[-76.92307692307692|-75.45787545787546|16.117216117216117|-65.93406593406593|-40.29304029304029]
161,2026-02-02 14:20:51,[-25.641025641025642|-16.117216117216117|43.223443223443226|8.058608058608058|18.315018315018314]
162,2026-02-02 14:20:51,[52.747252747252745|100.36630036630036|128.2051282051282|101.83150183150182|128.2051282051282]
163,2026-02-02 14:20:51,[173.62637362637363|151.64835164835165|161.9047619047619|178.02197802197801|122.34432234432235]
164,2026-02-02 14:20:51,[65.93406593406593|-32.967032967032964|19.78021978021978|-78.3882783882784|-144.32234432234432]
165,2026-02-02 14:20:51,[-167.76556776556777|-204.3956043956044|-120.87912087912088|-203.66300366300365|-179.48717948717947]
166,2026-02-02 14:20:51,[-169.96336996336996|-195.6043956043956|-120.14652014652015|-176.55677655677655|-178.75457875457874]
167,2026-02-02 14:20:51,[-174.35897435897436|-173.62637362637363|-122.34432234432235|-180.95238095238096|-153.1135531135531]
168,2026-02-02 14:20:51,[-157.50915750915752|-180.21978021978023|-115.75091575091575|-164.10256410256412|-158.97435897435898]
169,2026-02-02 14:20:51,[-153.1135531135531|-182.41758241758242|-157.50915750915752|-165.56776556776558|-149.45054945054946]
170,2026-02-02 14:20:51,[-157.50915750915752|-164.10256410256412|-143.5897435897436|-173.62637362637363|-160.43956043956044]
171,2026-02-02 14:20:51,[-145.78754578754578|-173.62637362637363|-147.25274725274724|-148.71794871794873|-134.7985347985348]
172,2026-02-02 14:20:51,[-135.53113553113553|-202.93040293040292|-88.64468864468864|-126.73992673992674|-132.6007326007326]
173,2026-02-02 14:20:51,[-134.7985347985348|-160.43956043956044|-112.08791208791209|-158.24175824175825|-130.4029304029304]
174,2026-02-02 14:20:51,[-88.64468864468864|-164.10256410256412|-81.31868131868131|-101.83150183150182|-84.24908424908425]
175,2026-02-02 14:20:51,[-65.2014652014652|-142.85714285714286|-107.6923076923077|-157.50915750915752|-153.84615384615384]
176,2026-02-02 14:20:51,[-150.1831501831502|-145.78754578754578|-84.24908424908425|-176.55677655677655|-145.78754578754578]
177,2026-02-02 14:20:51,[52.014652014652015|372.8937728937729|768.4981684981685|441.75824175824175|-123.80952380952381]
178,2026-02-02 14:20:51,[-358.24175824175825|-296.7032967032967|-126.73992673992674|-117.94871794871794|-109.15750915750915]
179,2026-02-02 14:20:51,[-119.41391941391942|-132.6007326007326|-64.46886446886447|-88.64468864468864|-98.9010989010989]
180,2026-02-02 14:20:51,[-38.827838827838825|-87.17948717948718|-52.014652014652015|-49.81684981684982|-40.29304029304029]
181,2026-02-02 14:20:51,[-8.791208791208792|-30.036630036630036|27.106227106227106|3.663003663003663|-4.395604395604396]
182,2026-02-02 14:20:51,[78.3882783882784|43.223443223443226|97.43589743589743|112.08791208791209|147.98534798534797]
183,2026-02-02 14:20:51,[158.97435897435898|120.14652014652015|201.46520146520146|128.2051282051282|126.73992673992674]
184,2026-02-02 14:20:52,[106.95970695970696|-5.128205128205129|-25.641025641025642|-123.80952380952381|-126.73992673992674]
185,2026-02-02 14:20:52,[-131.13553113553112|-197.06959706959708|-159.7069597069597|-211.7216117216117|-205.12820512820514]
186,2026-02-02 14:20:52,[-170.6959706959707|-207.32600732600733|-148.71794871794873|-213.1868131868132|-211.7216117216117]
187,2026-02-02 14:20:52,[-134.7985347985348|-172.8937728937729|-157.50915750915752|-216.84981684981685|-167.76556776556777]
188,2026-02-02 14:20:52,[-147.25274725274724|-218.3150183150183|-145.78754578754578|-170.6959706959707|-169.96336996336996]
189,2026-02-02 14:20:52,[-150.1831501831502|-200.0|-125.27472527472527|-188.2783882783883|-172.16117216117217]
190,2026-02-02 14:20:52,[-144.32234432234432|-195.6043956043956|-152.38095238095238|-172.16117216117217|-189.01098901098902]
191,2026-02-02 14:20:52,[-180.95238095238096|-167.03296703296704|-126.00732600732601|-172.8937728937729|-132.6007326007326]
192,2026-02-02 14:20:52,[-136.26373626373626|-182.41758241758242|-124.54212454212454|-142.85714285714286|-157.50915750915752]
193,2026-02-02 14:20:52,[-145.05494505494505|-176.55677655677655|-112.08791208791209|-123.80952380952381|-118.68131868131869]
194,2026-02-02 14:20:52,[-93.77289377289377|-123.80952380952381|-52.014652014652015|-98.9010989010989|-120.87912087912088]
195,2026-02-02 14:20:52,[-123.80952380952381|-227.83882783882783|-97.43589743589743|-120.14652014652015|-140.65934065934067]
196,2026-02-02 14:20:52,[-113.55311355311355|-166.3003663003663|-123.80952380952381|-40.29304029304029|315.01831501831504]
197,2026-02-02 14:20:52,[756.0439560439561|462.27106227106225|-84.24908424908425|-347.25274725274727|-236.63003663003664]
198,2026-02-02 14:20:52,[-158.24175824175825|-153.1135531135531|-79.85347985347985|-97.43589743589743|-106.22710622710623]
199,2026-02-02 14:20:52,[-82.78388278388279|-102.56410256410257|-38.827838827838825|-75.45787545787546|-78.3882783882784]
200,2026-02-02 14:20:52,[-50.54945054945055|-53.47985347985348|-8.058608058608058|-55.67765567765568|-24.175824175824175]
201,2026-02-02 14:20:52,[13.91941391941392|-18.315018315018314|54.94505494505494|46.15384615384615|85.71428571428571]
202,2026-02-02 14:20:52,[115.01831501831502|88.64468864468864|158.97435897435898|120.87912087912088|178.75457875457874]
203,2026-02-02 14:20:52,[181.6849816849817|123.07692307692308|133.33333333333334|79.12087912087912|28.571428571428573]
204,2026-02-02 14:20:52,[-5.128205128205129|-117.94871794871794|-80.58608058608058|-152.38095238095238|-205.86080586080587]
205,2026-02-02 14:20:52,[-145.78754578754578|-217.58241758241758|-164.10256410256412|-214.65201465201466|-200.73260073260073]
206,2026-02-02 14:20:52,[-172.8937728937729|-196.33699633699635|-145.05494505494505|-191.94139194139194|-159.7069597069597]
207,2026-02-02 14:20:52,[-142.85714285714286|-193.4065934065934|-131.86813186813185|-167.76556776556777|-173.62637362637363]
208,2026-02-02 14:20:53,[-123.80952380952381|-183.15018315018315|-164.83516483516485|-216.11721611721612|-155.3113553113553]
209,2026-02-02 14:20:53,[-115.01831501831502|-173.62637362637363|-131.13553113553112|-200.0|-182.41758241758242]
210,2026-02-02 14:20:53,[-126.73992673992674|-171.42857142857142|-135.53113553113553|-188.2783882783883|-178.02197802197801]
211,2026-02-02 14:20:53,[-126.73992673992674|-180.95238095238096|-115.01831501831502|-145.78754578754578|-146.5201465201465]
212,2026-02-02 14:20:53,[-158.24175824175825|-166.3003663003663|-115.01831501831502|-160.43956043956044|-145.78754578754578]
213,2026-02-02 14:20:53,[-115.01831501831502|-166.3003663003663|-109.89010989010988|-120.87912087912088|-123.07692307692308]
214,2026-02-02 14:20:53,[-95.23809523809524|-146.5201465201465|-111.35531135531136|-111.35531135531136|-115.01831501831502]
215,2026-02-02 14:20:53,[-53.47985347985348|-90.10989010989012|-59.34065934065934|-101.83150183150182|-126.00732600732601]
216,2026-02-02 14:20:53,[-100.36630036630036|-147.25274725274724|-131.13553113553112|-132.6007326007326|-135.53113553113553]
217,2026-02-02 14:20:53,[-103.2967032967033|-157.50915750915752|-21.245421245421245|315.75091575091574|734.065934065934]
218,2026-02-02 14:20:53,[558.974358974359|-31.501831501831504|-308.42490842490844|-262.27106227106225|-192.67399267399267]
219,2026-02-02 14:20:53,[-119.41391941391942|-112.08791208791209|-63.00366300366301|-107.6923076923077|-87.17948717948718]
220,2026-02-02 14:20:53,[-64.46886446886447|-119.41391941391942|-38.827838827838825|-50.54945054945055|-64.46886446886447]
221,2026-02-02 14:20:53,[-76.19047619047619|-80.58608058608058|13.91941391941392|-14.652014652014651|-15.384615384615385]
222,2026-02-02 14:20:53,[19.047619047619047|-12.454212454212454|63.00366300366301|73.99267399267399|100.36630036630036]
223,2026-02-02 14:20:53,[128.2051282051282|134.7985347985348|181.6849816849817|157.50915750915752|163.36996336996336]
224,2026-02-02 14:20:53,[147.25274725274724|97.43589743589743|117.21611721611721|34.43223443223443|-41.75824175824176]
225,2026-02-02 14:20:53,[-31.501831501831504|-111.35531135531136|-122.34432234432235|-172.8937728937729|-201.46520146520146]
226,2026-02-02 14:20:53,[-154.57875457875457|-219.04761904761904|-173.62637362637363|-205.12820512820514|-182.41758241758242]
227,2026-02-02 14:20:53,[-172.16117216117217|-217.58241758241758|-167.76556776556777|-201.46520146520146|-180.21978021978023]
228,2026-02-02 14:20:53,[-107.6923076923077|-182.41758241758242|-150.91575091575092|-193.4065934065934|-220.51282051282053]
229,2026-02-02 14:20:53,[-111.35531135531136|-154.57875457875457|-153.84615384615384|-191.2087912087912|-169.96336996336996]
230,2026-02-02 14:20:53,[-180.95238095238096|-173.62637362637363|-103.2967032967033|-173.62637362637363|-197.8021978021978]
231,2026-02-02 14:20:53,[-141.3919413919414|-205.86080586080587|-126.73992673992674|-145.78754578754578|-173.62637362637363]
232,2026-02-02 14:20:53,[-153.84615384615384|-182.41758241758242|-84.98168498168498|-169.23076923076923|-190.47619047619048]
233,2026-02-02 14:20:53,[-123.80952380952381|-173.62637362637363|-131.86813186813185|-166.3003663003663|-160.43956043956044]
234,2026-02-02 14:20:54,[-101.83150183150182|-148.71794871794873|-110.62271062271063|-167.76556776556777|-134.06593406593407]
235,2026-02-02 14:20:54,[-79.85347985347985|-147.25274725274724|-109.15750915750915|-132.6007326007326|-137.72893772893772]
236,2026-02-02 14:20:54,[-88.64468864468864|-125.27472527472527|-84.98168498168498|-71.06227106227107|-62.27106227106227]
237,2026-02-02 14:20:54,[-62.27106227106227|-129.67032967032966|-88.64468864468864|-135.53113553113553|-143.5897435897436]
238,2026-02-02 14:20:54,[-94.50549450549451|-132.6007326007326|-108.42490842490842|-169.23076923076923|-169.23076923076923]
239,2026-02-02 14:20:54,[-43.956043956043956|256.4102564102564|700.3663003663004|626.3736263736264|72.52747252747253]
240,2026-02-02 14:20:54,[-309.15750915750914|-343.5897435897436|-150.1831501831502|-113.55311355311355|-109.15750915750915]
241,2026-02-02 14:20:54,[-76.19047619047619|-136.996336996337|-106.22710622710623|-80.58608058608058|-66.66666666666667]
242,2026-02-02 14:20:54,[-59.34065934065934|-100.36630036630036|-32.234432234432234|-41.75824175824176|-59.34065934065934]
243,2026-02-02 14:20:54,[-21.245421245421245|-48.35164835164835|28.571428571428573|-8.058608058608058|18.315018315018314]
244,2026-02-02 14:20:54,[69.59706959706959|28.571428571428573|103.2967032967033|123.07692307692308|145.78754578754578]
245,2026-02-02 14:20:54,[146.5201465201465|136.996336996337|192.67399267399267|156.04395604395606|128.2051282051282]
246,2026-02-02 14:20:54,[136.26373626373626|32.967032967032964|16.84981684981685|-81.31868131868131|-108.42490842490842]
247,2026-02-02 14:20:54,[-100.36630036630036|-183.15018315018315|-153.84615384615384|-190.47619047619048|-208.7912087912088]
248,2026-02-02 14:20:54,[-228.57142857142858|-211.7216117216117|-153.1135531135531|-202.1978021978022|-211.7216117216117]
249,2026-02-02 14:20:54,[-161.17216117216117|-211.7216117216117|-150.1831501831502|-166.3003663003663|-178.02197802197801]
250,2026-02-02 14:20:54,[-123.07692307692308|-183.88278388278388|-156.04395604395606|-160.43956043956044|-180.95238095238096]
251,2026-02-02 14:20:54,[-200.0|-160.43956043956044|-157.50915750915752|-188.2783882783883|-153.1135531135531]
252,2026-02-02 14:20:54,[-136.26373626373626|-215.3846153846154|-148.71794871794873|-158.24175824175825|-195.6043956043956]
253,2026-02-02 14:20:54,[-130.4029304029304|-166.3003663003663|-134.06593406593407|-167.76556776556777|-191.2087912087912]
254,2026-02-02 14:20:54,[-176.55677655677655|-153.1135531135531|-122.34432234432235|-166.3003663003663|-154.57875457875457]
255,2026-02-02 14:20:54,[-114.28571428571429|-165.56776556776558|-126.00732600732601|-133.33333333333334|-125.27472527472527]
256,2026-02-02 14:20:54,[-103.2967032967033|-169.23076923076923|-113.55311355311355|-129.67032967032966|-125.27472527472527]
257,2026-02-02 14:20:54,[-126.73992673992674|-88.64468864468864|-28.571428571428573|-94.50549450549451|-134.06593406593407]
258,2026-02-02 14:20:54,[-107.6923076923077|-150.1831501831502|-106.95970695970696|-131.13553113553112|-165.56776556776558]
259,2026-02-02 14:20:55,[-98.9010989010989|-142.85714285714286|-123.80952380952381|-50.54945054945055|274.72527472527474]
260,2026-02-02 14:20:55,[818.3150183150183|534.7985347985348|32.234432234432234|-358.24175824175825|-371.42857142857144]
261,2026-02-02 14:20:55,[-158.97435897435898|-108.42490842490842|-94.50549450549451|-113.55311355311355|-131.13553113553112]
262,2026-02-02 14:20:55,[-95.97069597069597|-73.26007326007326|-24.175824175824175|-73.99267399267399|-101.0989010989011]
263,2026-02-02 14:20:55,[-95.97069597069597|-87.17948717948718|3.663003663003663|-25.641025641025642|-50.54945054945055]
264,2026-02-02 14:20:55,[25.641025641025642|-21.245421245421245|35.16483516483517|62.27106227106227|73.99267399267399]
265,2026-02-02 14:20:55,[119.41391941391942|90.10989010989012|98.9010989010989|178.02197802197801|167.76556776556777]
266,2026-02-02 14:20:55,[151.64835164835165|134.7985347985348|116.48351648351648|120.87912087912088|46.88644688644688]
267,2026-02-02 14:20:55,[8.058608058608058|-113.55311355311355|-123.07692307692308|-156.04395604395606|-147.25274725274724]
268,2026-02-02 14:20:55,[-156.04395604395606|-227.1062271062271|-200.0|-209.52380952380952|-207.32600732600733]
269,2026-02-02 14:20:55,[-204.3956043956044|-230.76923076923077|-194.13919413919413|-201.46520146520146|-172.16117216117217]
270,2026-02-02 14:20:55,[-153.84615384615384|-219.04761904761904|-148.71794871794873|-153.1135531135531|-202.93040293040292]
271,2026-02-02 14:20:55,[-137.72893772893772|-158.97435897435898|-165.56776556776558|-172.16117216117217|-202.93040293040292]
272,2026-02-02 14:20:55,[-188.2783882783883|-182.41758241758242|-131.13553113553112|-173.62637362637363|-187.54578754578753]
273,2026-02-02 14:20:55,[-161.9047619047619|-200.73260073260073|-153.1135531135531|-169.23076923076923|-170.6959706959707]
274,2026-02-02 14:20:55,[-144.32234432234432|-200.0|-144.32234432234432|-166.3003663003663|-131.13553113553112]
275,2026-02-02 14:20:55,[-164.83516483516485|-177.28937728937728|-150.1831501831502|-153.1135531135531|-164.83516483516485]
276,2026-02-02 14:20:55,[-120.87912087912088|-166.3003663003663|-125.27472527472527|-119.41391941391942|-134.7985347985348]
277,2026-02-02 14:20:55,[-115.01831501831502|-147.25274725274724|-119.41391941391942|-120.87912087912088|-158.24175824175825]
278,2026-02-02 14:20:55,[-142.85714285714286|-123.80952380952381|-73.99267399267399|-60.8058608058608|-95.23809523809524]
279,2026-02-02 14:20:55,[-63.73626373626374|-129.67032967032966|-115.01831501831502|-134.06593406593407|-173.62637362637363]
280,2026-02-02 14:20:55,[-88.64468864468864|-117.94871794871794|-135.53113553113553|-158.97435897435898|-121.6117216117216]
281,2026-02-02 14:20:55,[103.2967032967033|561.9047619047619|768.4981684981685|243.95604395604394|-295.23809523809524]
282,2026-02-02 14:20:55,[-263.003663003663|-205.86080586080587|-126.00732600732601|-125.27472527472527|-123.80952380952381]
283,2026-02-02 14:20:56,[-49.08424908424909|-121.6117216117216|-95.97069597069597|-84.98168498168498|-110.62271062271063]
284,2026-02-02 14:20:56,[-73.26007326007326|-82.78388278388279|-53.47985347985348|-56.41025641025641|-63.73626373626374]
285,2026-02-02 14:20:56,[23.44322344322344|-38.827838827838825|-2.197802197802198|-7.326007326007326|29.304029304029303]
286,2026-02-02 14:20:56,[75.45787545787546|22.71062271062271|104.02930402930403|150.91575091575092|148.71794871794873]
287,2026-02-02 14:20:56,[145.78754578754578|136.996336996337|191.94139194139194|160.43956043956044|91.57509157509158]
288,2026-02-02 14:20:56,[122.34432234432235|6.593406593406593|-31.501831501831504|-81.31868131868131|-135.53113553113553]
289,2026-02-02 14:20:56,[-158.97435897435898|-192.67399267399267|-164.83516483516485|-179.48717948717947|-236.63003663003664]
290,2026-02-02 14:20:56,[-229.3040293040293|-200.0|-172.8937728937729|-176.55677655677655|-213.1868131868132]
291,2026-02-02 14:20:56,[-165.56776556776558|-164.83516483516485|-153.1135531135531|-158.97435897435898|-166.3003663003663]
292,2026-02-02 14:20:56,[-134.06593406593407|-202.93040293040292|-153.84615384615384|-145.78754578754578|-180.21978021978023]
293,2026-02-02 14:20:56,[-201.46520146520146|-177.28937728937728|-144.32234432234432|-164.83516483516485|-172.8937728937729]
294,2026-02-02 14:20:56,[-115.01831501831502|-178.02197802197801|-172.16117216117217|-166.3003663003663|-213.91941391941393]
295,2026-02-02 14:20:56,[-148.71794871794873|-120.87912087912088|-120.14652014652015|-167.76556776556777|-191.94139194139194]
296,2026-02-02 14:20:56,[-100.36630036630036|-156.04395604395606|-158.24175824175825|-158.97435897435898|-183.88278388278388]
297,2026-02-02 14:20:56,[-94.50549450549451|-145.78754578754578|-131.13553113553112|-125.27472527472527|-159.7069597069597]
298,2026-02-02 14:20:56,[-117.94871794871794|-160.43956043956044|-136.996336996337|-111.35531135531136|-110.62271062271063]
299,2026-02-02 14:20:56,[-120.87912087912088|-118.68131868131869|-65.2014652014652|-86.44688644688645|-109.15750915750915]
300,2026-02-02 14:20:56,[-76.92307692307692|-157.50915750915752|-133.33333333333334|-129.67032967032966|-150.1831501831502]
301,2026-02-02 14:20:56,[-123.80952380952381|-157.50915750915752|-123.80952380952381|-141.3919413919414|-12.454212454212454]
302,2026-02-02 14:20:56,[345.05494505494505|660.8058608058608|536.996336996337|-41.02564102564103|-430.7692307692308]
303,2026-02-02 14:20:56,[-242.49084249084248|-182.41758241758242|-107.6923076923077|-113.55311355311355|-104.02930402930403]
304,2026-02-02 14:20:56,[-83.51648351648352|-134.06593406593407|-60.8058608058608|-88.64468864468864|-97.43589743589743]
305,2026-02-02 14:20:56,[-28.571428571428573|-72.52747252747253|-41.02564102564103|-35.8974358974359|-50.54945054945055]
306,2026-02-02 14:20:56,[-8.058608058608058|-29.304029304029303|5.86080586080586|20.512820512820515|41.75824175824176]
307,2026-02-02 14:20:56,[69.59706959706959|76.92307692307692|125.27472527472527|137.72893772893772|116.48351648351648]
308,2026-02-02 14:20:56,[151.64835164835165|139.9267399267399|151.64835164835165|131.13553113553112|54.94505494505494]
309,2026-02-02 14:20:57,[40.29304029304029|-60.8058608058608|-18.315018315018314|-96.7032967032967|-182.41758241758242]
310,2026-02-02 14:20:57,[-158.97435897435898|-189.01098901098902|-161.9047619047619|-194.87179487179486|-205.12820512820514]
311,2026-02-02 14:20:57,[-247.61904761904762|-247.61904761904762|-147.25274725274724|-157.50915750915752|-216.11721611721612]
312,2026-02-02 14:20:57,[-157.50915750915752|-189.74358974358975|-153.1135531135531|-132.6007326007326|-183.15018315018315]
313,2026-02-02 14:20:57,[-143.5897435897436|-196.33699633699635|-123.07692307692308|-154.57875457875457|-197.06959706959708]
314,2026-02-02 14:20:57,[-180.95238095238096|-169.23076923076923|-132.6007326007326|-160.43956043956044|-167.76556776556777]
315,2026-02-02 14:20:57,[-131.13553113553112|-197.06959706959708|-134.7985347985348|-134.7985347985348|-158.97435897435898]
316,2026-02-02 14:20:57,[-118.68131868131869|-190.47619047619048|-161.9047619047619|-106.22710622710623|-161.9047619047619]
317,2026-02-02 14:20:57,[-177.28937728937728|-135.53113553113553|-112.82051282051282|-115.01831501831502|-142.12454212454213]
318,2026-02-02 14:20:57,[-64.46886446886447|-107.6923076923077|-88.64468864468864|-146.5201465201465|-136.996336996337]
319,2026-02-02 14:20:57,[-112.08791208791209|-149.45054945054946|-132.6007326007326|-131.13553113553112|-154.57875457875457]
320,2026-02-02 14:20:57,[-155.3113553113553|-150.1831501831502|49.81684981684982|503.2967032967033|639.5604395604396]
321,2026-02-02 14:20:57,[295.97069597069594|-244.6886446886447|-352.3809523809524|-244.6886446886447|-170.6959706959707]
322,2026-02-02 14:20:57,[-65.2014652014652|-126.73992673992674|-100.36630036630036|-112.08791208791209|-79.12087912087912]
323,2026-02-02 14:20:57,[-103.2967032967033|-87.91208791208791|-66.66666666666667|-52.014652014652015|-66.66666666666667]
324,2026-02-02 14:20:57,[-25.641025641025642|-41.02564102564103|-21.245421245421245|-19.78021978021978|-9.523809523809524]
325,2026-02-02 14:20:57,[44.688644688644686|6.593406593406593|67.3992673992674|101.83150183150182|104.76190476190476]
326,2026-02-02 14:20:57,[87.17948717948718|160.43956043956044|194.13919413919413|167.76556776556777|115.01831501831502]
327,2026-02-02 14:20:57,[207.32600732600733|109.15750915750915|44.688644688644686|-8.058608058608058|-95.97069597069597]
328,2026-02-02 14:20:57,[-71.06227106227107|-156.04395604395606|-167.03296703296704|-181.6849816849817|-195.6043956043956]
329,2026-02-02 14:20:57,[-205.86080586080587|-205.86080586080587|-202.93040293040292|-160.43956043956044|-205.86080586080587]
330,2026-02-02 14:20:57,[-145.78754578754578|-183.88278388278388|-174.35897435897436|-148.71794871794873|-182.41758241758242]
331,2026-02-02 14:20:57,[-134.06593406593407|-169.96336996336996|-156.04395604395606|-170.6959706959707|-192.67399267399267]
332,2026-02-02 14:20:57,[-164.10256410256412|-167.03296703296704|-167.76556776556777|-132.6007326007326|-160.43956043956044]
333,2026-02-02 14:20:57,[-135.53113553113553|-182.41758241758242|-168.4981684981685|-134.06593406593407|-172.16117216117217]
334,2026-02-02 14:20:58,[-141.3919413919414|-178.02197802197801|-152.38095238095238|-131.13553113553112|-188.2783882783883]
335,2026-02-02 14:20:58,[-195.6043956043956|-142.12454212454213|-121.6117216117216|-150.1831501831502|-189.01098901098902]
336,2026-02-02 14:20:58,[-124.54212454212454|-147.25274725274724|-115.01831501831502|-130.4029304029304|-141.3919413919414]
337,2026-02-02 14:20:58,[-115.01831501831502|-131.13553113553112|-129.67032967032966|-114.28571428571429|-109.15750915750915]
338,2026-02-02 14:20:58,[-123.07692307692308|-101.0989010989011|-80.58608058608058|-124.54212454212454|-166.3003663003663]
339,2026-02-02 14:20:58,[-120.87912087912088|-154.57875457875457|-101.83150183150182|-123.07692307692308|-164.83516483516485]
340,2026-02-02 14:20:58,[-148.71794871794873|-78.3882783882784|325.27472527472526|734.7985347985348|542.8571428571429]
341,2026-02-02 14:20:58,[-5.128205128205129|-313.5531135531136|-236.63003663003664|-147.25274725274724|-147.98534798534797]
342,2026-02-02 14:20:58,[-73.26007326007326|-133.33333333333334|-109.15750915750915|-73.99267399267399|-98.16849816849818]
343,2026-02-02 14:20:58,[-43.223443223443226|-106.22710622710623|-77.65567765567765|-67.3992673992674|-83.51648351648352]
344,2026-02-02 14:20:58,[-79.85347985347985|-78.3882783882784|-33.6996336996337|21.245421245421245|-37.362637362637365]
345,2026-02-02 14:20:58,[52.014652014652015|44.688644688644686|99.63369963369964|73.99267399267399|87.91208791208791]
346,2026-02-02 14:20:58,[156.7765567765568|145.78754578754578|180.95238095238096|162.63736263736263|134.06593406593407]
347,2026-02-02 14:20:58,[116.48351648351648|71.7948717948718|41.75824175824176|18.315018315018314|-78.3882783882784]
348,2026-02-02 14:20:58,[-78.3882783882784|-169.23076923076923|-195.6043956043956|-161.17216117216117|-189.01098901098902]
349,2026-02-02 14:20:58,[-167.03296703296704|-223.44322344322345|-172.16117216117217|-153.84615384615384|-219.04761904761904]
350,2026-02-02 14:20:58,[-227.83882783882783|-194.13919413919413|-195.6043956043956|-166.3003663003663|-165.56776556776558]
351,2026-02-02 14:20:58,[-135.53113553113553|-177.28937728937728|-188.2783882783883|-128.2051282051282|-158.24175824175825]
352,2026-02-02 14:20:58,[-131.86813186813185|-180.95238095238096|-189.01098901098902|-154.57875457875457|-155.3113553113553]
353,2026-02-02 14:20:58,[-179.48717948717947|-200.0|-161.17216117216117|-120.14652014652015|-171.42857142857142]
354,2026-02-02 14:20:58,[-134.7985347985348|-164.10256410256412|-167.76556776556777|-157.50915750915752|-147.98534798534797]
355,2026-02-02 14:20:58,[-120.87912087912088|-161.9047619047619|-170.6959706959707|-146.5201465201465|-121.6117216117216]
356,2026-02-02 14:20:58,[-165.56776556776558|-164.10256410256412|-169.96336996336996|-128.2051282051282|-120.87912087912088]
357,2026-02-02 14:20:58,[-94.50549450549451|-147.25274725274724|-111.35531135531136|-71.7948717948718|-124.54212454212454]
358,2026-02-02 14:20:59,[-37.362637362637365|-112.08791208791209|-144.32234432234432|-129.67032967032966|-193.4065934065934]
359,2026-02-02 14:20:59,[-160.43956043956044|-115.75091575091575|-115.01831501831502|-156.7765567765568|-192.67399267399267]
360,2026-02-02 14:20:59,[7.326007326007326|315.75091575091574|746.5201465201466|541.3919413919414|-41.75824175824176]
361,2026-02-02 14:20:59,[-285.7142857142857|-229.3040293040293|-191.2087912087912|-106.22710622710623|-108.42490842490842]
362,2026-02-02 14:20:59,[-131.13553113553112|-132.6007326007326|-87.17948717948718|-82.78388278388279|-117.94871794871794]
363,2026-02-02 14:20:59,[-54.94505494505494|-85.71428571428571|-79.85347985347985|-31.501831501831504|-51.282051282051285]
364,2026-02-02 14:20:59,[-8.058608058608058|-38.827838827838825|-5.128205128205129|16.84981684981685|-19.78021978021978]
365,2026-02-02 14:20:59,[4.395604395604396|63.73626373626374|116.48351648351648|150.91575091575092|108.42490842490842]
366,2026-02-02 14:20:59,[167.76556776556777|169.23076923076923|167.76556776556777|169.23076923076923|120.87912087912088]
367,2026-02-02 14:20:59,[109.15750915750915|16.117216117216117|-29.304029304029303|-76.92307692307692|-172.8937728937729]
368,2026-02-02 14:20:59,[-173.62637362637363|-170.6959706959707|-183.15018315018315|-179.48717948717947|-246.8864468864469]
369,2026-02-02 14:20:59,[-205.12820512820514|-195.6043956043956|-161.9047619047619|-164.83516483516485|-219.04761904761904]
370,2026-02-02 14:20:59,[-213.1868131868132|-199.26739926739927|-136.26373626373626|-125.27472527472527|-195.6043956043956]
371,2026-02-02 14:20:59,[-219.04761904761904|-172.16117216117217|-164.83516483516485|-125.27472527472527|-183.15018315018315]
372,2026-02-02 14:20:59,[-158.97435897435898|-156.04395604395606|-172.16117216117217|-156.04395604395606|-176.55677655677655]
373,2026-02-02 14:20:59,[-144.32234432234432|-167.03296703296704|-172.16117216117217|-153.1135531135531|-195.6043956043956]
374,2026-02-02 14:20:59,[-173.62637362637363|-135.53113553113553|-189.01098901098902|-156.04395604395606|-164.83516483516485]
375,2026-02-02 14:20:59,[-118.68131868131869|-144.32234432234432|-167.76556776556777|-115.01831501831502|-144.32234432234432]
376,2026-02-02 14:20:59,[-141.3919413919414|-154.57875457875457|-136.996336996337|-143.5897435897436|-126.73992673992674]
377,2026-02-02 14:20:59,[-164.83516483516485|-155.3113553113553|-126.73992673992674|-98.9010989010989|-156.04395604395606]
378,2026-02-02 14:20:59,[-84.24908424908425|-106.22710622710623|-109.15750915750915|-108.42490842490842|-122.34432234432235]
379,2026-02-02 14:20:59,[-52.014652014652015|-75.45787545787546|-68.13186813186813|-84.24908424908425|-157.50915750915752]
380,2026-02-02 14:20:59,[-166.3003663003663|-115.01831501831502|-114.28571428571429|-97.43589743589743|-169.23076923076923]
381,2026-02-02 14:20:59,[-100.36630036630036|-160.43956043956044|-90.10989010989012|239.56043956043956|595.6043956043956]
382,2026-02-02 14:20:59,[670.3296703296703|154.57875457875457|-309.8901098901099|-299.6336996336996|-219.04761904761904]
383,2026-02-02 14:20:59,[-147.98534798534797|-117.94871794871794|-123.07692307692308|-95.97069597069597|-84.98168498168498]
384,2026-02-02 14:21:00,[-35.8974358974359|-88.64468864468864|-94.50549450549451|-49.81684981684982|-90.10989010989012]
385,2026-02-02 14:21:00,[-6.593406593406593|-32.967032967032964|-49.08424908424909|5.128205128205129|-32.967032967032964]
386,2026-02-02 14:21:00,[5.86080586080586|38.827838827838825|27.106227106227106|75.45787545787546|81.31868131868131]
387,2026-02-02 14:21:00,[169.23076923076923|144.32234432234432|149.45054945054946|195.6043956043956|132.6007326007326]
388,2026-02-02 14:21:00,[186.8131868131868|166.3003663003663|126.73992673992674|75.45787545787546|-25.641025641025642]
389,2026-02-02 14:21:00,[-97.43589743589743|-107.6923076923077|-117.94871794871794|-147.25274725274724|-217.58241758241758]
390,2026-02-02 14:21:00,[-154.57875457875457|-179.48717948717947|-209.52380952380952|-180.95238095238096|-192.67399267399267]
391,2026-02-02 14:21:00,[-161.9047619047619|-157.50915750915752|-205.86080586080587|-155.3113553113553|-166.3003663003663]
392,2026-02-02 14:21:00,[-189.74358974358975|-177.28937728937728|-177.28937728937728|-142.85714285714286|-176.55677655677655]
393,2026-02-02 14:21:00,[-149.45054945054946|-117.94871794871794|-154.57875457875457|-134.06593406593407|-180.95238095238096]
394,2026-02-02 14:21:00,[-159.7069597069597|-160.43956043956044|-153.1135531135531|-123.80952380952381|-179.48717948717947]
395,2026-02-02 14:21:00,[-197.06959706959708|-175.0915750915751|-172.16117216117217|-134.06593406593407|-172.16117216117217]
396,2026-02-02 14:21:00,[-125.27472527472527|-167.76556776556777|-160.43956043956044|-110.62271062271063|-170.6959706959707]
397,2026-02-02 14:21:00,[-133.33333333333334|-135.53113553113553|-157.50915750915752|-135.53113553113553|-154.57875457875457]
398,2026-02-02 14:21:00,[-164.10256410256412|-124.54212454212454|-134.06593406593407|-103.2967032967033|-158.97435897435898]
399,2026-02-02 14:21:00,[-122.34432234432235|-119.41391941391942|-115.01831501831502|-103.2967032967033|-147.25274725274724]
400,2026-02-02 14:21:00,[-112.08791208791209|-133.33333333333334|-98.16849816849818|-107.6923076923077|-119.41391941391942]
401,2026-02-02 14:21:00,[-136.996336996337|-84.24908424908425|-62.27106227106227|-37.362637362637365|-108.42490842490842]
402,2026-02-02 14:21:00,[-87.17948717948718|-117.94871794871794|-109.15750915750915|-123.07692307692308|-149.45054945054946]
403,2026-02-02 14:21:00,[-97.43589743589743|-101.83150183150182|-155.3113553113553|-134.06593406593407|-71.06227106227107]
404,2026-02-02 14:21:00,[295.23809523809524|712.0879120879121|642.4908424908425|91.57509157509158|-330.4029304029304]
405,2026-02-02 14:21:00,[-238.82783882783883|-144.32234432234432|-120.87912087912088|-65.2014652014652|-124.54212454212454]
406,2026-02-02 14:21:00,[-87.91208791208791|-107.6923076923077|-101.83150183150182|-61.53846153846154|-90.10989010989012]
407,2026-02-02 14:21:00,[-102.56410256410257|-63.73626373626374|-71.06227106227107|-21.245421245421245|-40.29304029304029]
408,2026-02-02 14:21:00,[19.78021978021978|-15.384615384615385|-30.036630036630036|38.827838827838825|52.747252747252745]
409,2026-02-02 14:21:01,[76.92307692307692|45.42124542124542|100.36630036630036|182.41758241758242|147.25274725274724]
410,2026-02-02 14:21:01,[167.03296703296704|179.48717948717947|154.57875457875457|169.96336996336996|91.57509157509158]
411,2026-02-02 14:21:01,[75.45787545787546|-34.43223443223443|-73.99267399267399|-72.52747252747253|-181.6849816849817]
412,2026-02-02 14:21:01,[-147.25274725274724|-192.67399267399267|-238.0952380952381|-150.1831501831502|-202.93040293040292]
413,2026-02-02 14:21:01,[-229.3040293040293|-238.0952380952381|-227.83882783882783|-170.6959706959707|-208.7912087912088]
414,2026-02-02 14:21:01,[-173.62637362637363|-192.67399267399267|-169.23076923076923|-142.85714285714286|-204.3956043956044]
415,2026-02-02 14:21:01,[-153.1135531135531|-153.1135531135531|-188.2783882783883|-122.34432234432235|-202.93040293040292]
416,2026-02-02 14:21:01,[-208.05860805860806|-164.83516483516485|-194.13919413919413|-120.87912087912088|-173.62637362637363]
417,2026-02-02 14:21:01,[-169.23076923076923|-161.17216117216117|-179.48717948717947|-150.1831501831502|-169.23076923076923]
418,2026-02-02 14:21:01,[-129.67032967032966|-158.97435897435898|-173.62637362637363|-153.84615384615384|-167.76556776556777]
419,2026-02-02 14:21:01,[-194.13919413919413|-161.17216117216117|-165.56776556776558|-122.34432234432235|-164.83516483516485]
420,2026-02-02 14:21:01,[-99.63369963369964|-129.67032967032966|-157.50915750915752|-134.7985347985348|-167.76556776556777]
421,2026-02-02 14:21:01,[-112.08791208791209|-107.6923076923077|-145.78754578754578|-135.53113553113553|-131.13553113553112]
422,2026-02-02 14:21:01,[-134.7985347985348|-116.48351648351648|-142.85714285714286|-112.08791208791209|-121.6117216117216]
423,2026-02-02 14:21:01,[-84.98168498168498|-134.06593406593407|-131.13553113553112|-88.64468864468864|-132.6007326007326]
424,2026-02-02 14:21:01,[-98.9010989010989|-89.37728937728937|-113.55311355311355|-59.34065934065934|-116.48351648351648]
425,2026-02-02 14:21:01,[-135.53113553113553|-56.41025641025641|-37.362637362637365|-28.571428571428573|-88.64468864468864]
426,2026-02-02 14:21:01,[-90.10989010989012|-113.55311355311355|-115.01831501831502|-73.99267399267399|-148.71794871794873]
427,2026-02-02 14:21:01,[-88.64468864468864|-81.31868131868131|-150.1831501831502|-142.12454212454213|-32.234432234432234]
428,2026-02-02 14:21:01,[409.5238095238095|790.4761904761905|536.2637362637363|6.593406593406593|-324.54212454212455]
429,2026-02-02 14:21:01,[-192.67399267399267|-129.67032967032966|-120.14652014652015|-79.85347985347985|-125.27472527472527]
430,2026-02-02 14:21:01,[-72.52747252747253|-87.91208791208791|-78.3882783882784|-56.41025641025641|-109.89010989010988]
431,2026-02-02 14:21:01,[-96.7032967032967|-37.362637362637365|-64.46886446886447|-6.593406593406593|-53.47985347985348]
432,2026-02-02 14:21:01,[-12.454212454212454|-24.175824175824175|23.44322344322344|65.2014652014652|22.71062271062271]
433,2026-02-02 14:21:02,[79.12087912087912|115.01831501831502|134.06593406593407|169.23076923076923|124.54212454212454]
434,2026-02-02 14:21:02,[172.16117216117217|185.34798534798534|136.26373626373626|204.3956043956044|116.48351648351648]
435,2026-02-02 14:21:02,[53.47985347985348|-6.593406593406593|-40.29304029304029|-71.06227106227107|-182.41758241758242]
436,2026-02-02 14:21:02,[-164.83516483516485|-161.9047619047619|-191.2087912087912|-164.83516483516485|-252.74725274725276]
437,2026-02-02 14:21:02,[-252.74725274725276|-169.23076923076923|-206.5934065934066|-161.9047619047619|-212.45421245421247]
438,2026-02-02 14:21:02,[-200.73260073260073|-164.83516483516485|-189.74358974358975|-148.71794871794873|-180.21978021978023]
439,2026-02-02 14:21:02,[-170.6959706959707|-132.6007326007326|-208.7912087912088|-115.01831501831502|-164.83516483516485]
440,2026-02-02 14:21:02,[-216.11721611721612|-125.27472527472527|-170.6959706959707|-135.53113553113553|-199.26739926739927]
441,2026-02-02 14:21:02,[-132.6007326007326|-146.5201465201465|-204.3956043956044|-134.06593406593407|-153.1135531135531]
442,2026-02-02 14:21:02,[-149.45054945054946|-147.98534798534797|-179.48717948717947|-120.87912087912088|-167.03296703296704]
443,2026-02-02 14:21:02,[-150.1831501831502|-157.50915750915752|-146.5201465201465|-120.14652014652015|-167.03296703296704]
444,2026-02-02 14:21:02,[-117.94871794871794|-123.07692307692308|-164.83516483516485|-109.15750915750915|-145.78754578754578]
445,2026-02-02 14:21:02,[-109.15750915750915|-132.6007326007326|-157.50915750915752|-109.15750915750915|-145.05494505494505]
446,2026-02-02 14:21:02,[-158.97435897435898|-125.27472527472527|-132.6007326007326|-115.75091575091575|-167.76556776556777]
447,2026-02-02 14:21:02,[-87.17948717948718|-120.87912087912088|-117.94871794871794|-123.80952380952381|-120.14652014652015]
448,2026-02-02 14:21:02,[-86.44688644688645|-112.08791208791209|-142.85714285714286|-49.08424908424909|-66.66666666666667]
449,2026-02-02 14:21:02,[-120.87912087912088|-98.9010989010989|-76.19047619047619|-68.13186813186813|-156.04395604395606]
450,2026-02-02 14:21:02,[-118.68131868131869|-109.89010989010988|-148.71794871794873|-79.85347985347985|-116.48351648351648]
451,2026-02-02 14:21:02,[-132.6007326007326|-132.6007326007326|-12.454212454212454|349.45054945054943|578.021978021978]
452,2026-02-02 14:21:02,[434.43223443223445|-12.454212454212454|-343.5897435897436|-263.003663003663|-228.57142857142858]
453,2026-02-02 14:21:02,[-99.63369963369964|-95.97069597069597|-109.15750915750915|-39.56043956043956|-114.28571428571429]
454,2026-02-02 14:21:02,[-68.13186813186813|-48.35164835164835|-101.0989010989011|-60.8058608058608|-60.8058608058608]
455,2026-02-02 14:21:02,[-66.66666666666667|-33.6996336996337|-60.8058608058608|28.571428571428573|-12.454212454212454]
456,2026-02-02 14:21:02,[17.582417582417584|31.501831501831504|27.83882783882784|84.24908424908425|52.014652014652015]
457,2026-02-02 14:21:02,[104.76190476190476|172.16117216117217|134.7985347985348|186.08058608058607|139.9267399267399]
458,2026-02-02 14:21:02,[107.6923076923077|117.21611721611721|78.3882783882784|76.19047619047619|-30.76923076923077]
459,2026-02-02 14:21:03,[-79.85347985347985|-109.15750915750915|-123.07692307692308|-120.14652014652015|-178.75457875457874]
460,2026-02-02 14:21:03,[-180.95238095238096|-182.41758241758242|-201.46520146520146|-167.76556776556777|-204.3956043956044]
461,2026-02-02 14:21:03,[-217.58241758241758|-169.23076923076923|-213.1868131868132|-150.1831501831502|-195.6043956043956]
462,2026-02-02 14:21:03,[-150.1831501831502|-161.17216117216117|-142.85714285714286|-125.27472527472527|-157.50915750915752]
463,2026-02-02 14:21:03,[-112.08791208791209|-141.3919413919414|-182.41758241758242|-112.82051282051282|-167.76556776556777]
464,2026-02-02 14:21:03,[-207.32600732600733|-134.06593406593407|-175.0915750915751|-126.00732600732601|-159.7069597069597]
465,2026-02-02 14:21:03,[-145.78754578754578|-122.34432234432235|-153.1135531135531|-126.73992673992674|-159.7069597069597]
466,2026-02-02 14:21:03,[-103.2967032967033|-132.6007326007326|-183.88278388278388|-109.89010989010988|-156.7765567765568]
467,2026-02-02 14:21:03,[-180.95238095238096|-97.43589743589743|-145.78754578754578|-107.6923076923077|-145.05494505494505]
468,2026-02-02 14:21:03,[-132.6007326007326|-101.0989010989011|-157.50915750915752|-101.83150183150182|-145.05494505494505]
469,2026-02-02 14:21:03,[-98.9010989010989|-102.56410256410257|-141.3919413919414|-122.34432234432235|-141.3919413919414]
470,2026-02-02 14:21:03,[-142.85714285714286|-54.21245421245421|-103.2967032967033|-40.29304029304029|-99.63369963369964]
471,2026-02-02 14:21:03,[-96.7032967032967|-113.55311355311355|-132.6007326007326|-125.27472527472527|-120.87912087912088]
472,2026-02-02 14:21:03,[-123.07692307692308|-154.57875457875457|-166.3003663003663|-66.66666666666667|30.76923076923077]
473,2026-02-02 14:21:03,[279.1208791208791|497.43589743589746|214.65201465201466|-130.4029304029304|-342.12454212454213]
474,2026-02-02 14:21:03,[-249.08424908424908|-188.2783882783883|-150.91575091575092|-90.10989010989012|-94.50549450549451]
475,2026-02-02 14:21:03,[-103.2967032967033|-55.67765567765568|-112.08791208791209|-71.06227106227107|-110.62271062271063]
476,2026-02-02 14:21:03,[-42.49084249084249|-63.73626373626374|-107.6923076923077|-47.61904761904762|-72.52747252747253]
477,2026-02-02 14:21:03,[-2.197802197802198|-31.501831501831504|-73.26007326007326|13.91941391941392|6.593406593406593]
478,2026-02-02 14:21:03,[12.454212454212454|66.66666666666667|35.16483516483517|87.17948717948718|78.3882783882784]
479,2026-02-02 14:21:03,[52.747252747252745|68.13186813186813|52.014652014652015|75.45787545787546|5.128205128205129]
480,2026-02-02 14:21:03,[-32.967032967032964|-43.223443223443226|-122.34432234432235|-145.78754578754578|-188.2783882783883]
481,2026-02-02 14:21:03,[-143.5897435897436|-148.71794871794873|-220.51282051282053|-191.2087912087912|-228.57142857142858]
482,2026-02-02 14:21:03,[-223.44322344322345|-166.3003663003663|-208.7912087912088|-120.87912087912088|-180.95238095238096]
483,2026-02-02 14:21:03,[-167.76556776556777|-146.5201465201465|-178.75457875457874|-111.35531135531136|-172.16117216117217]
484,2026-02-02 14:21:04,[-193.4065934065934|-109.15750915750915|-147.98534798534797|-160.43956043956044|-173.62637362637363]
485,2026-02-02 14:21:04,[-208.7912087912088|-117.94871794871794|-164.83516483516485|-126.73992673992674|-156.04395604395606]
486,2026-02-02 14:21:04,[-157.50915750915752|-95.23809523809524|-169.96336996336996|-149.45054945054946|-179.48717948717947]
487,2026-02-02 14:21:04,[-123.80952380952381|-110.62271062271063|-120.14652014652015|-131.13553113553112|-142.85714285714286]
488,2026-02-02 14:21:04,[-173.62637362637363|-106.22710622710623|-145.78754578754578|-97.43589743589743|-167.76556776556777]
489,2026-02-02 14:21:04,[-113.55311355311355|-109.15750915750915|-136.996336996337|-79.85347985347985|-73.99267399267399]
490,2026-02-02 14:21:04,[-82.78388278388279|-71.7948717948718|-136.996336996337|-97.43589743589743|-134.7985347985348]
491,2026-02-02 14:21:04,[-157.50915750915752|-126.73992673992674|-134.06593406593407|-72.52747252747253|-147.25274725274724]
492,2026-02-02 14:21:04,[-97.43589743589743|13.91941391941392|202.1978021978022|474.72527472527474|252.74725274725276]
493,2026-02-02 14:21:04,[-41.02564102564103|-246.8864468864469|-268.13186813186815|-192.67399267399267|-107.6923076923077]
494,2026-02-02 14:21:04,[-108.42490842490842|-78.3882783882784|-119.41391941391942|-12.454212454212454|-101.83150183150182]
495,2026-02-02 14:21:04,[-66.66666666666667|-29.304029304029303|-61.53846153846154|-21.245421245421245|-60.8058608058608]
496,2026-02-02 14:21:04,[-32.967032967032964|18.315018315018314|-35.8974358974359|12.454212454212454|-29.304029304029303]
497,2026-02-02 14:21:04,[-41.75824175824176|72.52747252747253|38.827838827838825|90.10989010989012|110.62271062271063]
498,2026-02-02 14:21:04,[121.6117216117216|125.27472527472527|134.06593406593407|148.71794871794873|88.64468864468864]
499,2026-02-02 14:21:04,[85.71428571428571|60.8058608058608|-32.967032967032964|-6.593406593406593|-98.9010989010989]
500,2026-02-02 14:21:04,[-169.23076923076923|-96.7032967032967|-141.3919413919414|-150.1831501831502|-180.95238095238096]
501,2026-02-02 14:21:04,[-145.78754578754578|-135.53113553113553|-160.43956043956044|-147.98534798534797|-173.62637362637363]
502,2026-02-02 14:21:04,[-147.25274725274724|-107.6923076923077|-172.8937728937729|-118.68131868131869|-130.4029304029304]
503,2026-02-02 14:21:04,[-215.3846153846154|-84.24908424908425|-131.86813186813185|-96.7032967032967|-159.7069597069597]
504,2026-02-02 14:21:04,[-150.1831501831502|-109.15750915750915|-150.1831501831502|-103.2967032967033|-132.6007326007326]
505,2026-02-02 14:21:04,[-147.25274725274724|-113.55311355311355|-135.53113553113553|-103.2967032967033|-131.13553113553112]
506,2026-02-02 14:21:04,[-195.6043956043956|-97.43589743589743|-164.83516483516485|-101.83150183150182|-127.47252747252747]
507,2026-02-02 14:21:04,[-114.28571428571429|-96.7032967032967|-157.50915750915752|-95.97069597069597|-123.07692307692308]
508,2026-02-02 14:21:05,[-123.07692307692308|-95.97069597069597|-145.78754578754578|-123.80952380952381|-115.01831501831502]
509,2026-02-02 14:21:05,[-154.57875457875457|-110.62271062271063|-142.12454212454213|-78.3882783882784|-135.53113553113553]
510,2026-02-02 14:21:05,[-106.22710622710623|-73.26007326007326|-134.06593406593407|-95.97069597069597|-101.83150183150182]
511,2026-02-02 14:21:05,[-131.86813186813185|-89.37728937728937|-100.36630036630036|-32.967032967032964|-84.98168498168498]
512,2026-02-02 14:21:05,[-132.6007326007326|-63.73626373626374|-131.13553113553112|-75.45787545787546|-109.15750915750915]
513,2026-02-02 14:21:05,[-120.87912087912088|-104.02930402930403|-134.06593406593407|-109.89010989010988|-106.22710622710623]
514,2026-02-02 14:21:05,[76.92307692307692|473.992673992674|558.2417582417582|266.6666666666667|-173.62637362637363]
515,2026-02-02 14:21:05,[-349.45054945054943|-153.1135531135531|-160.43956043956044|-76.92307692307692|-79.85347985347985]
516,2026-02-02 14:21:05,[-106.22710622710623|-82.78388278388279|-118.68131868131869|-74.72527472527473|-84.24908424908425]
517,2026-02-02 14:21:05,[-79.85347985347985|-41.75824175824176|-97.43589743589743|-38.095238095238095|-54.94505494505494]
518,2026-02-02 14:21:05,[-79.85347985347985|-13.91941391941392|-49.08424908424909|19.78021978021978|13.91941391941392]
519,2026-02-02 14:21:05,[28.571428571428573|57.875457875457876|27.106227106227106|123.80952380952381|100.36630036630036]
520,2026-02-02 14:21:05,[122.34432234432235|147.25274725274724|88.64468864468864|134.06593406593407|97.43589743589743]
521,2026-02-02 14:21:05,[30.036630036630036|18.315018315018314|-60.8058608058608|-56.41025641025641|-125.27472527472527]
522,2026-02-02 14:21:05,[-145.78754578754578|-150.1831501831502|-200.73260073260073|-159.7069597069597|-153.84615384615384]
523,2026-02-02 14:21:05,[-175.0915750915751|-156.7765567765568|-211.7216117216117|-156.04395604395606|-178.02197802197801]
524,2026-02-02 14:21:05,[-238.0952380952381|-157.50915750915752|-190.47619047619048|-131.13553113553112|-147.25274725274724]
525,2026-02-02 14:21:05,[-172.16117216117217|-136.26373626373626|-167.76556776556777|-116.48351648351648|-152.38095238095238]
526,2026-02-02 14:21:05,[-136.996336996337|-118.68131868131869|-174.35897435897436|-142.85714285714286|-156.04395604395606]
527,2026-02-02 14:21:05,[-203.66300366300365|-108.42490842490842|-166.3003663003663|-141.3919413919414|-175.0915750915751]
528,2026-02-02 14:21:05,[-142.85714285714286|-98.9010989010989|-166.3003663003663|-130.4029304029304|-146.5201465201465]
529,2026-02-02 14:21:05,[-147.25274725274724|-97.43589743589743|-161.17216117216117|-132.6007326007326|-158.24175824175825]
530,2026-02-02 14:21:05,[-204.3956043956044|-110.62271062271063|-124.54212454212454|-98.16849816849818|-136.996336996337]
531,2026-02-02 14:21:05,[-188.2783882783883|-72.52747252747253|-134.06593406593407|-85.71428571428571|-124.54212454212454]
532,2026-02-02 14:21:05,[-161.17216117216117|-101.83150183150182|-126.73992673992674|-75.45787545787546|-101.83150183150182]
533,2026-02-02 14:21:05,[-194.13919413919413|-104.02930402930403|-119.41391941391942|-52.747252747252745|-63.73626373626374]
534,2026-02-02 14:21:06,[-72.52747252747253|-62.27106227106227|-126.00732600732601|-88.64468864468864|-112.08791208791209]
535,2026-02-02 14:21:06,[-123.07692307692308|-103.2967032967033|-156.04395604395606|-98.9010989010989|-142.85714285714286]
536,2026-02-02 14:21:06,[-183.15018315018315|-8.791208791208792|252.01465201465203|630.7692307692307|534.065934065934]
537,2026-02-02 14:21:06,[57.875457875457876|-241.75824175824175|-254.21245421245422|-119.41391941391942|-106.95970695970696]
538,2026-02-02 14:21:06,[-134.7985347985348|-98.9010989010989|-125.27472527472527|-49.81684981684982|-95.23809523809524]
539,2026-02-02 14:21:06,[-137.72893772893772|-60.8058608058608|-106.22710622710623|-30.76923076923077|-63.00366300366301]
540,2026-02-02 14:21:06,[-70.32967032967034|-49.08424908424909|-73.26007326007326|-3.663003663003663|5.128205128205129]
541,2026-02-02 14:21:06,[-2.197802197802198|39.56043956043956|5.86080586080586|76.19047619047619|79.85347985347985]
542,2026-02-02 14:21:06,[68.13186813186813|170.6959706959707|132.6007326007326|172.16117216117217|126.00732600732601]
543,2026-02-02 14:21:06,[116.48351648351648|134.06593406593407|37.362637362637365|46.15384615384615|-40.29304029304029]
544,2026-02-02 14:21:06,[-130.4029304029304|-115.01831501831502|-156.04395604395606|-153.1135531135531|-191.94139194139194]
545,2026-02-02 14:21:06,[-252.74725274725276|-178.75457875457874|-208.7912087912088|-180.21978021978023|-177.28937728937728]
546,2026-02-02 14:21:06,[-191.2087912087912|-158.97435897435898|-213.1868131868132|-150.1831501831502|-155.3113553113553]
547,2026-02-02 14:21:06,[-194.13919413919413|-144.32234432234432|-188.2783882783883|-134.7985347985348|-153.1135531135531]
548,2026-02-02 14:21:06,[-239.56043956043956|-131.13553113553112|-178.02197802197801|-142.12454212454213|-147.25274725274724]
549,2026-02-02 14:21:06,[-158.97435897435898|-142.85714285714286|-178.02197802197801|-166.3003663003663|-170.6959706959707]
550,2026-02-02 14:21:06,[-160.43956043956044|-111.35531135531136|-172.16117216117217|-142.85714285714286|-148.71794871794873]
551,2026-02-02 14:21:06,[-204.3956043956044|-112.08791208791209|-156.04395604395606|-128.2051282051282|-145.78754578754578]
552,2026-02-02 14:21:06,[-178.02197802197801|-106.22710622710623|-166.3003663003663|-98.9010989010989|-172.16117216117217]
553,2026-02-02 14:21:06,[-145.05494505494505|-79.85347985347985|-134.06593406593407|-97.43589743589743|-135.53113553113553]
554,2026-02-02 14:21:06,[-189.74358974358975|-90.10989010989012|-156.04395604395606|-126.73992673992674|-136.996336996337]
555,2026-02-02 14:21:06,[-117.94871794871794|-63.73626373626374|-128.2051282051282|-105.49450549450549|-107.6923076923077]
556,2026-02-02 14:21:06,[-122.34432234432235|-43.223443223443226|-87.17948717948718|-59.34065934065934|-75.45787545787546]
557,2026-02-02 14:21:06,[-131.13553113553112|-85.71428571428571|-132.6007326007326|-107.6923076923077|-87.17948717948718]
558,2026-02-02 14:21:06,[-122.34432234432235|-98.16849816849818|-135.53113553113553|-98.9010989010989|-131.86813186813185]
559,2026-02-02 14:21:07,[-13.91941391941392|448.35164835164835|661.5384615384615|440.2930402930403|-75.45787545787546]
560,2026-02-02 14:21:07,[-336.2637362637363|-153.1135531135531|-191.94139194139194|-62.27106227106227|-88.64468864468864]
561,2026-02-02 14:21:07,[-119.41391941391942|-56.41025641025641|-119.41391941391942|-84.24908424908425|-63.73626373626374]
562,2026-02-02 14:21:07,[-79.12087912087912|-52.014652014652015|-113.55311355311355|-9.523809523809524|-47.61904761904762]
563,2026-02-02 14:21:07,[-109.89010989010988|-2.93040293040293|-35.8974358974359|22.71062271062271|42.49084249084249]
564,2026-02-02 14:21:07,[10.989010989010989|64.46886446886447|72.52747252747253|136.996336996337|134.7985347985348]
565,2026-02-02 14:21:07,[147.25274725274724|205.86080586080587|131.13553113553112|145.05494505494505|186.8131868131868]
566,2026-02-02 14:21:07,[60.8058608058608|57.875457875457876|-16.117216117216117|-35.8974358974359|-99.63369963369964]
567,2026-02-02 14:21:07,[-170.6959706959707|-146.5201465201465|-206.5934065934066|-160.43956043956044|-191.94139194139194]
568,2026-02-02 14:21:07,[-213.1868131868132|-148.71794871794873|-179.48717948717947|-191.94139194139194|-170.6959706959707]
569,2026-02-02 14:21:07,[-255.67765567765568|-146.5201465201465|-196.33699633699635|-154.57875457875457|-169.23076923076923]
570,2026-02-02 14:21:07,[-205.86080586080587|-123.80952380952381|-161.9047619047619|-144.32234432234432|-161.17216117216117]
571,2026-02-02 14:21:07,[-176.55677655677655|-136.996336996337|-182.41758241758242|-129.67032967032966|-153.1135531135531]
572,2026-02-02 14:21:07,[-225.64102564102564|-125.27472527472527|-208.7912087912088|-170.6959706959707|-132.6007326007326]
573,2026-02-02 14:21:07,[-160.43956043956044|-123.07692307692308|-182.41758241758242|-136.996336996337|-123.80952380952381]
574,2026-02-02 14:21:07,[-167.03296703296704|-134.06593406593407|-177.28937728937728|-110.62271062271063|-123.80952380952381]
575,2026-02-02 14:21:07,[-216.11721611721612|-109.15750915750915|-156.7765567765568|-117.94871794871794|-115.01831501831502]
576,2026-02-02 14:21:07,[-123.80952380952381|-89.37728937728937|-148.71794871794873|-131.13553113553112|-118.68131868131869]
577,2026-02-02 14:21:07,[-127.47252747252747|-97.43589743589743|-136.996336996337|-88.64468864468864|-98.16849816849818]
578,2026-02-02 14:21:07,[-172.8937728937729|-102.56410256410257|-112.08791208791209|-40.29304029304029|-50.54945054945055]
579,2026-02-02 14:21:07,[-82.78388278388279|-49.08424908424909|-109.15750915750915|-123.80952380952381|-56.41025641025641]
580,2026-02-02 14:21:07,[-113.55311355311355|-82.78388278388279|-130.4029304029304|-133.33333333333334|-113.55311355311355]
581,2026-02-02 14:21:07,[-196.33699633699635|-31.501831501831504|198.53479853479854|661.5384615384615|650.5494505494505]
582,2026-02-02 14:21:07,[103.2967032967033|-249.8168498168498|-282.7838827838828|-153.1135531135531|-111.35531135531136]
583,2026-02-02 14:21:07,[-122.34432234432235|-65.2014652014652|-120.14652014652015|-80.58608058608058|-70.32967032967034]
584,2026-02-02 14:21:07,[-144.32234432234432|-40.29304029304029|-85.71428571428571|-59.34065934065934|-47.61904761904762]
585,2026-02-02 14:21:08,[-60.8058608058608|-5.128205128205129|-28.571428571428573|-8.058608058608058|-13.186813186813186]
586,2026-02-02 14:21:08,[8.058608058608058|73.99267399267399|54.94505494505494|80.58608058608058|53.47985347985348]
587,2026-02-02 14:21:08,[116.48351648351648|208.7912087912088|154.57875457875457|170.6959706959707|163.36996336996336]
588,2026-02-02 14:21:08,[137.72893772893772|175.0915750915751|79.85347985347985|-7.326007326007326|-12.454212454212454]
589,2026-02-02 14:21:08,[-113.55311355311355|-77.65567765567765|-157.50915750915752|-158.97435897435898|-167.03296703296704]
590,2026-02-02 14:21:08,[-234.43223443223442|-166.3003663003663|-191.2087912087912|-207.32600732600733|-181.6849816849817]
591,2026-02-02 14:21:08,[-196.33699633699635|-174.35897435897436|-161.9047619047619|-164.83516483516485|-157.50915750915752]
592,2026-02-02 14:21:08,[-178.02197802197801|-142.85714285714286|-158.97435897435898|-179.48717948717947|-160.43956043956044]
593,2026-02-02 14:21:08,[-225.64102564102564|-112.08791208791209|-181.6849816849817|-189.74358974358975|-141.3919413919414]
594,2026-02-02 14:21:08,[-156.04395604395606|-142.85714285714286|-188.2783882783883|-166.3003663003663|-143.5897435897436]
595,2026-02-02 14:21:08,[-173.62637362637363|-132.6007326007326|-147.25274725274724|-153.1135531135531|-134.06593406593407]
596,2026-02-02 14:21:08,[-205.12820512820514|-112.08791208791209|-164.83516483516485|-158.97435897435898|-129.67032967032966]
597,2026-02-02 14:21:08,[-160.43956043956044|-134.06593406593407|-131.86813186813185|-106.22710622710623|-107.6923076923077]
598,2026-02-02 14:21:08,[-150.1831501831502|-115.01831501831502|-142.85714285714286|-109.15750915750915|-106.22710622710623]
599,2026-02-02 14:21:08,[-180.95238095238096|-85.71428571428571|-122.34432234432235|-113.55311355311355|-79.85347985347985]
600,2026-02-02 14:21:08,[-112.08791208791209|-72.52747252747253|-133.33333333333334|-63.73626373626374|-29.304029304029303]
601,2026-02-02 14:21:08,[-76.19047619047619|-55.67765567765568|-109.15750915750915|-103.2967032967033|-100.36630036630036]
602,2026-02-02 14:21:08,[-173.62637362637363|-87.91208791208791|-112.08791208791209|-79.85347985347985|-122.34432234432235]
603,2026-02-02 14:21:08,[-145.78754578754578|97.43589743589743|500.3663003663004|753.8461538461538|357.5091575091575]
604,2026-02-02 14:21:08,[-234.43223443223442|-322.34432234432234|-207.32600732600733|-90.10989010989012|-106.22710622710623]
605,2026-02-02 14:21:08,[-148.71794871794873|-65.2014652014652|-102.56410256410257|-72.52747252747253|-71.06227106227107]
606,2026-02-02 14:21:08,[-76.92307692307692|-41.02564102564103|-64.46886446886447|-55.67765567765568|-8.058608058608058]
607,2026-02-02 14:21:08,[-76.92307692307692|-5.86080586080586|-18.315018315018314|21.245421245421245|30.036630036630036]
608,2026-02-02 14:21:08,[-19.047619047619047|73.99267399267399|66.66666666666667|126.73992673992674|132.6007326007326]
609,2026-02-02 14:21:09,[124.54212454212454|208.7912087912088|178.02197802197801|179.48717948717947|179.48717948717947]
610,2026-02-02 14:21:09,[116.48351648351648|116.48351648351648|32.234432234432234|-24.90842490842491|-30.76923076923077]
611,2026-02-02 14:21:09,[-150.1831501831502|-119.41391941391942|-195.6043956043956|-193.4065934065934|-158.97435897435898]
612,2026-02-02 14:21:09,[-223.44322344322345|-190.47619047619048|-219.78021978021977|-180.21978021978023|-164.83516483516485]
613,2026-02-02 14:21:09,[-219.04761904761904|-172.16117216117217|-183.88278388278388|-192.67399267399267|-169.23076923076923]
614,2026-02-02 14:21:09,[-220.51282051282053|-103.2967032967033|-180.21978021978023|-195.6043956043956|-156.04395604395606]
615,2026-02-02 14:21:09,[-208.05860805860806|-143.5897435897436|-178.02197802197801|-168.4981684981685|-150.1831501831502]
616,2026-02-02 14:21:09,[-213.1868131868132|-153.1135531135531|-176.55677655677655|-150.1831501831502|-147.25274725274724]
617,2026-02-02 14:21:09,[-205.86080586080587|-157.50915750915752|-178.02197802197801|-154.57875457875457|-170.6959706959707]
618,2026-02-02 14:21:09,[-169.23076923076923|-127.47252747252747|-178.75457875457874|-156.7765567765568|-122.34432234432235]
619,2026-02-02 14:21:09,[-169.23076923076923|-114.28571428571429|-168.4981684981685|-131.86813186813185|-133.33333333333334]
620,2026-02-02 14:21:09,[-179.48717948717947|-135.53113553113553|-154.57875457875457|-125.27472527472527|-106.22710622710623]
621,2026-02-02 14:21:09,[-159.7069597069597|-118.68131868131869|-84.24908424908425|-75.45787545787546|-63.00366300366301]
622,2026-02-02 14:21:09,[-103.2967032967033|-113.55311355311355|-178.02197802197801|-136.996336996337|-109.89010989010988]
623,2026-02-02 14:21:09,[-182.41758241758242|-102.56410256410257|-167.76556776556777|-159.7069597069597|-43.223443223443226]
624,2026-02-02 14:21:09,[178.02197802197801|624.9084249084249|636.6300366300367|120.87912087912088|-318.68131868131866]
625,2026-02-02 14:21:09,[-361.17216117216117|-214.65201465201466|-143.5897435897436|-97.43589743589743|-82.78388278388279]
626,2026-02-02 14:21:09,[-149.45054945054946|-52.014652014652015|-119.41391941391942|-101.83150183150182|-30.76923076923077]
627,2026-02-02 14:21:09,[-134.7985347985348|-43.223443223443226|-67.3992673992674|-68.13186813186813|-20.512820512820515]
628,2026-02-02 14:21:09,[-41.75824175824176|32.967032967032964|-27.106227106227106|13.91941391941392|52.014652014652015]
629,2026-02-02 14:21:09,[19.047619047619047|110.62271062271063|101.83150183150182|110.62271062271063|197.06959706959708]
630,2026-02-02 14:21:09,[156.04395604395606|182.41758241758242|168.4981684981685|160.43956043956044|148.71794871794873]
631,2026-02-02 14:21:09,[31.501831501831504|4.395604395604396|-56.41025641025641|-82.78388278388279|-99.63369963369964]
632,2026-02-02 14:21:09,[-194.13919413919413|-169.23076923076923|-212.45421245421247|-211.7216117216117|-144.32234432234432]
633,2026-02-02 14:21:09,[-219.04761904761904|-202.93040293040292|-197.06959706959708|-180.95238095238096|-173.62637362637363]
634,2026-02-02 14:21:10,[-200.0|-141.3919413919414|-192.67399267399267|-202.1978021978022|-117.94871794871794]
635,2026-02-02 14:21:10,[-183.15018315018315|-154.57875457875457|-188.2783882783883|-172.16117216117217|-129.67032967032966]
636,2026-02-02 14:21:10,[-176.55677655677655|-140.65934065934067|-176.55677655677655|-158.97435897435898|-146.5201465201465]
637,2026-02-02 14:21:10,[-183.88278388278388|-123.80952380952381|-164.83516483516485|-201.46520146520146|-125.27472527472527]
638,2026-02-02 14:21:10,[-167.76556776556777|-141.3919413919414|-173.62637362637363|-153.1135531135531|-101.83150183150182]
639,2026-02-02 14:21:10,[-182.41758241758242|-123.80952380952381|-150.1831501831502|-175.0915750915751|-144.32234432234432]
640,2026-02-02 14:21:10,[-133.33333333333334|-95.23809523809524|-153.1135531135531|-147.25274725274724|-98.16849816849818]
641,2026-02-02 14:21:10,[-131.86813186813185|-106.95970695970696|-136.996336996337|-97.43589743589743|-98.9010989010989]
642,2026-02-02 14:21:10,[-124.54212454212454|-39.56043956043956|-73.99267399267399|-106.22710622710623|-79.12087912087912]
643,2026-02-02 14:21:10,[-153.1135531135531|-106.95970695970696|-123.80952380952381|-146.5201465201465|-122.34432234432235]
644,2026-02-02 14:21:10,[-132.6007326007326|-122.34432234432235|-114.28571428571429|53.47985347985348|491.57509157509156]
645,2026-02-02 14:21:10,[719.4139194139194|391.94139194139194|-192.67399267399267|-384.61538461538464|-220.51282051282053]
646,2026-02-02 14:21:10,[-144.32234432234432|-60.07326007326007|-106.22710622710623|-123.07692307692308|-53.47985347985348]
647,2026-02-02 14:21:10,[-109.89010989010988|-64.46886446886447|-71.06227106227107|-73.99267399267399|-15.384615384615385]
648,2026-02-02 14:21:10,[-59.34065934065934|-31.501831501831504|-49.08424908424909|-27.106227106227106|6.593406593406593]
649,2026-02-02 14:21:10,[-7.326007326007326|62.27106227106227|34.43223443223443|34.43223443223443|104.76190476190476]
650,2026-02-02 14:21:10,[87.91208791208791|158.24175824175825|146.5201465201465|167.76556776556777|214.65201465201466]
651,2026-02-02 14:21:10,[139.9267399267399|184.6153846153846|150.1831501831502|82.05128205128206|63.73626373626374]
652,2026-02-02 14:21:10,[-37.362637362637365|-71.06227106227107|-101.83150183150182|-172.16117216117217|-157.50915750915752]
653,2026-02-02 14:21:10,[-204.3956043956044|-153.1135531135531|-194.13919413919413|-202.93040293040292|-180.95238095238096]
654,2026-02-02 14:21:10,[-208.7912087912088|-126.73992673992674|-189.74358974358975|-204.3956043956044|-132.6007326007326]
655,2026-02-02 14:21:10,[-208.7912087912088|-145.78754578754578|-147.98534798534797|-180.21978021978023|-133.33333333333334]
656,2026-02-02 14:21:10,[-191.2087912087912|-123.07692307692308|-171.42857142857142|-189.74358974358975|-141.3919413919414]
657,2026-02-02 14:21:10,[-200.0|-153.1135531135531|-166.3003663003663|-161.17216117216117|-112.82051282051282]
658,2026-02-02 14:21:11,[-178.02197802197801|-126.00732600732601|-181.6849816849817|-172.8937728937729|-132.6007326007326]
659,2026-02-02 14:21:11,[-200.73260073260073|-153.1135531135531|-145.78754578754578|-160.43956043956044|-115.01831501831502]
660,2026-02-02 14:21:11,[-141.3919413919414|-120.14652014652015|-158.97435897435898|-156.04395604395606|-100.36630036630036]
661,2026-02-02 14:21:11,[-173.62637362637363|-134.06593406593407|-134.7985347985348|-153.1135531135531|-85.71428571428571]
662,2026-02-02 14:21:11,[-134.06593406593407|-89.37728937728937|-85.71428571428571|-73.99267399267399|-53.47985347985348]
663,2026-02-02 14:21:11,[-103.2967032967033|-113.55311355311355|-164.10256410256412|-154.57875457875457|-82.78388278388279]
664,2026-02-02 14:21:11,[-153.84615384615384|-101.83150183150182|-154.57875457875457|-172.16117216117217|-94.50549450549451]
665,2026-02-02 14:21:11,[66.66666666666667|523.0769230769231|724.5421245421245|252.74725274725276|-217.58241758241758]
666,2026-02-02 14:21:11,[-359.7069597069597|-216.11721611721612|-191.2087912087912|-112.08791208791209|-75.45787545787546]
667,2026-02-02 14:21:11,[-115.01831501831502|-85.71428571428571|-76.19047619047619|-101.83150183150182|-54.21245421245421]
668,2026-02-02 14:21:11,[-100.36630036630036|-61.53846153846154|-52.014652014652015|-55.67765567765568|-12.454212454212454]
669,2026-02-02 14:21:11,[-62.27106227106227|-2.197802197802198|29.304029304029303|8.791208791208792|53.47985347985348]
670,2026-02-02 14:21:11,[30.036630036630036|72.52747252747253|97.43589743589743|146.5201465201465|183.88278388278388]
671,2026-02-02 14:21:11,[131.86813186813185|177.28937728937728|183.88278388278388|139.9267399267399|150.1831501831502]
672,2026-02-02 14:21:11,[69.59706959706959|30.036630036630036|-30.036630036630036|-88.64468864468864|-101.83150183150182]
673,2026-02-02 14:21:11,[-192.67399267399267|-158.97435897435898|-176.55677655677655|-223.44322344322345|-189.01098901098902]
674,2026-02-02 14:21:11,[-204.3956043956044|-172.16117216117217|-207.32600732600733|-229.3040293040293|-158.97435897435898]
675,2026-02-02 14:21:11,[-192.67399267399267|-160.43956043956044|-188.2783882783883|-200.0|-141.3919413919414]
676,2026-02-02 14:21:11,[-196.33699633699635|-178.02197802197801|-164.83516483516485|-169.23076923076923|-155.3113553113553]
677,2026-02-02 14:21:11,[-207.32600732600733|-155.3113553113553|-157.50915750915752|-194.13919413919413|-153.1135531135531]
678,2026-02-02 14:21:11,[-211.7216117216117|-153.1135531135531|-150.1831501831502|-182.41758241758242|-123.80952380952381]
679,2026-02-02 14:21:11,[-199.26739926739927|-138.46153846153845|-164.83516483516485|-177.28937728937728|-132.6007326007326]
680,2026-02-02 14:21:11,[-205.12820512820514|-164.83516483516485|-129.67032967032966|-169.23076923076923|-142.85714285714286]
681,2026-02-02 14:21:11,[-182.41758241758242|-150.1831501831502|-156.04395604395606|-147.25274725274724|-115.01831501831502]
682,2026-02-02 14:21:11,[-158.97435897435898|-135.53113553113553|-134.06593406593407|-145.05494505494505|-71.06227106227107]
683,2026-02-02 14:21:11,[-108.42490842490842|-73.99267399267399|-126.73992673992674|-176.55677655677655|-113.55311355311355]
684,2026-02-02 14:21:12,[-167.76556776556777|-145.05494505494505|-142.85714285714286|-164.10256410256412|-145.05494505494505]
685,2026-02-02 14:21:12,[-201.46520146520146|-38.827838827838825|242.49084249084248|600.0|635.8974358974359]
686,2026-02-02 14:21:12,[5.86080586080586|-358.24175824175825|-328.93772893772893|-224.9084249084249|-122.34432234432235]
687,2026-02-02 14:21:12,[-178.75457875457874|-115.75091575091575|-87.91208791208791|-135.53113553113553|-87.91208791208791]
688,2026-02-02 14:21:12,[-112.08791208791209|-71.7948717948718|-112.82051282051282|-90.10989010989012|-29.304029304029303]
689,2026-02-02 14:21:12,[-98.9010989010989|-40.29304029304029|-52.014652014652015|-43.223443223443226|16.84981684981685]
690,2026-02-02 14:21:12,[-19.78021978021978|52.747252747252745|34.43223443223443|39.56043956043956|122.34432234432235]
691,2026-02-02 14:21:12,[115.01831501831502|154.57875457875457|123.07692307692308|131.13553113553112|178.75457875457874]
692,2026-02-02 14:21:12,[81.31868131868131|100.36630036630036|64.46886446886447|-38.827838827838825|-57.142857142857146]
693,2026-02-02 14:21:12,[-161.9047619047619|-147.25274725274724|-189.01098901098902|-235.89743589743588|-182.41758241758242]
694,2026-02-02 14:21:12,[-242.49084249084248|-217.58241758241758|-205.86080586080587|-241.02564102564102|-180.95238095238096]
695,2026-02-02 14:21:12,[-241.02564102564102|-174.35897435897436|-204.3956043956044|-225.64102564102564|-170.6959706959707]
696,2026-02-02 14:21:12,[-212.45421245421247|-182.41758241758242|-203.66300366300365|-238.0952380952381|-142.85714285714286]
697,2026-02-02 14:21:12,[-202.93040293040292|-173.62637362637363|-170.6959706959707|-227.83882783882783|-143.5897435897436]
698,2026-02-02 14:21:12,[-205.86080586080587|-181.6849816849817|-189.74358974358975|-205.86080586080587|-169.23076923076923]
699,2026-02-02 14:21:12,[-200.0|-167.76556776556777|-182.41758241758242|-205.86080586080587|-117.94871794871794]
700,2026-02-02 14:21:12,[-166.3003663003663|-168.4981684981685|-164.83516483516485|-205.86080586080587|-120.14652014652015]
701,2026-02-02 14:21:12,[-188.2783882783883|-156.04395604395606|-153.1135531135531|-173.62637362637363|-135.53113553113553]
702,2026-02-02 14:21:12,[-142.85714285714286|-124.54212454212454|-106.22710622710623|-157.50915750915752|-64.46886446886447]
703,2026-02-02 14:21:12,[-95.97069597069597|-106.22710622710623|-164.83516483516485|-192.67399267399267|-105.49450549450549]
704,2026-02-02 14:21:12,[-159.7069597069597|-123.80952380952381|-176.55677655677655|-170.6959706959707|-122.34432234432235]
705,2026-02-02 14:21:12,[-84.98168498168498|299.6336996336996|712.0879120879121|478.38827838827837|22.71062271062271]
706,2026-02-02 14:21:12,[-396.3369963369963|-299.6336996336996|-191.94139194139194|-135.53113553113553|-68.13186813186813]
707,2026-02-02 14:21:12,[-142.85714285714286|-106.22710622710623|-90.10989010989012|-123.80952380952381|-52.747252747252745]
708,2026-02-02 14:21:12,[-112.08791208791209|-52.747252747252745|-25.641025641025642|-60.07326007326007|-12.454212454212454]
709,2026-02-02 14:21:13,[-60.07326007326007|-16.117216117216117|28.571428571428573|-3.663003663003663|43.223443223443226]
710,2026-02-02 14:21:13,[15.384615384615385|79.85347985347985|93.04029304029304|128.2051282051282|194.13919413919413]
711,2026-02-02 14:21:13,[147.25274725274724|191.2087912087912|180.95238095238096|138.46153846153845|183.88278388278388]
712,2026-02-02 14:21:13,[84.24908424908425|63.73626373626374|-2.197802197802198|-101.83150183150182|-80.58608058608058]
713,2026-02-02 14:21:13,[-169.96336996336996|-170.6959706959707|-168.4981684981685|-229.3040293040293|-158.97435897435898]
714,2026-02-02 14:21:13,[-197.06959706959708|-188.2783882783883|-169.96336996336996|-236.63003663003664|-153.1135531135531]
715,2026-02-02 14:21:13,[-193.4065934065934|-161.9047619047619|-169.96336996336996|-202.93040293040292|-120.87912087912088]
716,2026-02-02 14:21:13,[-170.6959706959707|-167.76556776556777|-147.98534798534797|-166.3003663003663|-141.3919413919414]
717,2026-02-02 14:21:13,[-180.95238095238096|-142.85714285714286|-146.5201465201465|-208.7912087912088|-141.3919413919414]
718,2026-02-02 14:21:13,[-191.2087912087912|-132.6007326007326|-128.2051282051282|-207.32600732600733|-134.7985347985348]
719,2026-02-02 14:21:13,[-169.96336996336996|-150.1831501831502|-120.87912087912088|-196.33699633699635|-132.6007326007326]
720,2026-02-02 14:21:13,[-170.6959706959707|-134.06593406593407|-112.08791208791209|-142.85714285714286|-98.9010989010989]
721,2026-02-02 14:21:13,[-147.98534798534797|-115.01831501831502|-79.12087912087912|-110.62271062271063|-49.08424908424909]
722,2026-02-02 14:21:13,[-120.87912087912088|-123.07692307692308|-136.996336996337|-133.33333333333334|-97.43589743589743]
723,2026-02-02 14:21:13,[-161.17216117216117|-111.35531135531136|-119.41391941391942|-178.02197802197801|-98.16849816849818]
724,2026-02-02 14:21:13,[-56.41025641025641|243.2234432234432|663.003663003663|576.5567765567765|76.92307692307692]
725,2026-02-02 14:21:13,[-394.87179487179486|-312.8205128205128|-191.2087912087912|-144.32234432234432|-49.08424908424909]
726,2026-02-02 14:21:13,[-141.3919413919414|-90.10989010989012|-62.27106227106227|-101.83150183150182|-25.641025641025642]
727,2026-02-02 14:21:13,[-101.83150183150182|-71.06227106227107|-21.245421245421245|-63.00366300366301|-32.234432234432234]
728,2026-02-02 14:21:13,[-31.501831501831504|15.384615384615385|26.373626373626372|-5.128205128205129|59.34065934065934]
729,2026-02-02 14:21:13,[30.036630036630036|97.43589743589743|125.27472527472527|119.41391941391942|194.13919413919413]
730,2026-02-02 14:21:13,[157.50915750915752|207.32600732600733|210.25641025641025|131.86813186813185|201.46520146520146]
731,2026-02-02 14:21:13,[104.02930402930403|56.41025641025641|-13.91941391941392|-98.9010989010989|-65.2014652014652]
732,2026-02-02 14:21:13,[-158.97435897435898|-169.23076923076923|-165.56776556776558|-201.46520146520146|-158.97435897435898]
733,2026-02-02 14:21:13,[-191.2087912087912|-173.62637362637363|-169.23076923076923|-191.2087912087912|-164.83516483516485]
734,2026-02-02 14:21:13,[-179.48717948717947|-150.1831501831502|-172.8937728937729|-170.6959706959707|-99.63369963369964]
735,2026-02-02 14:21:14,[-159.7069597069597|-132.6007326007326|-136.996336996337|-189.74358974358975|-141.3919413919414]
736,2026-02-02 14:21:14,[-178.02197802197801|-155.3113553113553|-123.80952380952381|-181.6849816849817|-136.996336996337]
737,2026-02-02 14:21:14,[-172.16117216117217|-124.54212454212454|-119.41391941391942|-182.41758241758242|-117.94871794871794]
738,2026-02-02 14:21:14,[-190.47619047619048|-160.43956043956044|-141.3919413919414|-155.3113553113553|-98.9010989010989]
739,2026-02-02 14:21:14,[-150.1831501831502|-147.98534798534797|-120.87912087912088|-158.24175824175825|-85.71428571428571]
740,2026-02-02 14:21:14,[-158.24175824175825|-129.67032967032966|-103.2967032967033|-153.84615384615384|-66.66666666666667]
741,2026-02-02 14:21:14,[-100.36630036630036|-82.78388278388279|-43.956043956043956|-133.33333333333334|-114.28571428571429]
742,2026-02-02 14:21:14,[-126.73992673992674|-123.80952380952381|-129.67032967032966|-176.55677655677655|-87.17948717948718]
743,2026-02-02 14:21:14,[-143.5897435897436|-195.6043956043956|26.373626373626372|345.7875457875458|744.3223443223443]
744,2026-02-02 14:21:14,[545.054945054945|-38.827838827838825|-336.996336996337|-314.2857142857143|-156.7765567765568]
745,2026-02-02 14:21:14,[-106.22710622710623|-110.62271062271063|-88.64468864468864|-130.4029304029304|-61.53846153846154]
746,2026-02-02 14:21:14,[-72.52747252747253|-72.52747252747253|-41.75824175824176|-87.17948717948718|-21.245421245421245]
747,2026-02-02 14:21:14,[-53.47985347985348|-42.49084249084249|-8.058608058608058|-47.61904761904762|10.989010989010989]
748,2026-02-02 14:21:14,[-7.326007326007326|53.47985347985348|84.24908424908425|46.15384615384615|154.57875457875457]
749,2026-02-02 14:21:14,[113.55311355311355|147.98534798534797|179.48717948717947|158.97435897435898|183.88278388278388]
750,2026-02-02 14:21:14,[145.78754578754578|132.6007326007326|119.41391941391942|19.78021978021978|-14.652014652014651]
751,2026-02-02 14:21:14,[-68.13186813186813|-112.08791208791209|-124.54212454212454|-213.1868131868132|-166.3003663003663]
752,2026-02-02 14:21:14,[-183.88278388278388|-204.3956043956044|-200.73260073260073|-220.51282051282053|-157.50915750915752]
753,2026-02-02 14:21:14,[-189.01098901098902|-178.02197802197801|-154.57875457875457|-213.1868131868132|-167.76556776556777]
754,2026-02-02 14:21:14,[-172.16117216117217|-173.62637362637363|-153.84615384615384|-197.06959706959708|-153.1135531135531]
755,2026-02-02 14:21:14,[-240.2930402930403|-136.996336996337|-119.41391941391942|-188.2783882783883|-155.3113553113553]
756,2026-02-02 14:21:14,[-213.91941391941393|-170.6959706959707|-144.32234432234432|-196.33699633699635|-157.50915750915752]
757,2026-02-02 14:21:14,[-192.67399267399267|-135.53113553113553|-143.5897435897436|-200.0|-113.55311355311355]
758,2026-02-02 14:21:14,[-166.3003663003663|-148.71794871794873|-112.82051282051282|-167.76556776556777|-123.07692307692308]
759,2026-02-02 14:21:15,[-166.3003663003663|-144.32234432234432|-120.14652014652015|-166.3003663003663|-113.55311355311355]
760,2026-02-02 14:21:15,[-165.56776556776558|-126.73992673992674|-98.16849816849818|-134.06593406593407|-84.24908424908425]
761,2026-02-02 14:21:15,[-103.2967032967033|-101.83150183150182|-60.8058608058608|-113.55311355311355|-95.97069597069597]
762,2026-02-02 14:21:15,[-136.996336996337|-156.04395604395606|-79.85347985347985|-159.7069597069597|-106.22710622710623]
763,2026-02-02 14:21:15,[-119.41391941391942|-166.3003663003663|-107.6923076923077|26.373626373626372|446.8864468864469]
764,2026-02-02 14:21:15,[791.9413919413919|408.05860805860806|-150.1831501831502|-367.76556776556777|-207.32600732600733]
765,2026-02-02 14:21:15,[-167.03296703296704|-106.22710622710623|-52.747252747252745|-112.08791208791209|-73.26007326007326]
766,2026-02-02 14:21:15,[-106.22710622710623|-103.2967032967033|-31.501831501831504|-97.43589743589743|-40.29304029304029]
767,2026-02-02 14:21:15,[-50.54945054945055|-62.27106227106227|-16.117216117216117|-38.827838827838825|21.245421245421245]
768,2026-02-02 14:21:15,[-0.7326007326007326|-5.86080586080586|59.34065934065934|46.88644688644688|113.55311355311355]
769,2026-02-02 14:21:15,[88.64468864468864|112.08791208791209|178.02197802197801|147.25274725274724|204.3956043956044]
770,2026-02-02 14:21:15,[161.9047619047619|155.3113553113553|156.04395604395606|38.827838827838825|63.00366300366301]
771,2026-02-02 14:21:15,[-26.373626373626372|-97.43589743589743|-101.0989010989011|-197.06959706959708|-154.57875457875457]
772,2026-02-02 14:21:15,[-155.3113553113553|-181.6849816849817|-192.67399267399267|-210.25641025641025|-173.62637362637363]
773,2026-02-02 14:21:15,[-207.32600732600733|-200.0|-153.1135531135531|-219.04761904761904|-131.13553113553112]
774,2026-02-02 14:21:15,[-191.2087912087912|-211.7216117216117|-115.75091575091575|-174.35897435897436|-127.47252747252747]
775,2026-02-02 14:21:15,[-170.6959706959707|-200.73260073260073|-156.04395604395606|-182.41758241758242|-126.73992673992674]
776,2026-02-02 14:21:15,[-172.16117216117217|-194.13919413919413|-142.12454212454213|-172.16117216117217|-153.1135531135531]
777,2026-02-02 14:21:15,[-146.5201465201465|-166.3003663003663|-129.67032967032966|-201.46520146520146|-123.07692307692308]
778,2026-02-02 14:21:15,[-164.83516483516485|-161.17216117216117|-153.1135531135531|-167.03296703296704|-132.6007326007326]
779,2026-02-02 14:21:15,[-161.17216117216117|-123.80952380952381|-126.73992673992674|-177.28937728937728|-95.97069597069597]
780,2026-02-02 14:21:15,[-115.75091575091575|-145.78754578754578|-126.73992673992674|-160.43956043956044|-109.89010989010988]
781,2026-02-02 14:21:15,[-149.45054945054946|-108.42490842490842|-81.31868131868131|-142.85714285714286|-82.78388278388279]
782,2026-02-02 14:21:15,[-71.7948717948718|-66.66666666666667|-50.54945054945055|-133.33333333333334|-112.08791208791209]
783,2026-02-02 14:21:15,[-136.996336996337|-155.3113553113553|-84.98168498168498|-150.1831501831502|-94.50549450549451]
784,2026-02-02 14:21:16,[-136.996336996337|-170.6959706959707|-43.223443223443226|207.32600732600733|684.981684981685]
785,2026-02-02 14:21:16,[665.934065934066|84.24908424908425|-320.8791208791209|-290.1098901098901|-147.25274725274724]
786,2026-02-02 14:21:16,[-136.996336996337|-135.53113553113553|-62.27106227106227|-110.62271062271063|-76.92307692307692]
787,2026-02-02 14:21:16,[-94.50549450549451|-111.35531135531136|-44.688644688644686|-81.31868131868131|-43.223443223443226]
788,2026-02-02 14:21:16,[-62.27106227106227|-47.61904761904762|-21.245421245421245|-50.54945054945055|28.571428571428573]
789,2026-02-02 14:21:16,[5.128205128205129|-16.117216117216117|68.13186813186813|54.94505494505494|116.48351648351648]
790,2026-02-02 14:21:16,[101.83150183150182|110.62271062271063|193.4065934065934|166.3003663003663|205.12820512820514]
791,2026-02-02 14:21:16,[151.64835164835165|128.2051282051282|138.46153846153845|37.362637362637365|27.106227106227106]
792,2026-02-02 14:21:16,[-74.72527472527473|-125.27472527472527|-123.80952380952381|-173.62637362637363|-166.3003663003663]
793,2026-02-02 14:21:16,[-189.74358974358975|-205.86080586080587|-181.6849816849817|-242.49084249084248|-177.28937728937728]
794,2026-02-02 14:21:16,[-213.1868131868132|-227.83882783882783|-153.1135531135531|-204.3956043956044|-161.17216117216117]
795,2026-02-02 14:21:16,[-193.4065934065934|-180.95238095238096|-100.36630036630036|-172.8937728937729|-171.42857142857142]
796,2026-02-02 14:21:16,[-175.0915750915751|-191.94139194139194|-141.3919413919414|-193.4065934065934|-159.7069597069597]
797,2026-02-02 14:21:16,[-180.95238095238096|-178.02197802197801|-149.45054945054946|-191.2087912087912|-131.86813186813185]
798,2026-02-02 14:21:16,[-157.50915750915752|-191.94139194139194|-120.87912087912088|-190.47619047619048|-150.1831501831502]
799,2026-02-02 14:21:16,[-149.45054945054946|-147.98534798534797|-150.1831501831502|-188.2783882783883|-115.01831501831502]
800,2026-02-02 14:21:16,[-156.04395604395606|-161.9047619047619|-97.43589743589743|-160.43956043956044|-134.06593406593407]
801,2026-02-02 14:21:16,[-124.54212454212454|-158.97435897435898|-112.08791208791209|-160.43956043956044|-109.89010989010988]
802,2026-02-02 14:21:16,[-129.67032967032966|-167.76556776556777|-84.24908424908425|-115.01831501831502|-81.31868131868131]
803,2026-02-02 14:21:16,[-134.06593406593407|-141.3919413919414|-76.92307692307692|-141.3919413919414|-99.63369963369964]
804,2026-02-02 14:21:16,[-84.24908424908425|-87.91208791208791|-16.84981684981685|-86.44688644688645|-43.223443223443226]
805,2026-02-02 14:21:16,[-88.64468864468864|-141.3919413919414|-109.15750915750915|-160.43956043956044|-95.97069597069597]
806,2026-02-02 14:21:16,[-125.27472527472527|-143.5897435897436|-148.71794871794873|-82.78388278388279|295.97069597069594]
807,2026-02-02 14:21:16,[735.5311355311355|597.0695970695971|68.13186813186813|-368.4981684981685|-268.86446886446885]
808,2026-02-02 14:21:17,[-147.25274725274724|-143.5897435897436|-90.84249084249085|-142.12454212454213|-73.26007326007326]
809,2026-02-02 14:21:17,[-70.32967032967034|-89.37728937728937|-54.94505494505494|-84.98168498168498|-30.76923076923077]
810,2026-02-02 14:21:17,[-39.56043956043956|-84.98168498168498|-12.454212454212454|-74.72527472527473|-13.91941391941392]
811,2026-02-02 14:21:17,[21.245421245421245|22.71062271062271|68.13186813186813|41.02564102564103|93.77289377289377]
812,2026-02-02 14:21:17,[87.17948717948718|120.87912087912088|166.3003663003663|125.27472527472527|204.3956043956044]
813,2026-02-02 14:21:17,[182.41758241758242|172.16117216117217|210.98901098901098|91.57509157509158|78.3882783882784]
814,2026-02-02 14:21:17,[-12.454212454212454|-64.46886446886447|-53.47985347985348|-153.1135531135531|-154.57875457875457]
815,2026-02-02 14:21:17,[-197.06959706959708|-213.1868131868132|-144.32234432234432|-213.1868131868132|-169.96336996336996]
816,2026-02-02 14:21:17,[-173.62637362637363|-197.06959706959708|-190.47619047619048|-201.46520146520146|-157.50915750915752]
817,2026-02-02 14:21:17,[-158.24175824175825|-201.46520146520146|-157.50915750915752|-169.96336996336996|-122.34432234432235]
818,2026-02-02 14:21:17,[-158.97435897435898|-183.88278388278388|-153.1135531135531|-177.28937728937728|-142.85714285714286]
819,2026-02-02 14:21:17,[-150.1831501831502|-196.33699633699635|-148.71794871794873|-188.2783882783883|-145.78754578754578]
820,2026-02-02 14:21:17,[-177.28937728937728|-170.6959706959707|-115.01831501831502|-197.06959706959708|-142.85714285714286]
821,2026-02-02 14:21:17,[-161.9047619047619|-189.74358974358975|-141.3919413919414|-182.41758241758242|-144.32234432234432]
822,2026-02-02 14:21:17,[-129.67032967032966|-157.50915750915752|-122.34432234432235|-180.95238095238096|-123.80952380952381]
823,2026-02-02 14:21:17,[-120.14652014652015|-149.45054945054946|-110.62271062271063|-159.7069597069597|-113.55311355311355]
824,2026-02-02 14:21:17,[-143.5897435897436|-155.3113553113553|-113.55311355311355|-147.25274725274724|-100.36630036630036]
825,2026-02-02 14:21:17,[-98.9010989010989|-145.78754578754578|-102.56410256410257|-115.75091575091575|-95.97069597069597]
826,2026-02-02 14:21:17,[-73.99267399267399|-94.50549450549451|-42.49084249084249|-98.9010989010989|-65.2014652014652]
827,2026-02-02 14:21:17,[-129.67032967032966|-161.9047619047619|-97.43589743589743|-125.27472527472527|-112.82051282051282]
828,2026-02-02 14:21:17,[-112.08791208791209|-143.5897435897436|-136.996336996337|-147.25274725274724|151.64835164835165]
829,2026-02-02 14:21:17,[556.7765567765567|694.5054945054945|286.4468864468864|-263.7362637362637|-320.1465201465202]
830,2026-02-02 14:21:17,[-214.65201465201466|-146.5201465201465|-72.52747252747253|-122.34432234432235|-98.9010989010989]
831,2026-02-02 14:21:17,[-84.98168498168498|-88.64468864468864|-71.06227106227107|-100.36630036630036|-68.13186813186813]
832,2026-02-02 14:21:17,[-59.34065934065934|-59.34065934065934|-13.186813186813186|-77.65567765567765|-4.395604395604396]
833,2026-02-02 14:21:17,[-2.197802197802198|-40.29304029304029|29.304029304029303|7.326007326007326|74.72527472527473]
834,2026-02-02 14:21:18,[93.04029304029304|81.31868131868131|166.3003663003663|134.06593406593407|173.62637362637363]
835,2026-02-02 14:21:18,[178.75457875457874|150.1831501831502|175.0915750915751|68.13186813186813|52.014652014652015]
836,2026-02-02 14:21:18,[51.282051282051285|-62.27106227106227|-86.44688644688645|-161.9047619047619|-113.55311355311355]
837,2026-02-02 14:21:18,[-168.4981684981685|-216.11721611721612|-169.96336996336996|-219.04761904761904|-205.86080586080587]
838,2026-02-02 14:21:18,[-208.7912087912088|-235.16483516483515|-189.01098901098902|-214.65201465201466|-200.0]
839,2026-02-02 14:21:18,[-158.97435897435898|-189.01098901098902|-132.6007326007326|-214.65201465201466|-170.6959706959707]
840,2026-02-02 14:21:18,[-144.32234432234432|-191.94139194139194|-134.06593406593407|-196.33699633699635|-172.8937728937729]
841,2026-02-02 14:21:18,[-169.96336996336996|-194.87179487179486|-128.2051282051282|-195.6043956043956|-173.62637362637363]
842,2026-02-02 14:21:18,[-158.97435897435898|-191.2087912087912|-164.10256410256412|-213.1868131868132|-161.9047619047619]
843,2026-02-02 14:21:18,[-141.3919413919414|-204.3956043956044|-101.83150183150182|-150.1831501831502|-156.04395604395606]
844,2026-02-02 14:21:18,[-123.80952380952381|-173.62637362637363|-134.06593406593407|-174.35897435897436|-121.6117216117216]
845,2026-02-02 14:21:18,[-131.86813186813185|-166.3003663003663|-157.50915750915752|-166.3003663003663|-113.55311355311355]
846,2026-02-02 14:21:18,[-86.44688644688645|-149.45054945054946|-90.10989010989012|-98.9010989010989|-101.83150183150182]
847,2026-02-02 14:21:18,[-123.07692307692308|-164.83516483516485|-129.67032967032966|-126.73992673992674|-131.13553113553112]
848,2026-02-02 14:21:18,[-101.83150183150182|-106.22710622710623|-41.75824175824176|-104.02930402930403|-94.50549450549451]
849,2026-02-02 14:21:18,[-97.43589743589743|-121.6117216117216|-84.98168498168498|-144.32234432234432|-141.3919413919414]
850,2026-02-02 14:21:18,[-123.80952380952381|-124.54212454212454|-120.87912087912088|-166.3003663003663|-5.128205128205129]
851,2026-02-02 14:21:18,[425.64102564102564|595.6043956043956|294.5054945054945|-243.2234432234432|-353.84615384615387]
852,2026-02-02 14:21:18,[-207.32600732600733|-174.35897435897436|-102.56410256410257|-126.73992673992674|-82.78388278388279]
853,2026-02-02 14:21:18,[-60.8058608058608|-141.3919413919414|-66.66666666666667|-96.7032967032967|-63.73626373626374]
854,2026-02-02 14:21:18,[-32.967032967032964|-76.19047619047619|-2.93040293040293|-50.54945054945055|-70.32967032967034]
855,2026-02-02 14:21:18,[-26.373626373626372|-53.47985347985348|43.223443223443226|-7.326007326007326|28.571428571428573]
856,2026-02-02 14:21:18,[75.45787545787546|44.688644688644686|145.78754578754578|76.92307692307692|98.9010989010989]
857,2026-02-02 14:21:18,[194.13919413919413|126.73992673992674|148.71794871794873|90.10989010989012|66.66666666666667]
858,2026-02-02 14:21:18,[38.827838827838825|-48.35164835164835|-97.43589743589743|-120.87912087912088|-119.41391941391942]
859,2026-02-02 14:21:19,[-164.83516483516485|-226.37362637362637|-145.78754578754578|-172.16117216117217|-189.74358974358975]
860,2026-02-02 14:21:19,[-191.2087912087912|-205.86080586080587|-147.25274725274724|-202.93040293040292|-143.5897435897436]
861,2026-02-02 14:21:19,[-126.00732600732601|-180.21978021978023|-131.13553113553112|-158.24175824175825|-153.1135531135531]
862,2026-02-02 14:21:19,[-130.4029304029304|-205.86080586080587|-158.97435897435898|-109.15750915750915|-145.78754578754578]
863,2026-02-02 14:21:19,[-156.04395604395606|-189.74358974358975|-110.62271062271063|-131.13553113553112|-147.25274725274724]
864,2026-02-02 14:21:19,[-123.80952380952381|-191.2087912087912|-132.6007326007326|-148.71794871794873|-147.25274725274724]
865,2026-02-02 14:21:19,[-145.78754578754578|-161.9047619047619|-98.9010989010989|-167.03296703296704|-103.2967032967033]
866,2026-02-02 14:21:19,[-120.87912087912088|-153.84615384615384|-85.71428571428571|-156.04395604395606|-153.1135531135531]
867,2026-02-02 14:21:19,[-85.71428571428571|-124.54212454212454|-115.01831501831502|-124.54212454212454|-98.16849816849818]
868,2026-02-02 14:21:19,[-98.16849816849818|-118.68131868131869|-81.31868131868131|-131.13553113553112|-66.66666666666667]
869,2026-02-02 14:21:19,[-100.36630036630036|-54.94505494505494|-47.61904761904762|-88.64468864468864|-98.16849816849818]
870,2026-02-02 14:21:19,[-60.8058608058608|-127.47252747252747|-106.22710622710623|-109.15750915750915|-76.19047619047619]
871,2026-02-02 14:21:19,[-108.42490842490842|-195.6043956043956|-41.75824175824176|107.6923076923077|432.967032967033]
872,2026-02-02 14:21:19,[627.8388278388278|226.37362637362637|-192.67399267399267|-325.27472527472526|-211.7216117216117]
873,2026-02-02 14:21:19,[-100.36630036630036|-84.98168498168498|-38.827838827838825|-144.32234432234432|-57.142857142857146]
874,2026-02-02 14:21:19,[-21.245421245421245|-78.3882783882784|-16.117216117216117|-42.49084249084249|-16.84981684981685]
875,2026-02-02 14:21:19,[-17.582417582417584|-57.142857142857146|5.128205128205129|-28.571428571428573|-9.523809523809524]
876,2026-02-02 14:21:19,[49.08424908424909|13.91941391941392|57.142857142857146|27.106227106227106|103.2967032967033]
877,2026-02-02 14:21:19,[131.13553113553112|123.80952380952381|175.0915750915751|158.24175824175825|208.7912087912088]
878,2026-02-02 14:21:19,[183.88278388278388|126.73992673992674|175.0915750915751|72.52747252747253|41.75824175824176]
879,2026-02-02 14:21:19,[-13.91941391941392|-97.43589743589743|-75.45787545787546|-153.1135531135531|-150.1831501831502]
880,2026-02-02 14:21:19,[-147.25274725274724|-204.3956043956044|-156.7765567765568|-191.94139194139194|-189.74358974358975]
881,2026-02-02 14:21:19,[-158.24175824175825|-191.2087912087912|-134.06593406593407|-164.83516483516485|-166.3003663003663]
882,2026-02-02 14:21:19,[-156.7765567765568|-173.62637362637363|-130.4029304029304|-166.3003663003663|-144.32234432234432]
883,2026-02-02 14:21:19,[-122.34432234432235|-176.55677655677655|-172.8937728937729|-142.85714285714286|-120.87912087912088]
884,2026-02-02 14:21:19,[-145.78754578754578|-161.17216117216117|-125.27472527472527|-167.76556776556777|-145.05494505494505]
885,2026-02-02 14:21:20,[-142.85714285714286|-164.83516483516485|-118.68131868131869|-155.3113553113553|-134.7985347985348]
886,2026-02-02 14:21:20,[-115.01831501831502|-148.71794871794873|-146.5201465201465|-150.1831501831502|-115.01831501831502]
887,2026-02-02 14:21:20,[-95.97069597069597|-180.21978021978023|-107.6923076923077|-108.42490842490842|-131.13553113553112]
888,2026-02-02 14:21:20,[-99.63369963369964|-145.78754578754578|-100.36630036630036|-110.62271062271063|-101.83150183150182]
889,2026-02-02 14:21:20,[-94.50549450549451|-129.67032967032966|-87.17948717948718|-122.34432234432235|-85.71428571428571]
890,2026-02-02 14:21:20,[-19.78021978021978|-41.75824175824176|-62.27106227106227|-81.31868131868131|-94.50549450549451]
891,2026-02-02 14:21:20,[-107.6923076923077|-158.97435897435898|-107.6923076923077|-121.6117216117216|-95.23809523809524]
892,2026-02-02 14:21:20,[-86.44688644688645|-174.35897435897436|-53.47985347985348|264.46886446886447|678.3882783882784]
893,2026-02-02 14:21:20,[654.2124542124542|-2.197802197802198|-343.5897435897436|-310.6227106227106|-169.96336996336996]
894,2026-02-02 14:21:20,[-66.66666666666667|-131.86813186813185|-79.85347985347985|-79.12087912087912|-94.50549450549451]
895,2026-02-02 14:21:20,[-59.34065934065934|-88.64468864468864|-41.75824175824176|-72.52747252747253|-70.32967032967034]
896,2026-02-02 14:21:20,[-25.641025641025642|-41.75824175824176|8.058608058608058|-17.582417582417584|-49.81684981684982]
897,2026-02-02 14:21:20,[41.02564102564103|13.91941391941392|66.66666666666667|65.2014652014652|62.27106227106227]
898,2026-02-02 14:21:20,[135.53113553113553|172.16117216117217|200.0|175.0915750915751|136.996336996337]
899,2026-02-02 14:21:20,[136.996336996337|178.02197802197801|160.43956043956044|46.15384615384615|-9.523809523809524]
900,2026-02-02 14:21:20,[-42.49084249084249|-105.49450549450549|-129.67032967032966|-172.8937728937729|-195.6043956043956]
901,2026-02-02 14:21:20,[-154.57875457875457|-238.0952380952381|-180.21978021978023|-208.7912087912088|-182.41758241758242]
902,2026-02-02 14:21:20,[-156.04395604395606|-237.36263736263737|-161.9047619047619|-167.76556776556777|-194.13919413919413]
903,2026-02-02 14:21:20,[-147.25274725274724|-200.0|-167.76556776556777|-207.32600732600733|-178.02197802197801]
904,2026-02-02 14:21:20,[-120.87912087912088|-195.6043956043956|-172.8937728937729|-189.01098901098902|-171.42857142857142]
905,2026-02-02 14:21:20,[-157.50915750915752|-208.05860805860806|-169.23076923076923|-158.97435897435898|-194.87179487179486]
906,2026-02-02 14:21:20,[-142.12454212454213|-221.24542124542126|-142.85714285714286|-137.72893772893772|-173.62637362637363]
907,2026-02-02 14:21:20,[-142.85714285714286|-194.13919413919413|-126.73992673992674|-141.3919413919414|-156.04395604395606]
908,2026-02-02 14:21:20,[-173.62637362637363|-182.41758241758242|-98.9010989010989|-145.78754578754578|-168.4981684981685]
909,2026-02-02 14:21:21,[-125.27472527472527|-156.04395604395606|-94.50549450549451|-130.4029304029304|-129.67032967032966]
910,2026-02-02 14:21:21,[-94.50549450549451|-141.3919413919414|-82.78388278388279|-86.44688644688645|-134.06593406593407]
911,2026-02-02 14:21:21,[-124.54212454212454|-223.44322344322345|-126.00732600732601|-101.0989010989011|-156.04395604395606]
912,2026-02-02 14:21:21,[-110.62271062271063|-182.41758241758242|-100.36630036630036|138.46153846153845|523.0769230769231]
913,2026-02-02 14:21:21,[654.2124542124542|151.64835164835165|-289.3772893772894|-358.24175824175825|-255.67765567765568]
914,2026-02-02 14:21:21,[-147.25274725274724|-136.996336996337|-83.51648351648352|-136.996336996337|-135.53113553113553]
915,2026-02-02 14:21:21,[-16.117216117216117|-87.91208791208791|-60.07326007326007|-73.99267399267399|-97.43589743589743]
916,2026-02-02 14:21:21,[-37.362637362637365|-59.34065934065934|-25.641025641025642|-41.75824175824176|-37.362637362637365]
917,2026-02-02 14:21:21,[15.384615384615385|-3.663003663003663|44.688644688644686|45.42124542124542|84.24908424908425]
918,2026-02-02 14:21:21,[134.06593406593407|88.64468864468864|156.04395604395606|161.9047619047619|147.25274725274724]
919,2026-02-02 14:21:21,[180.95238095238096|93.04029304029304|122.34432234432235|84.24908424908425|-3.663003663003663]
920,2026-02-02 14:21:21,[-35.8974358974359|-129.67032967032966|-171.42857142857142|-147.25274725274724|-167.03296703296704]
921,2026-02-02 14:21:21,[-169.23076923076923|-239.56043956043956|-175.0915750915751|-183.88278388278388|-225.64102564102564]
922,2026-02-02 14:21:21,[-157.50915750915752|-172.16117216117217|-160.43956043956044|-188.2783882783883|-213.91941391941393]
923,2026-02-02 14:21:21,[-148.71794871794873|-158.97435897435898|-135.53113553113553|-174.35897435897436|-182.41758241758242]
924,2026-02-02 14:21:21,[-167.03296703296704|-156.04395604395606|-148.71794871794873|-188.2783882783883|-172.16117216117217]
925,2026-02-02 14:21:21,[-153.1135531135531|-205.86080586080587|-105.49450549450549|-150.1831501831502|-192.67399267399267]
926,2026-02-02 14:21:21,[-178.02197802197801|-173.62637362637363|-110.62271062271063|-147.25274725274724|-179.48717948717947]
927,2026-02-02 14:21:21,[-126.73992673992674|-178.02197802197801|-166.3003663003663|-115.01831501831502|-107.6923076923077]
928,2026-02-02 14:21:21,[-125.27472527472527|-195.6043956043956|-134.7985347985348|-135.53113553113553|-142.85714285714286]
929,2026-02-02 14:21:21,[-66.66666666666667|-131.86813186813185|-77.65567765567765|-94.50549450549451|-125.27472527472527]
930,2026-02-02 14:21:21,[-87.17948717948718|-124.54212454212454|-113.55311355311355|-147.25274725274724|-148.71794871794873]
931,2026-02-02 14:21:21,[-112.08791208791209|-152.38095238095238|-122.34432234432235|-145.78754578754578|18.315018315018314]
932,2026-02-02 14:21:21,[424.90842490842493|671.7948717948718|416.1172161172161|-167.03296703296704|-397.0695970695971]
933,2026-02-02 14:21:21,[-208.7912087912088|-197.06959706959708|-117.94871794871794|-109.15750915750915|-131.13553113553112]
934,2026-02-02 14:21:22,[-100.36630036630036|-120.14652014652015|-65.2014652014652|-109.89010989010988|-71.7948717948718]
935,2026-02-02 14:21:22,[-18.315018315018314|-80.58608058608058|-33.6996336996337|-39.56043956043956|-76.92307692307692]
936,2026-02-02 14:21:22,[5.86080586080586|-16.84981684981685|30.036630036630036|37.362637362637365|27.83882783882784]
937,2026-02-02 14:21:22,[115.01831501831502|87.17948717948718|126.73992673992674|158.97435897435898|139.9267399267399]
938,2026-02-02 14:21:22,[175.0915750915751|147.98534798534797|166.3003663003663|148.71794871794873|52.014652014652015]
939,2026-02-02 14:21:22,[22.71062271062271|-64.46886446886447|-73.99267399267399|-132.6007326007326|-195.6043956043956]
940,2026-02-02 14:21:22,[-145.78754578754578|-169.23076923076923|-182.41758241758242|-193.4065934065934|-202.93040293040292]
941,2026-02-02 14:21:22,[-168.4981684981685|-198.53479853479854|-170.6959706959707|-191.2087912087912|-241.02564102564102]
942,2026-02-02 14:21:22,[-136.26373626373626|-164.10256410256412|-164.83516483516485|-181.6849816849817|-192.67399267399267]
943,2026-02-02 14:21:22,[-148.71794871794873|-199.26739926739927|-150.1831501831502|-150.1831501831502|-182.41758241758242]
944,2026-02-02 14:21:22,[-192.67399267399267|-213.1868131868132|-115.01831501831502|-131.13553113553112|-194.87179487179486]
945,2026-02-02 14:21:22,[-166.3003663003663|-216.11721611721612|-121.6117216117216|-145.78754578754578|-180.95238095238096]
946,2026-02-02 14:21:22,[-132.6007326007326|-192.67399267399267|-147.98534798534797|-122.34432234432235|-179.48717948717947]
947,2026-02-02 14:21:22,[-134.06593406593407|-182.41758241758242|-147.25274725274724|-109.15750915750915|-158.24175824175825]
948,2026-02-02 14:21:22,[-123.07692307692308|-141.3919413919414|-101.83150183150182|-98.9010989010989|-121.6117216117216]
949,2026-02-02 14:21:22,[-52.014652014652015|-113.55311355311355|-84.24908424908425|-148.71794871794873|-161.17216117216117]
950,2026-02-02 14:21:22,[-112.08791208791209|-169.23076923076923|-135.53113553113553|-110.62271062271063|-158.97435897435898]
951,2026-02-02 14:21:22,[-145.05494505494505|-108.42490842490842|295.23809523809524|701.0989010989011|558.974358974359]
952,2026-02-02 14:21:22,[50.54945054945055|-378.75457875457874|-293.7728937728938|-179.48717948717947|-142.85714285714286]
953,2026-02-02 14:21:22,[-73.99267399267399|-98.9010989010989|-117.94871794871794|-112.08791208791209|-77.65567765567765]
954,2026-02-02 14:21:22,[-40.29304029304029|-52.014652014652015|-71.06227106227107|-71.06227106227107|-49.81684981684982]
955,2026-02-02 14:21:22,[-21.245421245421245|-52.014652014652015|-16.117216117216117|12.454212454212454|-6.593406593406593]
956,2026-02-02 14:21:22,[19.78021978021978|57.875457875457876|98.16849816849818|101.83150183150182|81.31868131868131]
957,2026-02-02 14:21:22,[167.76556776556777|151.64835164835165|183.88278388278388|163.36996336996336|126.73992673992674]
958,2026-02-02 14:21:23,[180.21978021978023|75.45787545787546|57.142857142857146|-5.128205128205129|-71.06227106227107]
959,2026-02-02 14:21:23,[-100.36630036630036|-182.41758241758242|-160.43956043956044|-170.6959706959707|-202.93040293040292]
960,2026-02-02 14:21:23,[-156.04395604395606|-226.37362637362637|-174.35897435897436|-182.41758241758242|-191.2087912087912]
961,2026-02-02 14:21:23,[-164.83516483516485|-209.52380952380952|-167.76556776556777|-192.67399267399267|-172.8937728937729]
962,2026-02-02 14:21:23,[-154.57875457875457|-188.2783882783883|-160.43956043956044|-164.83516483516485|-171.42857142857142]
963,2026-02-02 14:21:23,[-127.47252747252747|-180.95238095238096|-178.02197802197801|-150.1831501831502|-178.02197802197801]
964,2026-02-02 14:21:23,[-129.67032967032966|-180.21978021978023|-169.96336996336996|-136.996336996337|-178.02197802197801]
965,2026-02-02 14:21:23,[-136.996336996337|-200.0|-126.73992673992674|-147.25274725274724|-194.13919413919413]
966,2026-02-02 14:21:23,[-141.3919413919414|-157.50915750915752|-123.07692307692308|-109.15750915750915|-169.23076923076923]
967,2026-02-02 14:21:23,[-117.94871794871794|-161.17216117216117|-119.41391941391942|-114.28571428571429|-123.07692307692308]
968,2026-02-02 14:21:23,[-73.99267399267399|-85.71428571428571|-95.23809523809524|-101.83150183150182|-154.57875457875457]
969,2026-02-02 14:21:23,[-120.87912087912088|-172.16117216117217|-125.27472527472527|-110.62271062271063|-172.16117216117217]
970,2026-02-02 14:21:23,[-145.78754578754578|-172.8937728937729|-3.663003663003663|331.86813186813185|670.3296703296703]
971,2026-02-02 14:21:23,[541.3919413919414|-84.98168498168498|-400.73260073260076|-271.79487179487177|-183.15018315018315]
972,2026-02-02 14:21:23,[-71.7948717948718|-136.996336996337|-98.9010989010989|-134.06593406593407|-103.2967032967033]
973,2026-02-02 14:21:23,[-27.106227106227106|-82.78388278388279|-76.92307692307692|-74.72527472527473|-76.19047619047619]
974,2026-02-02 14:21:23,[-32.967032967032964|-61.53846153846154|-37.362637362637365|3.663003663003663|-32.967032967032964]
975,2026-02-02 14:21:23,[46.15384615384615|12.454212454212454|38.827838827838825|93.04029304029304|65.2014652014652]
976,2026-02-02 14:21:23,[134.06593406593407|144.32234432234432|163.36996336996336|192.67399267399267|134.06593406593407]
977,2026-02-02 14:21:23,[163.36996336996336|91.57509157509158|60.8058608058608|63.00366300366301|-32.234432234432234]
978,2026-02-02 14:21:23,[-70.32967032967034|-147.98534798534797|-172.16117216117217|-203.66300366300365|-178.02197802197801]
979,2026-02-02 14:21:23,[-144.32234432234432|-194.13919413919413|-216.84981684981685|-183.88278388278388|-208.05860805860806]
980,2026-02-02 14:21:23,[-179.48717948717947|-204.3956043956044|-194.13919413919413|-153.84615384615384|-205.86080586080587]
981,2026-02-02 14:21:23,[-129.67032967032966|-183.88278388278388|-201.46520146520146|-131.86813186813185|-167.03296703296704]
982,2026-02-02 14:21:23,[-157.50915750915752|-194.13919413919413|-144.32234432234432|-134.7985347985348|-205.12820512820514]
983,2026-02-02 14:21:23,[-164.83516483516485|-213.1868131868132|-135.53113553113553|-142.12454212454213|-173.62637362637363]
984,2026-02-02 14:21:24,[-141.3919413919414|-202.93040293040292|-144.32234432234432|-131.13553113553112|-174.35897435897436]
985,2026-02-02 14:21:24,[-115.01831501831502|-158.97435897435898|-203.66300366300365|-107.6923076923077|-133.33333333333334]
986,2026-02-02 14:21:24,[-126.73992673992674|-149.45054945054946|-127.47252747252747|-107.6923076923077|-167.76556776556777]
987,2026-02-02 14:21:24,[-106.95970695970696|-128.2051282051282|-95.97069597069597|-87.91208791208791|-106.22710622710623]
988,2026-02-02 14:21:24,[-56.41025641025641|-87.17948717948718|-117.94871794871794|-131.13553113553112|-169.23076923076923]
989,2026-02-02 14:21:24,[-103.2967032967033|-125.27472527472527|-119.41391941391942|-111.35531135531136|-190.47619047619048]
990,2026-02-02 14:21:24,[-73.26007326007326|108.42490842490842|501.83150183150184|699.6336996336996|263.7362637362637]
991,2026-02-02 14:21:24,[-229.3040293040293|-346.5201465201465|-241.02564102564102|-126.73992673992674|-130.4029304029304]
992,2026-02-02 14:21:24,[-81.31868131868131|-98.16849816849818|-94.50549450549451|-60.8058608058608|-120.87912087912088]
993,2026-02-02 14:21:24,[-37.362637362637365|-60.8058608058608|-72.52747252747253|-21.245421245421245|-57.142857142857146]
994,2026-02-02 14:21:24,[-8.058608058608058|-49.81684981684982|13.91941391941392|51.282051282051285|5.128205128205129]
995,2026-02-02 14:21:24,[39.56043956043956|34.43223443223443|78.3882783882784|134.06593406593407|112.08791208791209]
996,2026-02-02 14:21:24,[158.24175824175825|150.91575091575092|169.23076923076923|175.0915750915751|145.78754578754578]
997,2026-02-02 14:21:24,[161.9047619047619|57.875457875457876|-12.454212454212454|-36.63003663003663|-121.6117216117216]
998,2026-02-02 14:21:24,[-121.6117216117216|-219.04761904761904|-161.17216117216117|-154.57875457875457|-238.82783882783883]
999,2026-02-02 14:21:24,[-164.83516483516485|-179.48717948717947|-197.06959706959708|-161.17216117216117|-205.86080586080587]
1000,2026-02-02 14:21:24,[-170.6959706959707|-178.75457875457874|-169.96336996336996|-158.97435897435898|-180.21978021978023]
1001,2026-02-02 14:21:24,[-145.78754578754578|-197.06959706959708|-178.02197802197801|-150.1831501831502|-169.23076923076923]
1002,2026-02-02 14:21:24,[-126.00732600732601|-178.75457875457874|-194.87179487179486|-147.25274725274724|-182.41758241758242]
1003,2026-02-02 14:21:24,[-122.34432234432235|-158.97435897435898|-167.03296703296704|-147.25274725274724|-188.2783882783883]
1004,2026-02-02 14:21:24,[-141.3919413919414|-166.3003663003663|-158.24175824175825|-143.5897435897436|-207.32600732600733]
1005,2026-02-02 14:21:24,[-119.41391941391942|-131.13553113553112|-156.04395604395606|-165.56776556776558|-147.25274725274724]
1006,2026-02-02 14:21:24,[-79.12087912087912|-147.25274725274724|-147.25274725274724|-115.01831501831502|-180.95238095238096]
1007,2026-02-02 14:21:24,[-134.06593406593407|-126.73992673992674|-121.6117216117216|-117.94871794871794|-156.04395604395606]
1008,2026-02-02 14:21:24,[-38.827838827838825|-73.99267399267399|-95.97069597069597|-126.73992673992674|-136.26373626373626]
1009,2026-02-02 14:21:25,[-112.08791208791209|-164.10256410256412|-157.50915750915752|-125.27472527472527|-157.50915750915752]
1010,2026-02-02 14:21:25,[-154.57875457875457|-172.8937728937729|-19.78021978021978|396.3369963369963|687.9120879120879]
1011,2026-02-02 14:21:25,[476.9230769230769|-144.32234432234432|-411.72161172161174|-223.44322344322345|-183.88278388278388]
1012,2026-02-02 14:21:25,[-126.00732600732601|-134.06593406593407|-122.34432234432235|-101.83150183150182|-141.3919413919414]
1013,2026-02-02 14:21:25,[-94.50549450549451|-71.7948717948718|-82.78388278388279|-54.94505494505494|-67.3992673992674]
1014,2026-02-02 14:21:25,[-24.90842490842491|-62.27106227106227|-66.66666666666667|-8.791208791208792|-48.35164835164835]
1015,2026-02-02 14:21:25,[34.43223443223443|10.989010989010989|21.245421245421245|64.46886446886447|65.2014652014652]
1016,2026-02-02 14:21:25,[127.47252747252747|123.80952380952381|146.5201465201465|179.48717948717947|116.48351648351648]
1017,2026-02-02 14:21:25,[148.71794871794873|113.55311355311355|66.66666666666667|31.501831501831504|-52.747252747252745]
1018,2026-02-02 14:21:25,[-82.78388278388279|-160.43956043956044|-135.53113553113553|-181.6849816849817|-268.13186813186815]
1019,2026-02-02 14:21:25,[-179.48717948717947|-205.12820512820514|-217.58241758241758|-173.62637362637363|-225.64102564102564]
1020,2026-02-02 14:21:25,[-178.75457875457874|-200.0|-204.3956043956044|-156.04395604395606|-208.7912087912088]
1021,2026-02-02 14:21:25,[-173.62637362637363|-200.0|-192.67399267399267|-160.43956043956044|-205.12820512820514]
1022,2026-02-02 14:21:25,[-172.8937728937729|-158.97435897435898|-180.21978021978023|-159.7069597069597|-204.3956043956044]
1023,2026-02-02 14:21:25,[-158.24175824175825|-182.41758241758242|-165.56776556776558|-167.03296703296704|-206.5934065934066]
1024,2026-02-02 14:21:25,[-164.10256410256412|-189.74358974358975|-160.43956043956044|-142.12454212454213|-189.74358974358975]
1025,2026-02-02 14:21:25,[-141.3919413919414|-169.96336996336996|-170.6959706959707|-113.55311355311355|-181.6849816849817]
1026,2026-02-02 14:21:25,[-150.1831501831502|-157.50915750915752|-176.55677655677655|-98.9010989010989|-133.33333333333334]
1027,2026-02-02 14:21:25,[-129.67032967032966|-182.41758241758242|-132.6007326007326|-66.66666666666667|-150.1831501831502]
1028,2026-02-02 14:21:25,[-112.08791208791209|-98.9010989010989|-76.92307692307692|-42.49084249084249|-103.2967032967033]
1029,2026-02-02 14:21:25,[-82.78388278388279|-134.7985347985348|-147.25274725274724|-123.07692307692308|-149.45054945054946]
1030,2026-02-02 14:21:25,[-106.22710622710623|-113.55311355311355|-136.996336996337|-123.07692307692308|-32.967032967032964]
1031,2026-02-02 14:21:25,[385.34798534798534|745.054945054945|498.16849816849816|-61.53846153846154|-377.2893772893773]
1032,2026-02-02 14:21:25,[-224.9084249084249|-157.50915750915752|-101.83150183150182|-60.8058608058608|-99.63369963369964]
1033,2026-02-02 14:21:26,[-62.27106227106227|-78.3882783882784|-75.45787545787546|-28.571428571428573|-71.06227106227107]
1034,2026-02-02 14:21:26,[-19.78021978021978|-25.641025641025642|-54.21245421245421|14.652014652014651|-21.978021978021978]
1035,2026-02-02 14:21:26,[30.036630036630036|-9.523809523809524|-15.384615384615385|87.17948717948718|63.73626373626374]
1036,2026-02-02 14:21:26,[126.73992673992674|123.80952380952381|123.07692307692308|163.36996336996336|174.35897435897436]
1037,2026-02-02 14:21:26,[217.58241758241758|185.34798534798534|162.63736263736263|170.6959706959707|101.83150183150182]
1038,2026-02-02 14:21:26,[93.04029304029304|-19.78021978021978|-41.75824175824176|-66.66666666666667|-161.17216117216117]
1039,2026-02-02 14:21:26,[-131.86813186813185|-161.9047619047619|-169.23076923076923|-154.57875457875457|-197.06959706959708]
1040,2026-02-02 14:21:26,[-167.76556776556777|-148.71794871794873|-178.02197802197801|-141.3919413919414|-174.35897435897436]
1041,2026-02-02 14:21:26,[-153.1135531135531|-141.3919413919414|-147.25274725274724|-134.06593406593407|-166.3003663003663]
1042,2026-02-02 14:21:26,[-131.86813186813185|-145.78754578754578|-135.53113553113553|-94.50549450549451|-141.3919413919414]
1043,2026-02-02 14:21:26,[-158.97435897435898|-174.35897435897436|-150.1831501831502|-110.62271062271063|-173.62637362637363]
1044,2026-02-02 14:21:26,[-135.53113553113553|-125.27472527472527|-150.1831501831502|-124.54212454212454|-157.50915750915752]
1045,2026-02-02 14:21:26,[-113.55311355311355|-134.7985347985348|-158.97435897435898|-106.22710622710623|-150.1831501831502]
1046,2026-02-02 14:21:26,[-131.86813186813185|-158.97435897435898|-135.53113553113553|-85.71428571428571|-131.13553113553112]
1047,2026-02-02 14:21:26,[-112.82051282051282|-166.3003663003663|-134.06593406593407|-60.8058608058608|-120.87912087912088]
1048,2026-02-02 14:21:26,[-95.97069597069597|-145.78754578754578|-112.08791208791209|-21.245421245421245|-87.17948717948718]
1049,2026-02-02 14:21:26,[-79.85347985347985|-84.24908424908425|-135.53113553113553|-134.06593406593407|-150.1831501831502]
1050,2026-02-02 14:21:26,[-73.99267399267399|-131.86813186813185|-125.27472527472527|-142.85714285714286|-160.43956043956044]
1051,2026-02-02 14:21:26,[-8.058608058608058|286.4468864468864|671.0622710622711|567.7655677655678|-38.827838827838825]
1052,2026-02-02 14:21:26,[-353.84615384615387|-289.3772893772894|-191.2087912087912|-76.92307692307692|-120.87912087912088]
1053,2026-02-02 14:21:26,[-87.17948717948718|-79.85347985347985|-115.01831501831502|-94.50549450549451|-59.34065934065934]
1054,2026-02-02 14:21:26,[-36.63003663003663|-65.2014652014652|-70.32967032967034|-8.058608058608058|-35.8974358974359]
1055,2026-02-02 14:21:26,[-21.245421245421245|-14.652014652014651|-18.315018315018314|68.13186813186813|27.106227106227106]
1056,2026-02-02 14:21:26,[61.53846153846154|57.142857142857146|97.43589743589743|170.6959706959707|149.45054945054946]
1057,2026-02-02 14:21:26,[172.16117216117217|194.87179487179486|174.35897435897436|197.06959706959708|123.80952380952381]
1058,2026-02-02 14:21:26,[99.63369963369964|43.223443223443226|-32.967032967032964|-65.2014652014652|-126.73992673992674]
1059,2026-02-02 14:21:27,[-114.28571428571429|-164.10256410256412|-219.78021978021977|-150.1831501831502|-179.48717948717947]
1060,2026-02-02 14:21:27,[-182.41758241758242|-192.67399267399267|-224.9084249084249|-166.3003663003663|-194.87179487179486]
1061,2026-02-02 14:21:27,[-158.97435897435898|-167.03296703296704|-189.01098901098902|-128.2051282051282|-200.0]
1062,2026-02-02 14:21:27,[-154.57875457875457|-126.73992673992674|-156.04395604395606|-168.4981684981685|-195.6043956043956]
1063,2026-02-02 14:21:27,[-130.4029304029304|-143.5897435897436|-208.7912087912088|-129.67032967032966|-172.16117216117217]
1064,2026-02-02 14:21:27,[-179.48717948717947|-156.04395604395606|-154.57875457875457|-132.6007326007326|-170.6959706959707]
1065,2026-02-02 14:21:27,[-153.1135531135531|-147.25274725274724|-208.05860805860806|-112.82051282051282|-150.1831501831502]
1066,2026-02-02 14:21:27,[-131.13553113553112|-158.97435897435898|-179.48717948717947|-106.22710622710623|-167.76556776556777]
1067,2026-02-02 14:21:27,[-148.71794871794873|-123.07692307692308|-167.76556776556777|-114.28571428571429|-132.6007326007326]
1068,2026-02-02 14:21:27,[-123.80952380952381|-135.53113553113553|-143.5897435897436|-75.45787545787546|-131.13553113553112]
1069,2026-02-02 14:21:27,[-115.01831501831502|-53.47985347985348|-52.747252747252745|-63.73626373626374|-147.25274725274724]
1070,2026-02-02 14:21:27,[-147.25274725274724|-109.15750915750915|-134.06593406593407|-110.62271062271063|-141.3919413919414]
1071,2026-02-02 14:21:27,[-106.22710622710623|-156.04395604395606|-175.0915750915751|73.26007326007326|449.0842490842491]
1072,2026-02-02 14:21:27,[765.5677655677656|371.42857142857144|-229.3040293040293|-345.05494505494505|-249.8168498168498]
1073,2026-02-02 14:21:27,[-118.68131868131869|-103.2967032967033|-126.00732600732601|-98.9010989010989|-101.83150183150182]
1074,2026-02-02 14:21:27,[-79.85347985347985|-85.71428571428571|-94.50549450549451|-20.512820512820515|-94.50549450549451]
1075,2026-02-02 14:21:27,[-65.2014652014652|-27.106227106227106|-49.81684981684982|-12.454212454212454|-43.956043956043956]
1076,2026-02-02 14:21:27,[-4.395604395604396|5.86080586080586|-2.197802197802198|68.86446886446886|64.46886446886447]
1077,2026-02-02 14:21:27,[122.34432234432235|145.78754578754578|109.15750915750915|203.66300366300365|175.0915750915751]
1078,2026-02-02 14:21:27,[192.67399267399267|158.24175824175825|89.37728937728937|90.10989010989012|-5.128205128205129]
1079,2026-02-02 14:21:27,[-60.07326007326007|-86.44688644688645|-135.53113553113553|-134.7985347985348|-189.74358974358975]
1080,2026-02-02 14:21:27,[-153.1135531135531|-173.62637362637363|-229.3040293040293|-179.48717948717947|-229.3040293040293]
1081,2026-02-02 14:21:27,[-183.88278388278388|-183.15018315018315|-223.44322344322345|-148.71794871794873|-180.95238095238096]
1082,2026-02-02 14:21:27,[-156.7765567765568|-158.24175824175825|-189.01098901098902|-142.12454212454213|-194.13919413919413]
1083,2026-02-02 14:21:27,[-158.97435897435898|-154.57875457875457|-192.67399267399267|-156.04395604395606|-170.6959706959707]
1084,2026-02-02 14:21:28,[-154.57875457875457|-148.71794871794873|-179.48717948717947|-131.13553113553112|-196.33699633699635]
1085,2026-02-02 14:21:28,[-160.43956043956044|-143.5897435897436|-191.94139194139194|-134.7985347985348|-194.13919413919413]
1086,2026-02-02 14:21:28,[-133.33333333333334|-100.36630036630036|-166.3003663003663|-145.78754578754578|-180.21978021978023]
1087,2026-02-02 14:21:28,[-123.80952380952381|-134.06593406593407|-169.96336996336996|-108.42490842490842|-147.25274725274724]
1088,2026-02-02 14:21:28,[-164.10256410256412|-152.38095238095238|-142.12454212454213|-71.7948717948718|-146.5201465201465]
1089,2026-02-02 14:21:28,[-136.996336996337|-128.2051282051282|-130.4029304029304|-85.71428571428571|-122.34432234432235]
1090,2026-02-02 14:21:28,[-106.22710622710623|-67.3992673992674|-98.9010989010989|-71.06227106227107|-111.35531135531136]
1091,2026-02-02 14:21:28,[-113.55311355311355|-126.00732600732601|-179.48717948717947|-90.10989010989012|-132.6007326007326]
1092,2026-02-02 14:21:28,[-132.6007326007326|-171.42857142857142|-130.4029304029304|193.4065934065934|546.5201465201466]
1093,2026-02-02 14:21:28,[724.5421245421245|217.58241758241758|-313.5531135531136|-299.6336996336996|-235.16483516483515]
1094,2026-02-02 14:21:28,[-125.27472527472527|-113.55311355311355|-123.80952380952381|-85.71428571428571|-115.01831501831502]
1095,2026-02-02 14:21:28,[-68.13186813186813|-65.2014652014652|-90.84249084249085|-64.46886446886447|-83.51648351648352]
1096,2026-02-02 14:21:28,[-12.454212454212454|-24.175824175824175|-71.06227106227107|-2.197802197802198|-19.78021978021978]
1097,2026-02-02 14:21:28,[6.593406593406593|34.43223443223443|-7.326007326007326|84.24908424908425|84.24908424908425]
1098,2026-02-02 14:21:28,[123.80952380952381|154.57875457875457|124.54212454212454|194.13919413919413|169.23076923076923]
1099,2026-02-02 14:21:28,[184.6153846153846|175.0915750915751|101.83150183150182|84.24908424908425|15.384615384615385]
1100,2026-02-02 14:21:28,[-54.94505494505494|-89.37728937728937|-172.16117216117217|-158.24175824175825|-188.2783882783883]
1101,2026-02-02 14:21:28,[-180.21978021978023|-178.02197802197801|-227.83882783882783|-176.55677655677655|-208.7912087912088]
1102,2026-02-02 14:21:28,[-196.33699633699635|-176.55677655677655|-195.6043956043956|-155.3113553113553|-180.95238095238096]
1103,2026-02-02 14:21:28,[-189.74358974358975|-148.71794871794873|-191.2087912087912|-126.73992673992674|-188.2783882783883]
1104,2026-02-02 14:21:28,[-169.23076923076923|-155.3113553113553|-168.4981684981685|-117.94871794871794|-189.74358974358975]
1105,2026-02-02 14:21:28,[-178.02197802197801|-135.53113553113553|-182.41758241758242|-147.25274725274724|-169.23076923076923]
1106,2026-02-02 14:21:28,[-147.25274725274724|-119.41391941391942|-179.48717948717947|-148.71794871794873|-173.62637362637363]
1107,2026-02-02 14:21:28,[-132.6007326007326|-120.14652014652015|-193.4065934065934|-141.3919413919414|-147.98534798534797]
1108,2026-02-02 14:21:29,[-132.6007326007326|-129.67032967032966|-167.76556776556777|-113.55311355311355|-144.32234432234432]
1109,2026-02-02 14:21:29,[-147.25274725274724|-126.73992673992674|-158.24175824175825|-96.7032967032967|-143.5897435897436]
1110,2026-02-02 14:21:29,[-119.41391941391942|-106.22710622710623|-144.32234432234432|-87.17948717948718|-110.62271062271063]
1111,2026-02-02 14:21:29,[-65.93406593406593|-49.81684981684982|-109.15750915750915|-76.19047619047619|-101.0989010989011]
1112,2026-02-02 14:21:29,[-146.5201465201465|-120.87912087912088|-155.3113553113553|-125.27472527472527|-123.80952380952381]
1113,2026-02-02 14:21:29,[-118.68131868131869|-142.85714285714286|-63.00366300366301|327.4725274725275|700.3663003663004]
1114,2026-02-02 14:21:29,[549.4505494505495|-21.245421245421245|-378.75457875457874|-273.2600732600733|-202.93040293040292]
1115,2026-02-02 14:21:29,[-141.3919413919414|-72.52747252747253|-120.87912087912088|-70.32967032967034|-113.55311355311355]
1116,2026-02-02 14:21:29,[-73.99267399267399|-50.54945054945055|-101.83150183150182|-49.08424908424909|-41.75824175824176]
1117,2026-02-02 14:21:29,[-38.827838827838825|-21.245421245421245|-54.21245421245421|8.058608058608058|-21.245421245421245]
1118,2026-02-02 14:21:29,[6.593406593406593|52.747252747252745|27.106227106227106|84.98168498168498|72.52747252747253]
1119,2026-02-02 14:21:29,[136.26373626373626|209.52380952380952|145.78754578754578|186.8131868131868|173.62637362637363]
1120,2026-02-02 14:21:29,[178.02197802197801|154.57875457875457|68.86446886446886|84.24908424908425|-40.29304029304029]
1121,2026-02-02 14:21:29,[-88.64468864468864|-109.15750915750915|-173.62637362637363|-128.2051282051282|-212.45421245421247]
1122,2026-02-02 14:21:29,[-180.95238095238096|-178.75457875457874|-223.44322344322345|-175.0915750915751|-202.93040293040292]
1123,2026-02-02 14:21:29,[-195.6043956043956|-178.02197802197801|-194.13919413919413|-150.1831501831502|-176.55677655677655]
1124,2026-02-02 14:21:29,[-164.83516483516485|-136.26373626373626|-189.74358974358975|-131.13553113553112|-182.41758241758242]
1125,2026-02-02 14:21:29,[-183.15018315018315|-120.87912087912088|-167.76556776556777|-143.5897435897436|-167.76556776556777]
1126,2026-02-02 14:21:29,[-172.8937728937729|-155.3113553113553|-180.95238095238096|-122.34432234432235|-158.97435897435898]
1127,2026-02-02 14:21:29,[-158.97435897435898|-150.91575091575092|-200.0|-134.7985347985348|-178.02197802197801]
1128,2026-02-02 14:21:29,[-150.1831501831502|-109.15750915750915|-174.35897435897436|-132.6007326007326|-166.3003663003663]
1129,2026-02-02 14:21:29,[-157.50915750915752|-103.2967032967033|-157.50915750915752|-126.00732600732601|-153.1135531135531]
1130,2026-02-02 14:21:29,[-178.02197802197801|-120.87912087912088|-129.67032967032966|-95.23809523809524|-135.53113553113553]
1131,2026-02-02 14:21:29,[-154.57875457875457|-118.68131868131869|-115.01831501831502|-87.17948717948718|-72.52747252747253]
1132,2026-02-02 14:21:29,[-95.23809523809524|-63.73626373626374|-142.85714285714286|-120.14652014652015|-135.53113553113553]
1133,2026-02-02 14:21:29,[-147.25274725274724|-114.28571428571429|-134.06593406593407|-115.01831501831502|-174.35897435897436]
1134,2026-02-02 14:21:30,[-168.4981684981685|87.91208791208791|441.75824175824175|742.1245421245421|372.16117216117215]
1135,2026-02-02 14:21:30,[-168.4981684981685|-328.93772893772893|-271.79487179487177|-120.14652014652015|-126.73992673992674]
1136,2026-02-02 14:21:30,[-123.80952380952381|-73.99267399267399|-155.3113553113553|-88.64468864468864|-88.64468864468864]
1137,2026-02-02 14:21:30,[-56.41025641025641|-41.02564102564103|-87.91208791208791|-28.571428571428573|-70.32967032967034]
1138,2026-02-02 14:21:30,[-68.13186813186813|14.652014652014651|-32.967032967032964|19.047619047619047|-2.197802197802198]
1139,2026-02-02 14:21:30,[26.373626373626372|62.27106227106227|46.15384615384615|159.7069597069597|160.43956043956044]
1140,2026-02-02 14:21:30,[136.996336996337|202.93040293040292|138.46153846153845|207.32600732600733|156.7765567765568]
1141,2026-02-02 14:21:30,[104.76190476190476|106.22710622710623|-6.593406593406593|-21.245421245421245|-106.22710622710623]
1142,2026-02-02 14:21:30,[-148.71794871794873|-137.72893772893772|-180.95238095238096|-169.96336996336996|-205.12820512820514]
1143,2026-02-02 14:21:30,[-212.45421245421247|-208.05860805860806|-230.76923076923077|-168.4981684981685|-193.4065934065934]
1144,2026-02-02 14:21:30,[-202.93040293040292|-166.3003663003663|-217.58241758241758|-134.7985347985348|-156.04395604395606]
1145,2026-02-02 14:21:30,[-167.03296703296704|-153.84615384615384|-191.2087912087912|-142.12454212454213|-180.95238095238096]
1146,2026-02-02 14:21:30,[-180.95238095238096|-178.02197802197801|-169.96336996336996|-112.82051282051282|-154.57875457875457]
1147,2026-02-02 14:21:30,[-183.15018315018315|-132.6007326007326|-171.42857142857142|-156.04395604395606|-157.50915750915752]
1148,2026-02-02 14:21:30,[-153.1135531135531|-136.996336996337|-179.48717948717947|-120.14652014652015|-145.78754578754578]
1149,2026-02-02 14:21:30,[-161.9047619047619|-119.41391941391942|-153.84615384615384|-118.68131868131869|-117.94871794871794]
1150,2026-02-02 14:21:30,[-174.35897435897436|-135.53113553113553|-153.1135531135531|-112.08791208791209|-120.87912087912088]
1151,2026-02-02 14:21:30,[-115.01831501831502|-133.33333333333334|-148.71794871794873|-71.06227106227107|-113.55311355311355]
1152,2026-02-02 14:21:30,[-126.73992673992674|-87.17948717948718|-78.3882783882784|-30.036630036630036|-73.26007326007326]
1153,2026-02-02 14:21:30,[-125.27472527472527|-144.32234432234432|-148.71794871794873|-71.06227106227107|-126.73992673992674]
1154,2026-02-02 14:21:30,[-123.80952380952381|-121.6117216117216|-148.71794871794873|-106.22710622710623|-43.223443223443226]
1155,2026-02-02 14:21:30,[301.0989010989011|736.2637362637363|538.4615384615385|56.41025641025641|-340.65934065934067]
1156,2026-02-02 14:21:30,[-276.1904761904762|-136.996336996337|-117.94871794871794|-76.92307692307692|-102.56410256410257]
1157,2026-02-02 14:21:30,[-66.66666666666667|-62.27106227106227|-104.02930402930403|-54.94505494505494|-65.93406593406593]
1158,2026-02-02 14:21:30,[-73.26007326007326|-28.571428571428573|-50.54945054945055|-9.523809523809524|-19.047619047619047]
1159,2026-02-02 14:21:31,[-21.978021978021978|28.571428571428573|-16.84981684981685|53.47985347985348|52.014652014652015]
1160,2026-02-02 14:21:31,[91.57509157509158|120.14652014652015|132.6007326007326|186.8131868131868|173.62637362637363]
1161,2026-02-02 14:21:31,[145.78754578754578|221.97802197802199|150.1831501831502|157.50915750915752|123.07692307692308]
1162,2026-02-02 14:21:31,[41.75824175824176|21.245421245421245|-101.83150183150182|-103.2967032967033|-126.73992673992674]
1163,2026-02-02 14:21:31,[-172.16117216117217|-179.48717948717947|-212.45421245421247|-189.74358974358975|-202.93040293040292]
1164,2026-02-02 14:21:31,[-213.1868131868132|-157.50915750915752|-203.66300366300365|-183.15018315018315|-189.74358974358975]
1165,2026-02-02 14:21:31,[-194.87179487179486|-127.47252747252747|-174.35897435897436|-171.42857142857142|-181.6849816849817]
1166,2026-02-02 14:21:31,[-167.03296703296704|-134.06593406593407|-173.62637362637363|-147.25274725274724|-172.16117216117217]
1167,2026-02-02 14:21:31,[-171.42857142857142|-109.15750915750915|-187.54578754578753|-142.85714285714286|-142.85714285714286]
1168,2026-02-02 14:21:31,[-172.8937728937729|-176.55677655677655|-201.46520146520146|-148.71794871794873|-170.6959706959707]
1169,2026-02-02 14:21:31,[-145.78754578754578|-135.53113553113553|-188.2783882783883|-144.32234432234432|-153.1135531135531]
1170,2026-02-02 14:21:31,[-153.1135531135531|-108.42490842490842|-170.6959706959707|-161.9047619047619|-136.996336996337]
1171,2026-02-02 14:21:31,[-165.56776556776558|-115.01831501831502|-192.67399267399267|-110.62271062271063|-126.73992673992674]
1172,2026-02-02 14:21:31,[-136.996336996337|-107.6923076923077|-158.97435897435898|-94.50549450549451|-112.08791208791209]
1173,2026-02-02 14:21:31,[-123.80952380952381|-70.32967032967034|-98.9010989010989|-62.27106227106227|-77.65567765567765]
1174,2026-02-02 14:21:31,[-134.06593406593407|-115.01831501831502|-153.1135531135531|-121.6117216117216|-135.53113553113553]
1175,2026-02-02 14:21:31,[-134.06593406593407|-100.36630036630036|-180.95238095238096|-100.36630036630036|32.234432234432234]
1176,2026-02-02 14:21:31,[403.6630036630037|733.3333333333334|373.6263736263736|-157.50915750915752|-342.12454212454213]
1177,2026-02-02 14:21:31,[-271.79487179487177|-120.87912087912088|-122.34432234432235|-109.89010989010988|-111.35531135531136]
1178,2026-02-02 14:21:31,[-77.65567765567765|-70.32967032967034|-122.34432234432235|-54.94505494505494|-73.26007326007326]
1179,2026-02-02 14:21:31,[-101.83150183150182|-16.84981684981685|-62.27106227106227|-47.61904761904762|-20.512820512820515]
1180,2026-02-02 14:21:31,[-47.61904761904762|28.571428571428573|14.652014652014651|50.54945054945055|40.29304029304029]
1181,2026-02-02 14:21:31,[52.747252747252745|157.50915750915752|123.80952380952381|163.36996336996336|181.6849816849817]
1182,2026-02-02 14:21:31,[171.42857142857142|182.41758241758242|136.996336996337|157.50915750915752|69.59706959706959]
1183,2026-02-02 14:21:32,[5.128205128205129|21.245421245421245|-93.77289377289377|-125.27472527472527|-166.3003663003663]
1184,2026-02-02 14:21:32,[-168.4981684981685|-153.1135531135531|-242.49084249084248|-200.73260073260073|-213.91941391941393]
1185,2026-02-02 14:21:32,[-213.1868131868132|-165.56776556776558|-205.12820512820514|-194.13919413919413|-204.3956043956044]
1186,2026-02-02 14:21:32,[-214.65201465201466|-117.94871794871794|-169.23076923076923|-182.41758241758242|-180.95238095238096]
1187,2026-02-02 14:21:32,[-182.41758241758242|-135.53113553113553|-188.2783882783883|-136.996336996337|-164.83516483516485]
1188,2026-02-02 14:21:32,[-207.32600732600733|-105.49450549450549|-167.03296703296704|-158.97435897435898|-176.55677655677655]
1189,2026-02-02 14:21:32,[-179.48717948717947|-142.85714285714286|-210.25641025641025|-161.9047619047619|-113.55311355311355]
1190,2026-02-02 14:21:32,[-191.2087912087912|-133.33333333333334|-145.78754578754578|-132.6007326007326|-167.76556776556777]
1191,2026-02-02 14:21:32,[-169.96336996336996|-83.51648351648352|-183.15018315018315|-153.1135531135531|-161.9047619047619]
1192,2026-02-02 14:21:32,[-149.45054945054946|-87.17948717948718|-158.24175824175825|-145.78754578754578|-123.80952380952381]
1193,2026-02-02 14:21:32,[-127.47252747252747|-60.8058608058608|-126.73992673992674|-108.42490842490842|-120.87912087912088]
1194,2026-02-02 14:21:32,[-119.41391941391942|-37.362637362637365|-78.3882783882784|-95.97069597069597|-160.43956043956044]
1195,2026-02-02 14:21:32,[-173.62637362637363|-76.19047619047619|-136.996336996337|-142.85714285714286|-118.68131868131869]
1196,2026-02-02 14:21:32,[-153.1135531135531|-142.85714285714286|-131.86813186813185|219.78021978021977|614.6520146520146]
1197,2026-02-02 14:21:32,[638.8278388278388|179.48717948717947|-336.2637362637363|-295.97069597069594|-178.02197802197801]
1198,2026-02-02 14:21:32,[-164.10256410256412|-96.7032967032967|-112.08791208791209|-101.83150183150182|-112.08791208791209]
1199,2026-02-02 14:21:32,[-84.98168498168498|-47.61904761904762|-110.62271062271063|-50.54945054945055|-49.08424908424909]
1200,2026-02-02 14:21:32,[-52.014652014652015|12.454212454212454|-54.94505494505494|-28.571428571428573|16.84981684981685]
1201,2026-02-02 14:21:32,[-21.245421245421245|41.75824175824176|5.128205128205129|75.45787545787546|120.14652014652015]
1202,2026-02-02 14:21:32,[123.07692307692308|170.6959706959707|166.3003663003663|213.1868131868132|172.8937728937729]
1203,2026-02-02 14:21:32,[136.996336996337|205.12820512820514|107.6923076923077|44.688644688644686|4.395604395604396]
1204,2026-02-02 14:21:32,[-79.85347985347985|-72.52747252747253|-164.10256410256412|-166.3003663003663|-154.57875457875457]
1205,2026-02-02 14:21:32,[-208.7912087912088|-182.41758241758242|-239.56043956043956|-189.74358974358975|-183.15018315018315]
1206,2026-02-02 14:21:32,[-172.16117216117217|-167.76556776556777|-209.52380952380952|-153.84615384615384|-145.05494505494505]
1207,2026-02-02 14:21:32,[-204.3956043956044|-136.996336996337|-189.74358974358975|-132.6007326007326|-170.6959706959707]
1208,2026-02-02 14:21:32,[-166.3003663003663|-120.87912087912088|-183.88278388278388|-155.3113553113553|-134.7985347985348]
1209,2026-02-02 14:21:33,[-178.02197802197801|-144.32234432234432|-183.15018315018315|-147.25274725274724|-155.3113553113553]
1210,2026-02-02 14:21:33,[-188.2783882783883|-124.54212454212454|-158.97435897435898|-164.10256410256412|-147.98534798534797]
1211,2026-02-02 14:21:33,[-172.8937728937729|-123.80952380952381|-161.9047619047619|-109.15750915750915|-123.80952380952381]
1212,2026-02-02 14:21:33,[-164.83516483516485|-115.01831501831502|-153.1135531135531|-132.6007326007326|-122.34432234432235]
1213,2026-02-02 14:21:33,[-143.5897435897436|-97.43589743589743|-142.85714285714286|-113.55311355311355|-106.95970695970696]
1214,2026-02-02 14:21:33,[-170.6959706959707|-88.64468864468864|-133.33333333333334|-117.94871794871794|-84.24908424908425]
1215,2026-02-02 14:21:33,[-123.80952380952381|-68.13186813186813|-95.97069597069597|-41.75824175824176|-28.571428571428573]
1216,2026-02-02 14:21:33,[-81.31868131868131|-85.71428571428571|-154.57875457875457|-101.0989010989011|-99.63369963369964]
1217,2026-02-02 14:21:33,[-156.04395604395606|-97.43589743589743|-115.01831501831502|-132.6007326007326|-115.01831501831502]
1218,2026-02-02 14:21:33,[63.00366300366301|512.8205128205128|761.1721611721612|342.12454212454213|-152.38095238095238]
1219,2026-02-02 14:21:33,[-324.54212454212455|-172.16117216117217|-147.25274725274724|-112.08791208791209|-85.71428571428571]
1220,2026-02-02 14:21:33,[-117.94871794871794|-47.61904761904762|-87.91208791208791|-79.85347985347985|-71.7948717948718]
1221,2026-02-02 14:21:33,[-76.19047619047619|-16.84981684981685|-50.54945054945055|-43.223443223443226|-20.512820512820515]
1222,2026-02-02 14:21:33,[-52.747252747252745|19.78021978021978|12.454212454212454|21.245421245421245|40.29304029304029]
1223,2026-02-02 14:21:33,[18.315018315018314|147.25274725274724|101.0989010989011|147.25274725274724|182.41758241758242]
1224,2026-02-02 14:21:33,[131.13553113553112|230.76923076923077|180.95238095238096|175.82417582417582|156.04395604395606]
1225,2026-02-02 14:21:33,[53.47985347985348|87.17948717948718|-32.967032967032964|-71.7948717948718|-98.9010989010989]
1226,2026-02-02 14:21:33,[-200.73260073260073|-158.24175824175825|-220.51282051282053|-178.02197802197801|-196.33699633699635]
1227,2026-02-02 14:21:33,[-200.0|-155.3113553113553|-193.4065934065934|-202.1978021978022|-189.74358974358975]
1228,2026-02-02 14:21:33,[-193.4065934065934|-131.13553113553112|-194.13919413919413|-183.15018315018315|-159.7069597069597]
1229,2026-02-02 14:21:33,[-228.57142857142858|-131.13553113553112|-164.83516483516485|-144.32234432234432|-164.83516483516485]
1230,2026-02-02 14:21:33,[-167.76556776556777|-120.14652014652015|-188.2783882783883|-164.83516483516485|-150.1831501831502]
1231,2026-02-02 14:21:33,[-183.15018315018315|-136.26373626373626|-153.84615384615384|-158.97435897435898|-156.7765567765568]
1232,2026-02-02 14:21:33,[-205.12820512820514|-99.63369963369964|-170.6959706959707|-158.97435897435898|-130.4029304029304]
1233,2026-02-02 14:21:33,[-148.71794871794873|-110.62271062271063|-173.62637362637363|-175.0915750915751|-103.2967032967033]
1234,2026-02-02 14:21:34,[-127.47252747252747|-107.6923076923077|-137.72893772893772|-143.5897435897436|-114.28571428571429]
1235,2026-02-02 14:21:34,[-147.25274725274724|-100.36630036630036|-154.57875457875457|-110.62271062271063|-102.56410256410257]
1236,2026-02-02 14:21:34,[-146.5201465201465|-94.50549450549451|-124.54212454212454|-116.48351648351648|-65.2014652014652]
1237,2026-02-02 14:21:34,[-124.54212454212454|19.78021978021978|-90.10989010989012|-78.3882783882784|-62.27106227106227]
1238,2026-02-02 14:21:34,[-173.62637362637363|-100.36630036630036|-134.7985347985348|-120.14652014652015|-100.36630036630036]
1239,2026-02-02 14:21:34,[-124.54212454212454|-101.83150183150182|-180.95238095238096|-64.46886446886447|245.42124542124543]
1240,2026-02-02 14:21:34,[585.3479853479854|686.4468864468864|145.78754578754578|-307.6923076923077|-263.003663003663]
1241,2026-02-02 14:21:34,[-263.003663003663|-115.75091575091575|-112.08791208791209|-98.9010989010989|-77.65567765567765]
1242,2026-02-02 14:21:34,[-124.54212454212454|-52.014652014652015|-75.45787545787546|-84.24908424908425|-59.34065934065934]
1243,2026-02-02 14:21:34,[-94.50549450549451|-20.512820512820515|-68.13186813186813|-27.106227106227106|-2.197802197802198]
1244,2026-02-02 14:21:34,[-76.92307692307692|16.117216117216117|-12.454212454212454|29.304029304029303|73.99267399267399]
1245,2026-02-02 14:21:34,[52.014652014652015|140.65934065934067|144.32234432234432|147.25274725274724|173.62637362637363]
1246,2026-02-02 14:21:34,[132.6007326007326|157.50915750915752|148.71794871794873|137.72893772893772|63.73626373626374]
1247,2026-02-02 14:21:34,[-106.22710622710623|-16.117216117216117|-83.51648351648352|-158.97435897435898|-194.13919413919413]
1248,2026-02-02 14:21:34,[-218.3150183150183|-177.28937728937728|-211.7216117216117|-223.44322344322345|-172.16117216117217]
1249,2026-02-02 14:21:34,[-220.51282051282053|-196.33699633699635|-192.67399267399267|-174.35897435897436|-188.2783882783883]
1250,2026-02-02 14:21:34,[-262.27106227106225|-145.78754578754578|-178.02197802197801|-182.41758241758242|-164.83516483516485]
1251,2026-02-02 14:21:34,[-219.04761904761904|-135.53113553113553|-204.3956043956044|-167.03296703296704|-123.07692307692308]
1252,2026-02-02 14:21:34,[-182.41758241758242|-161.9047619047619|-161.17216117216117|-181.6849816849817|-166.3003663003663]
1253,2026-02-02 14:21:34,[-188.2783882783883|-134.06593406593407|-175.0915750915751|-196.33699633699635|-135.53113553113553]
1254,2026-02-02 14:21:34,[-164.83516483516485|-113.55311355311355|-182.41758241758242|-160.43956043956044|-119.41391941391942]
1255,2026-02-02 14:21:34,[-179.48717948717947|-132.6007326007326|-147.25274725274724|-156.04395604395606|-145.78754578754578]
1256,2026-02-02 14:21:34,[-219.04761904761904|-105.49450549450549|-142.85714285714286|-141.3919413919414|-99.63369963369964]
1257,2026-02-02 14:21:34,[-148.71794871794873|-88.64468864468864|-99.63369963369964|-126.73992673992674|-98.9010989010989]
1258,2026-02-02 14:21:35,[-135.53113553113553|-43.223443223443226|-73.99267399267399|-131.13553113553112|-98.9010989010989]
1259,2026-02-02 14:21:35,[-207.32600732600733|-147.25274725274724|-127.47252747252747|-122.34432234432235|-112.08791208791209]
1260,2026-02-02 14:21:35,[-196.33699633699635|-134.06593406593407|-49.08424908424909|295.23809523809524|695.2380952380952]
1261,2026-02-02 14:21:35,[524.5421245421245|37.362637362637365|-380.95238095238096|-302.56410256410254|-146.5201465201465]
1262,2026-02-02 14:21:35,[-179.48717948717947|-82.78388278388279|-107.6923076923077|-109.15750915750915|-99.63369963369964]
1263,2026-02-02 14:21:35,[-113.55311355311355|-60.07326007326007|-122.34432234432235|-87.91208791208791|-26.373626373626372]
1264,2026-02-02 14:21:35,[-103.2967032967033|-18.315018315018314|-12.454212454212454|-24.175824175824175|5.86080586080586]
1265,2026-02-02 14:21:35,[-67.3992673992674|33.6996336996337|32.967032967032964|76.92307692307692|134.06593406593407]
1266,2026-02-02 14:21:35,[84.24908424908425|156.04395604395606|175.0915750915751|169.96336996336996|221.97802197802199]
1267,2026-02-02 14:21:35,[154.57875457875457|158.97435897435898|87.91208791208791|54.21245421245421|17.582417582417584]
1268,2026-02-02 14:21:35,[-152.38095238095238|-88.64468864468864|-147.25274725274724|-180.95238095238096|-158.97435897435898]
1269,2026-02-02 14:21:35,[-213.91941391941393|-147.25274725274724|-192.67399267399267|-219.78021978021977|-179.48717948717947]
1270,2026-02-02 14:21:35,[-216.84981684981685|-148.71794871794873|-167.76556776556777|-214.65201465201466|-160.43956043956044]
1271,2026-02-02 14:21:35,[-229.3040293040293|-120.14652014652015|-158.97435897435898|-201.46520146520146|-164.10256410256412]
1272,2026-02-02 14:21:35,[-174.35897435897436|-107.6923076923077|-167.76556776556777|-204.3956043956044|-191.2087912087912]
1273,2026-02-02 14:21:35,[-160.43956043956044|-110.62271062271063|-157.50915750915752|-169.23076923076923|-159.7069597069597]
1274,2026-02-02 14:21:35,[-235.16483516483515|-112.08791208791209|-153.1135531135531|-169.96336996336996|-134.7985347985348]
1275,2026-02-02 14:21:35,[-152.38095238095238|-169.23076923076923|-131.13553113553112|-117.94871794871794|-141.3919413919414]
1276,2026-02-02 14:21:35,[-189.74358974358975|-102.56410256410257|-134.06593406593407|-150.1831501831502|-110.62271062271063]
1277,2026-02-02 14:21:35,[-197.06959706959708|-123.80952380952381|-123.80952380952381|-135.53113553113553|-109.15750915750915]
1278,2026-02-02 14:21:35,[-126.73992673992674|-102.56410256410257|-109.15750915750915|-135.53113553113553|-88.64468864468864]
1279,2026-02-02 14:21:35,[-127.47252747252747|-31.501831501831504|-48.35164835164835|-84.24908424908425|-50.54945054945055]
1280,2026-02-02 14:21:35,[-204.3956043956044|-112.08791208791209|-101.83150183150182|-143.5897435897436|-98.9010989010989]
1281,2026-02-02 14:21:35,[-169.23076923076923|-101.0989010989011|-127.47252747252747|-103.2967032967033|249.08424908424908]
1282,2026-02-02 14:21:35,[632.2344322344322|696.7032967032967|148.71794871794873|-320.1465201465202|-267.3992673992674]
1283,2026-02-02 14:21:35,[-239.56043956043956|-87.91208791208791|-111.35531135531136|-114.28571428571429|-76.19047619047619]
1284,2026-02-02 14:21:36,[-99.63369963369964|-52.014652014652015|-72.52747252747253|-85.71428571428571|-53.47985347985348]
1285,2026-02-02 14:21:36,[-79.85347985347985|-31.501831501831504|-19.047619047619047|-52.747252747252745|-24.175824175824175]
1286,2026-02-02 14:21:36,[-53.47985347985348|43.223443223443226|56.41025641025641|15.384615384615385|93.04029304029304]
1287,2026-02-02 14:21:36,[55.67765567765568|124.54212454212454|163.36996336996336|168.4981684981685|217.58241758241758]
1288,2026-02-02 14:21:36,[155.3113553113553|174.35897435897436|206.5934065934066|128.2051282051282|81.31868131868131]
1289,2026-02-02 14:21:36,[-53.47985347985348|-30.036630036630036|-73.99267399267399|-150.1831501831502|-142.85714285714286]
1290,2026-02-02 14:21:36,[-188.2783882783883|-180.95238095238096|-172.16117216117217|-194.13919413919413|-179.48717948717947]
1291,2026-02-02 14:21:36,[-226.37362637362637|-200.0|-173.62637362637363|-167.76556776556777|-173.62637362637363]
1292,2026-02-02 14:21:36,[-267.3992673992674|-160.43956043956044|-135.53113553113553|-176.55677655677655|-164.83516483516485]
1293,2026-02-02 14:21:36,[-217.58241758241758|-195.6043956043956|-134.7985347985348|-167.03296703296704|-148.71794871794873]
1294,2026-02-02 14:21:36,[-201.46520146520146|-179.48717948717947|-156.04395604395606|-157.50915750915752|-136.996336996337]
1295,2026-02-02 14:21:36,[-261.53846153846155|-178.02197802197801|-156.04395604395606|-189.74358974358975|-147.25274725274724]
1296,2026-02-02 14:21:36,[-202.1978021978022|-157.50915750915752|-134.06593406593407|-164.83516483516485|-126.00732600732601]
1297,2026-02-02 14:21:36,[-199.26739926739927|-153.84615384615384|-154.57875457875457|-153.1135531135531|-136.996336996337]
1298,2026-02-02 14:21:36,[-242.49084249084248|-132.6007326007326|-110.62271062271063|-148.71794871794873|-133.33333333333334]
1299,2026-02-02 14:21:36,[-178.02197802197801|-132.6007326007326|-112.82051282051282|-156.04395604395606|-113.55311355311355]
1300,2026-02-02 14:21:36,[-148.71794871794873|-103.2967032967033|-98.9010989010989|-97.43589743589743|-62.27106227106227]
1301,2026-02-02 14:21:36,[-147.25274725274724|-123.80952380952381|-125.27472527472527|-177.28937728937728|-117.94871794871794]
1302,2026-02-02 14:21:36,[-142.85714285714286|-117.94871794871794|-147.25274725274724|-195.6043956043956|-117.94871794871794]
1303,2026-02-02 14:21:36,[10.989010989010989|454.94505494505495|708.4249084249084|362.6373626373626|-155.3113553113553]
1304,2026-02-02 14:21:36,[-429.3040293040293|-241.02564102564102|-147.25274725274724|-136.996336996337|-102.56410256410257]
1305,2026-02-02 14:21:36,[-154.57875457875457|-101.83150183150182|-103.2967032967033|-119.41391941391942|-49.08424908424909]
1306,2026-02-02 14:21:36,[-85.71428571428571|-85.71428571428571|-67.3992673992674|-59.34065934065934|-17.582417582417584]
1307,2026-02-02 14:21:36,[-107.6923076923077|-37.362637362637365|-16.84981684981685|-8.058608058608058|15.384615384615385]
1308,2026-02-02 14:21:36,[16.84981684981685|76.92307692307692|79.85347985347985|84.24908424908425|208.05860805860806]
1309,2026-02-02 14:21:37,[149.45054945054946|159.7069597069597|172.16117216117217|107.6923076923077|131.13553113553112]
1310,2026-02-02 14:21:37,[22.71062271062271|37.362637362637365|-27.106227106227106|-110.62271062271063|-101.0989010989011]
1311,2026-02-02 14:21:37,[-208.7912087912088|-201.46520146520146|-156.04395604395606|-213.1868131868132|-189.74358974358975]
1312,2026-02-02 14:21:37,[-267.3992673992674|-216.84981684981685|-179.48717948717947|-219.04761904761904|-193.4065934065934]
1313,2026-02-02 14:21:37,[-260.8058608058608|-170.6959706959707|-212.45421245421247|-201.46520146520146|-141.3919413919414]
1314,2026-02-02 14:21:37,[-208.7912087912088|-177.28937728937728|-179.48717948717947|-201.46520146520146|-150.1831501831502]
1315,2026-02-02 14:21:37,[-203.66300366300365|-178.02197802197801|-175.0915750915751|-219.04761904761904|-150.1831501831502]
1316,2026-02-02 14:21:37,[-224.17582417582418|-164.83516483516485|-148.71794871794873|-194.13919413919413|-144.32234432234432]
1317,2026-02-02 14:21:37,[-177.28937728937728|-142.85714285714286|-154.57875457875457|-205.86080586080587|-136.996336996337]
1318,2026-02-02 14:21:37,[-172.8937728937729|-150.1831501831502|-148.71794871794873|-167.03296703296704|-143.5897435897436]
1319,2026-02-02 14:21:37,[-182.41758241758242|-129.67032967032966|-146.5201465201465|-169.23076923076923|-101.83150183150182]
1320,2026-02-02 14:21:37,[-164.83516483516485|-119.41391941391942|-98.9010989010989|-160.43956043956044|-43.223443223443226]
1321,2026-02-02 14:21:37,[-117.94871794871794|-73.26007326007326|-84.98168498168498|-169.96336996336996|-122.34432234432235]
1322,2026-02-02 14:21:37,[-200.0|-129.67032967032966|-123.80952380952381|-159.7069597069597|-104.02930402930403]
1323,2026-02-02 14:21:37,[-173.62637362637363|-105.49450549450549|111.35531135531136|497.43589743589746|712.8205128205128]
1324,2026-02-02 14:21:37,[230.76923076923077|-255.67765567765568|-368.4981684981685|-263.7362637362637|-95.23809523809524]
1325,2026-02-02 14:21:37,[-176.55677655677655|-79.85347985347985|-75.45787545787546|-146.5201465201465|-51.282051282051285]
1326,2026-02-02 14:21:37,[-82.78388278388279|-64.46886446886447|-76.92307692307692|-87.17948717948718|5.128205128205129]
1327,2026-02-02 14:21:37,[-82.78388278388279|-35.8974358974359|6.593406593406593|-52.014652014652015|28.571428571428573]
1328,2026-02-02 14:21:37,[-19.78021978021978|36.63003663003663|62.27106227106227|62.27106227106227|128.2051282051282]
1329,2026-02-02 14:21:37,[112.08791208791209|185.34798534798534|185.34798534798534|170.6959706959707|204.3956043956044]
1330,2026-02-02 14:21:37,[112.08791208791209|121.6117216117216|76.92307692307692|-28.571428571428573|-13.91941391941392]
1331,2026-02-02 14:21:37,[-173.62637362637363|-165.56776556776558|-167.03296703296704|-169.23076923076923|-168.4981684981685]
1332,2026-02-02 14:21:37,[-227.1062271062271|-200.0|-211.7216117216117|-217.58241758241758|-156.04395604395606]
1333,2026-02-02 14:21:37,[-214.65201465201466|-173.62637362637363|-195.6043956043956|-213.91941391941393|-106.22710622710623]
1334,2026-02-02 14:21:37,[-237.36263736263737|-192.67399267399267|-161.17216117216117|-195.6043956043956|-128.2051282051282]
1335,2026-02-02 14:21:38,[-208.7912087912088|-191.2087912087912|-136.26373626373626|-193.4065934065934|-142.85714285714286]
1336,2026-02-02 14:21:38,[-150.1831501831502|-141.3919413919414|-167.03296703296704|-212.45421245421247|-146.5201465201465]
1337,2026-02-02 14:21:38,[-205.12820512820514|-189.74358974358975|-132.6007326007326|-189.74358974358975|-145.05494505494505]
1338,2026-02-02 14:21:38,[-158.24175824175825|-142.85714285714286|-123.80952380952381|-169.23076923076923|-120.87912087912088]
1339,2026-02-02 14:21:38,[-166.3003663003663|-147.25274725274724|-119.41391941391942|-167.76556776556777|-109.15750915750915]
1340,2026-02-02 14:21:38,[-217.58241758241758|-78.3882783882784|-65.2014652014652|-153.1135531135531|-93.77289377289377]
1341,2026-02-02 14:21:38,[-73.26007326007326|-71.7948717948718|-65.2014652014652|-150.1831501831502|-123.07692307692308]
1342,2026-02-02 14:21:38,[-156.04395604395606|-113.55311355311355|-85.71428571428571|-126.73992673992674|-99.63369963369964]
1343,2026-02-02 14:21:38,[-194.13919413919413|-120.87912087912088|37.362637362637365|350.9157509157509|743.5897435897435]
1344,2026-02-02 14:21:38,[452.01465201465203|-73.26007326007326|-339.9267399267399|-266.6666666666667|-107.6923076923077]
1345,2026-02-02 14:21:38,[-130.4029304029304|-76.92307692307692|-65.2014652014652|-105.49450549450549|-65.93406593406593]
1346,2026-02-02 14:21:38,[-145.78754578754578|-41.75824175824176|-40.29304029304029|-83.51648351648352|-5.128205128205129]
1347,2026-02-02 14:21:38,[-62.27106227106227|-9.523809523809524|15.384615384615385|-27.106227106227106|27.106227106227106]
1348,2026-02-02 14:21:38,[25.641025641025642|38.827838827838825|78.3882783882784|54.94505494505494|136.26373626373626]
1349,2026-02-02 14:21:38,[104.76190476190476|184.6153846153846|183.15018315018315|161.17216117216117|215.3846153846154]
1350,2026-02-02 14:21:38,[163.36996336996336|172.16117216117217|132.6007326007326|16.84981684981685|21.978021978021978]
1351,2026-02-02 14:21:38,[-47.61904761904762|-101.83150183150182|-123.80952380952381|-200.73260073260073|-145.05494505494505]
1352,2026-02-02 14:21:38,[-229.3040293040293|-175.0915750915751|-149.45054945054946|-204.3956043956044|-167.76556776556777]
1353,2026-02-02 14:21:38,[-178.02197802197801|-171.42857142857142|-141.3919413919414|-191.94139194139194|-126.73992673992674]
1354,2026-02-02 14:21:38,[-171.42857142857142|-160.43956043956044|-135.53113553113553|-176.55677655677655|-113.55311355311355]
1355,2026-02-02 14:21:38,[-208.7912087912088|-150.1831501831502|-109.15750915750915|-171.42857142857142|-115.01831501831502]
1356,2026-02-02 14:21:38,[-179.48717948717947|-143.5897435897436|-118.68131868131869|-191.2087912087912|-124.54212454212454]
1357,2026-02-02 14:21:38,[-150.1831501831502|-126.73992673992674|-115.01831501831502|-168.4981684981685|-109.15750915750915]
1358,2026-02-02 14:21:38,[-189.74358974358975|-118.68131868131869|-113.55311355311355|-148.71794871794873|-87.17948717948718]
1359,2026-02-02 14:21:39,[-141.3919413919414|-155.3113553113553|-106.22710622710623|-126.73992673992674|-75.45787545787546]
1360,2026-02-02 14:21:39,[-131.86813186813185|-112.82051282051282|-83.51648351648352|-87.91208791208791|-24.175824175824175]
1361,2026-02-02 14:21:39,[-124.54212454212454|-76.92307692307692|-77.65567765567765|-142.85714285714286|-86.44688644688645]
1362,2026-02-02 14:21:39,[-129.67032967032966|-132.6007326007326|-106.22710622710623|-131.13553113553112|-84.98168498168498]
1363,2026-02-02 14:21:39,[-132.6007326007326|78.3882783882784|507.6923076923077|728.2051282051282|391.94139194139194]
1364,2026-02-02 14:21:39,[-205.86080586080587|-329.6703296703297|-203.66300366300365|-154.57875457875457|-93.77289377289377]
1365,2026-02-02 14:21:39,[-89.37728937728937|-73.99267399267399|-47.61904761904762|-87.17948717948718|-41.02564102564103]
1366,2026-02-02 14:21:39,[-50.54945054945055|-32.967032967032964|-27.83882783882784|-55.67765567765568|15.384615384615385]
1367,2026-02-02 14:21:39,[-71.06227106227107|-25.641025641025642|-0.7326007326007326|-21.978021978021978|90.10989010989012]
1368,2026-02-02 14:21:39,[60.07326007326007|63.73626373626374|124.54212454212454|99.63369963369964|175.0915750915751]
1369,2026-02-02 14:21:39,[181.6849816849817|169.23076923076923|219.04761904761904|158.24175824175825|186.8131868131868]
1370,2026-02-02 14:21:39,[76.92307692307692|87.17948717948718|54.94505494505494|-56.41025641025641|-54.21245421245421]
1371,2026-02-02 14:21:39,[-130.4029304029304|-172.8937728937729|-119.41391941391942|-191.2087912087912|-178.02197802197801]
1372,2026-02-02 14:21:39,[-214.65201465201466|-205.86080586080587|-168.4981684981685|-204.3956043956044|-148.71794871794873]
1373,2026-02-02 14:21:39,[-252.74725274725276|-195.6043956043956|-142.12454212454213|-190.47619047619048|-164.10256410256412]
1374,2026-02-02 14:21:39,[-194.13919413919413|-167.76556776556777|-126.73992673992674|-189.74358974358975|-152.38095238095238]
1375,2026-02-02 14:21:39,[-158.24175824175825|-158.97435897435898|-145.78754578754578|-183.15018315018315|-132.6007326007326]
1376,2026-02-02 14:21:39,[-224.17582417582418|-189.74358974358975|-137.72893772893772|-178.75457875457874|-126.73992673992674]
1377,2026-02-02 14:21:39,[-160.43956043956044|-183.88278388278388|-148.71794871794873|-192.67399267399267|-106.22710622710623]
1378,2026-02-02 14:21:39,[-160.43956043956044|-160.43956043956044|-135.53113553113553|-164.83516483516485|-110.62271062271063]
1379,2026-02-02 14:21:39,[-173.62637362637363|-144.32234432234432|-72.52747252747253|-120.87912087912088|-96.7032967032967]
1380,2026-02-02 14:21:39,[-120.14652014652015|-141.3919413919414|-144.32234432234432|-195.6043956043956|-98.16849816849818]
1381,2026-02-02 14:21:39,[-146.5201465201465|-148.71794871794873|-121.6117216117216|-223.44322344322345|-97.43589743589743]
1382,2026-02-02 14:21:39,[52.014652014652015|442.4908424908425|684.981684981685|227.83882783882783|-229.3040293040293]
1383,2026-02-02 14:21:39,[-399.26739926739924|-294.5054945054945|-115.01831501831502|-150.1831501831502|-97.43589743589743]
1384,2026-02-02 14:21:40,[-119.41391941391942|-127.47252747252747|-73.26007326007326|-106.22710622710623|-60.8058608058608]
1385,2026-02-02 14:21:40,[-130.4029304029304|-75.45787545787546|-52.014652014652015|-60.07326007326007|-9.523809523809524]
1386,2026-02-02 14:21:40,[-38.095238095238095|-35.8974358974359|5.128205128205129|-19.78021978021978|40.29304029304029]
1387,2026-02-02 14:21:40,[54.94505494505494|65.2014652014652|127.47252747252747|97.43589743589743|192.67399267399267]
1388,2026-02-02 14:21:40,[120.14652014652015|150.1831501831502|203.66300366300365|107.6923076923077|121.6117216117216]
1389,2026-02-02 14:21:40,[31.501831501831504|-24.175824175824175|-64.46886446886447|-113.55311355311355|-126.00732600732601]
1390,2026-02-02 14:21:40,[-158.24175824175825|-200.0|-182.41758241758242|-242.49084249084248|-174.35897435897436]
1391,2026-02-02 14:21:40,[-238.82783882783883|-236.63003663003664|-182.41758241758242|-208.7912087912088|-156.04395604395606]
1392,2026-02-02 14:21:40,[-220.51282051282053|-181.6849816849817|-144.32234432234432|-215.3846153846154|-166.3003663003663]
1393,2026-02-02 14:21:40,[-164.83516483516485|-172.8937728937729|-147.98534798534797|-215.3846153846154|-172.8937728937729]
1394,2026-02-02 14:21:40,[-207.32600732600733|-182.41758241758242|-145.78754578754578|-194.13919413919413|-158.97435897435898]
1395,2026-02-02 14:21:40,[-168.4981684981685|-183.15018315018315|-141.3919413919414|-188.2783882783883|-136.26373626373626]
1396,2026-02-02 14:21:40,[-172.16117216117217|-176.55677655677655|-149.45054945054946|-169.96336996336996|-126.00732600732601]
1397,2026-02-02 14:21:40,[-220.51282051282053|-193.4065934065934|-105.49450549450549|-135.53113553113553|-129.67032967032966]
1398,2026-02-02 14:21:40,[-123.80952380952381|-144.32234432234432|-71.06227106227107|-119.41391941391942|-71.06227106227107]
1399,2026-02-02 14:21:40,[-125.27472527472527|-179.48717948717947|-131.13553113553112|-172.16117216117217|-150.1831501831502]
1400,2026-02-02 14:21:40,[-155.3113553113553|-133.33333333333334|-144.32234432234432|-167.76556776556777|50.54945054945055]
1401,2026-02-02 14:21:40,[394.13919413919416|731.8681318681319|447.6190476190476|-189.01098901098902|-330.4029304029304]
1402,2026-02-02 14:21:40,[-254.21245421245422|-144.32234432234432|-94.50549450549451|-158.24175824175825|-85.71428571428571]
1403,2026-02-02 14:21:40,[-123.80952380952381|-88.64468864468864|-40.29304029304029|-115.01831501831502|-51.282051282051285]
1404,2026-02-02 14:21:40,[-62.27106227106227|-62.27106227106227|-12.454212454212454|-76.19047619047619|-24.90842490842491]
1405,2026-02-02 14:21:40,[-20.512820512820515|7.326007326007326|31.501831501831504|-5.86080586080586|84.24908424908425]
1406,2026-02-02 14:21:40,[39.56043956043956|97.43589743589743|157.50915750915752|112.08791208791209|197.06959706959708]
1407,2026-02-02 14:21:40,[182.41758241758242|160.43956043956044|180.95238095238096|79.12087912087912|90.84249084249085]
1408,2026-02-02 14:21:41,[35.16483516483517|-51.282051282051285|-74.72527472527473|-142.85714285714286|-143.5897435897436]
1409,2026-02-02 14:21:41,[-239.56043956043956|-208.05860805860806|-126.73992673992674|-207.32600732600733|-182.41758241758242]
1410,2026-02-02 14:21:41,[-180.95238095238096|-214.65201465201466|-126.73992673992674|-208.7912087912088|-172.16117216117217]
1411,2026-02-02 14:21:41,[-154.57875457875457|-173.62637362637363|-150.1831501831502|-194.87179487179486|-156.04395604395606]
1412,2026-02-02 14:21:41,[-183.15018315018315|-180.95238095238096|-135.53113553113553|-167.03296703296704|-147.25274725274724]
1413,2026-02-02 14:21:41,[-169.23076923076923|-195.6043956043956|-136.996336996337|-174.35897435897436|-150.1831501831502]
1414,2026-02-02 14:21:41,[-154.57875457875457|-183.15018315018315|-102.56410256410257|-178.75457875457874|-158.97435897435898]
1415,2026-02-02 14:21:41,[-201.46520146520146|-169.96336996336996|-121.6117216117216|-194.13919413919413|-123.80952380952381]
1416,2026-02-02 14:21:41,[-131.86813186813185|-149.45054945054946|-110.62271062271063|-148.71794871794873|-120.87912087912088]
1417,2026-02-02 14:21:41,[-147.25274725274724|-107.6923076923077|-38.827838827838825|-126.73992673992674|-96.7032967032967]
1418,2026-02-02 14:21:41,[-170.6959706959707|-164.83516483516485|-126.00732600732601|-169.23076923076923|-126.00732600732601]
1419,2026-02-02 14:21:41,[-131.86813186813185|-191.2087912087912|-144.32234432234432|-119.41391941391942|157.50915750915752]
1420,2026-02-02 14:21:41,[543.5897435897435|683.5164835164835|254.94505494505495|-337.72893772893775|-336.996336996337]
1421,2026-02-02 14:21:41,[-260.0732600732601|-153.1135531135531|-76.92307692307692|-134.06593406593407|-126.73992673992674]
1422,2026-02-02 14:21:41,[-115.75091575091575|-94.50549450549451|-56.41025641025641|-119.41391941391942|-84.24908424908425]
1423,2026-02-02 14:21:41,[-65.93406593406593|-65.2014652014652|-19.78021978021978|-89.37728937728937|-21.245421245421245]
1424,2026-02-02 14:21:41,[-37.362637362637365|-21.245421245421245|31.501831501831504|18.315018315018314|87.17948717948718]
1425,2026-02-02 14:21:41,[91.57509157509158|86.44688644688645|147.25274725274724|147.25274725274724|186.08058608058607]
1426,2026-02-02 14:21:41,[158.97435897435898|135.53113553113553|163.36996336996336|109.15750915750915|44.688644688644686]
1427,2026-02-02 14:21:41,[-70.32967032967034|-76.19047619047619|-84.98168498168498|-178.02197802197801|-179.48717948717947]
1428,2026-02-02 14:21:41,[-194.13919413919413|-188.2783882783883|-164.83516483516485|-252.74725274725276|-191.2087912087912]
1429,2026-02-02 14:21:41,[-203.66300366300365|-213.1868131868132|-145.78754578754578|-202.93040293040292|-172.8937728937729]
1430,2026-02-02 14:21:41,[-216.11721611721612|-167.76556776556777|-135.53113553113553|-201.46520146520146|-173.62637362637363]
1431,2026-02-02 14:21:41,[-160.43956043956044|-173.62637362637363|-141.3919413919414|-181.6849816849817|-158.97435897435898]
1432,2026-02-02 14:21:41,[-179.48717948717947|-191.2087912087912|-88.64468864468864|-180.95238095238096|-172.16117216117217]
1433,2026-02-02 14:21:41,[-219.04761904761904|-142.85714285714286|-144.32234432234432|-189.74358974358975|-142.85714285714286]
1434,2026-02-02 14:21:42,[-152.38095238095238|-182.41758241758242|-131.86813186813185|-156.04395604395606|-122.34432234432235]
1435,2026-02-02 14:21:42,[-161.17216117216117|-167.76556776556777|-85.71428571428571|-136.996336996337|-124.54212454212454]
1436,2026-02-02 14:21:42,[-160.43956043956044|-135.53113553113553|-82.78388278388279|-123.07692307692308|-64.46886446886447]
1437,2026-02-02 14:21:42,[-43.223443223443226|-150.1831501831502|-115.01831501831502|-143.5897435897436|-101.83150183150182]
1438,2026-02-02 14:21:42,[-142.85714285714286|-143.5897435897436|-80.58608058608058|-159.7069597069597|-164.83516483516485]
1439,2026-02-02 14:21:42,[-87.91208791208791|267.3992673992674|683.5164835164835|550.1831501831501|17.582417582417584]
1440,2026-02-02 14:21:42,[-331.13553113553115|-336.2637362637363|-188.2783882783883|-169.23076923076923|-107.6923076923077]
1441,2026-02-02 14:21:42,[-106.22710622710623|-125.27472527472527|-66.66666666666667|-103.2967032967033|-82.78388278388279]
1442,2026-02-02 14:21:42,[-100.36630036630036|-87.17948717948718|-19.78021978021978|-71.7948717948718|-17.582417582417584]
1443,2026-02-02 14:21:42,[-3.663003663003663|-43.223443223443226|10.989010989010989|-29.304029304029303|49.81684981684982]
1444,2026-02-02 14:21:42,[87.17948717948718|56.41025641025641|137.72893772893772|110.62271062271063|155.3113553113553]
1445,2026-02-02 14:21:42,[147.25274725274724|197.06959706959708|216.84981684981685|131.13553113553112|130.4029304029304]
1446,2026-02-02 14:21:42,[112.82051282051282|15.384615384615385|13.91941391941392|-82.78388278388279|-101.83150183150182]
1447,2026-02-02 14:21:42,[-131.13553113553112|-191.2087912087912|-135.53113553113553|-214.65201465201466|-164.83516483516485]
1448,2026-02-02 14:21:42,[-224.9084249084249|-227.1062271062271|-167.76556776556777|-209.52380952380952|-150.1831501831502]
1449,2026-02-02 14:21:42,[-156.04395604395606|-183.15018315018315|-127.47252747252747|-192.67399267399267|-158.97435897435898]
1450,2026-02-02 14:21:42,[-142.12454212454213|-175.0915750915751|-126.73992673992674|-171.42857142857142|-134.06593406593407]
1451,2026-02-02 14:21:42,[-188.2783882783883|-161.9047619047619|-119.41391941391942|-179.48717948717947|-158.97435897435898]
1452,2026-02-02 14:21:42,[-158.97435897435898|-170.6959706959707|-120.14652014652015|-166.3003663003663|-148.71794871794873]
1453,2026-02-02 14:21:42,[-145.78754578754578|-189.74358974358975|-103.2967032967033|-152.38095238095238|-131.13553113553112]
1454,2026-02-02 14:21:42,[-200.0|-154.57875457875457|-97.43589743589743|-179.48717948717947|-142.85714285714286]
1455,2026-02-02 14:21:42,[-115.01831501831502|-147.25274725274724|-98.16849816849818|-153.1135531135531|-127.47252747252747]
1456,2026-02-02 14:21:42,[-95.97069597069597|-169.96336996336996|-75.45787545787546|-103.2967032967033|-60.07326007326007]
1457,2026-02-02 14:21:42,[-109.89010989010988|-166.3003663003663|-101.83150183150182|-155.3113553113553|-153.84615384615384]
1458,2026-02-02 14:21:42,[-98.9010989010989|-144.32234432234432|-99.63369963369964|-213.1868131868132|-166.3003663003663]
1459,2026-02-02 14:21:43,[100.36630036630036|498.16849816849816|780.952380952381|312.8205128205128|-195.6043956043956]
1460,2026-02-02 14:21:43,[-352.3809523809524|-223.44322344322345|-125.27472527472527|-134.06593406593407|-134.7985347985348]
1461,2026-02-02 14:21:43,[-84.24908424908425|-117.94871794871794|-65.93406593406593|-79.85347985347985|-72.52747252747253]
1462,2026-02-02 14:21:43,[-62.27106227106227|-77.65567765567765|-18.315018315018314|-54.94505494505494|-49.08424908424909]
1463,2026-02-02 14:21:43,[-78.3882783882784|-59.34065934065934|41.75824175824176|21.245421245421245|31.501831501831504]
1464,2026-02-02 14:21:43,[34.43223443223443|55.67765567765568|123.80952380952381|131.13553113553112|122.34432234432235]
1465,2026-02-02 14:21:43,[184.6153846153846|172.8937728937729|205.86080586080587|131.13553113553112|110.62271062271063]
1466,2026-02-02 14:21:43,[56.41025641025641|-5.128205128205129|-47.61904761904762|-122.34432234432235|-136.996336996337]
1467,2026-02-02 14:21:43,[-145.78754578754578|-195.6043956043956|-169.23076923076923|-239.56043956043956|-197.06959706959708]
1468,2026-02-02 14:21:43,[-178.02197802197801|-216.11721611721612|-165.56776556776558|-200.0|-202.1978021978022]
1469,2026-02-02 14:21:43,[-225.64102564102564|-194.87179487179486|-134.06593406593407|-199.26739926739927|-182.41758241758242]
1470,2026-02-02 14:21:43,[-178.02197802197801|-154.57875457875457|-123.07692307692308|-172.16117216117217|-161.9047619047619]
1471,2026-02-02 14:21:43,[-170.6959706959707|-179.48717948717947|-126.00732600732601|-182.41758241758242|-200.0]
1472,2026-02-02 14:21:43,[-204.3956043956044|-172.16117216117217|-103.2967032967033|-180.95238095238096|-189.74358974358975]
1473,2026-02-02 14:21:43,[-133.33333333333334|-153.1135531135531|-134.7985347985348|-167.76556776556777|-144.32234432234432]
1474,2026-02-02 14:21:43,[-135.53113553113553|-194.13919413919413|-124.54212454212454|-134.06593406593407|-152.38095238095238]
1475,2026-02-02 14:21:43,[-167.76556776556777|-166.3003663003663|-95.97069597069597|-145.78754578754578|-148.71794871794873]
1476,2026-02-02 14:21:43,[-120.87912087912088|-144.32234432234432|-90.10989010989012|-132.6007326007326|-115.01831501831502]
1477,2026-02-02 14:21:43,[-88.64468864468864|-131.13553113553112|-26.373626373626372|-84.24908424908425|-85.71428571428571]
1478,2026-02-02 14:21:43,[-123.80952380952381|-142.12454212454213|-112.08791208791209|-153.84615384615384|-128.2051282051282]
1479,2026-02-02 14:21:43,[-78.3882783882784|-154.57875457875457|-147.25274725274724|-180.21978021978023|-19.78021978021978]
1480,2026-02-02 14:21:43,[353.84615384615387|700.3663003663004|613.919413919414|-18.315018315018314|-359.7069597069597]
1481,2026-02-02 14:21:43,[-272.5274725274725|-169.96336996336996|-74.72527472527473|-125.27472527472527|-102.56410256410257]
1482,2026-02-02 14:21:43,[-76.19047619047619|-122.34432234432235|-49.08424908424909|-88.64468864468864|-75.45787545787546]
1483,2026-02-02 14:21:44,[-79.85347985347985|-85.71428571428571|12.454212454212454|-52.747252747252745|-54.94505494505494]
1484,2026-02-02 14:21:44,[-49.08424908424909|18.315018315018314|44.688644688644686|6.593406593406593|31.501831501831504]
1485,2026-02-02 14:21:44,[115.01831501831502|54.94505494505494|158.24175824175825|151.64835164835165|169.96336996336996]
1486,2026-02-02 14:21:44,[202.1978021978022|161.9047619047619|191.2087912087912|131.13553113553112|92.3076923076923]
1487,2026-02-02 14:21:44,[53.47985347985348|-48.35164835164835|-68.13186813186813|-135.53113553113553|-146.5201465201465]
1488,2026-02-02 14:21:44,[-167.76556776556777|-200.0|-155.3113553113553|-213.1868131868132|-229.3040293040293]
1489,2026-02-02 14:21:44,[-195.6043956043956|-195.6043956043956|-164.83516483516485|-202.93040293040292|-208.7912087912088]
1490,2026-02-02 14:21:44,[-194.13919413919413|-192.67399267399267|-131.13553113553112|-202.1978021978022|-177.28937728937728]
1491,2026-02-02 14:21:44,[-141.3919413919414|-182.41758241758242|-120.87912087912088|-164.83516483516485|-180.21978021978023]
1492,2026-02-02 14:21:44,[-143.5897435897436|-181.6849816849817|-115.01831501831502|-179.48717948717947|-172.16117216117217]
1493,2026-02-02 14:21:44,[-189.74358974358975|-180.95238095238096|-131.13553113553112|-164.83516483516485|-169.23076923076923]
1494,2026-02-02 14:21:44,[-136.996336996337|-156.04395604395606|-129.67032967032966|-161.9047619047619|-169.23076923076923]
1495,2026-02-02 14:21:44,[-120.87912087912088|-169.23076923076923|-112.08791208791209|-147.25274725274724|-153.84615384615384]
1496,2026-02-02 14:21:44,[-148.71794871794873|-146.5201465201465|-110.62271062271063|-153.1135531135531|-134.06593406593407]
1497,2026-02-02 14:21:44,[-101.83150183150182|-164.83516483516485|-123.80952380952381|-155.3113553113553|-117.94871794871794]
1498,2026-02-02 14:21:44,[-64.46886446886447|-122.34432234432235|-75.45787545787546|-86.44688644688645|-76.92307692307692]
1499,2026-02-02 14:21:44,[-70.32967032967034|-102.56410256410257|-110.62271062271063|-141.3919413919414|-126.73992673992674]
1500,2026-02-02 14:21:44,[-99.63369963369964|-126.73992673992674|-84.24908424908425|-160.43956043956044|-159.7069597069597]
1501,2026-02-02 14:21:44,[-106.95970695970696|-15.384615384615385|381.68498168498166|682.0512820512821|450.54945054945057]
1502,2026-02-02 14:21:44,[-62.27106227106227|-358.24175824175825|-252.74725274725276|-161.9047619047619|-132.6007326007326]
1503,2026-02-02 14:21:44,[-87.17948717948718|-120.87912087912088|-70.32967032967034|-96.7032967032967|-76.92307692307692]
1504,2026-02-02 14:21:44,[-61.53846153846154|-76.19047619047619|-24.175824175824175|-68.13186813186813|-50.54945054945055]
1505,2026-02-02 14:21:44,[-37.362637362637365|-31.501831501831504|8.058608058608058|-13.186813186813186|28.571428571428573]
1506,2026-02-02 14:21:44,[63.73626373626374|-4.395604395604396|97.43589743589743|104.76190476190476|122.34432234432235]
1507,2026-02-02 14:21:44,[175.82417582417582|161.17216117216117|204.3956043956044|157.50915750915752|167.76556776556777]
1508,2026-02-02 14:21:44,[113.55311355311355|52.014652014652015|68.13186813186813|-35.8974358974359|-111.35531135531136]
1509,2026-02-02 14:21:45,[-120.14652014652015|-197.06959706959708|-167.76556776556777|-182.41758241758242|-207.32600732600733]
1510,2026-02-02 14:21:45,[-168.4981684981685|-240.2930402930403|-193.4065934065934|-219.04761904761904|-221.97802197802199]
1511,2026-02-02 14:21:45,[-209.52380952380952|-219.04761904761904|-167.76556776556777|-182.41758241758242|-207.32600732600733]
1512,2026-02-02 14:21:45,[-141.3919413919414|-189.74358974358975|-159.7069597069597|-171.42857142857142|-182.41758241758242]
1513,2026-02-02 14:21:45,[-117.94871794871794|-170.6959706959707|-157.50915750915752|-195.6043956043956|-178.75457875457874]
1514,2026-02-02 14:21:45,[-178.02197802197801|-171.42857142857142|-170.6959706959707|-143.5897435897436|-179.48717948717947]
1515,2026-02-02 14:21:45,[-149.45054945054946|-169.23076923076923|-122.34432234432235|-169.96336996336996|-189.74358974358975]
1516,2026-02-02 14:21:45,[-155.3113553113553|-154.57875457875457|-142.85714285714286|-168.4981684981685|-147.25274725274724]
1517,2026-02-02 14:21:45,[-147.25274725274724|-166.3003663003663|-115.01831501831502|-141.3919413919414|-135.53113553113553]
1518,2026-02-02 14:21:45,[-107.6923076923077|-169.96336996336996|-119.41391941391942|-146.5201465201465|-123.80952380952381]
1519,2026-02-02 14:21:45,[-108.42490842490842|-128.2051282051282|-120.87912087912088|-120.87912087912088|-112.08791208791209]
1520,2026-02-02 14:21:45,[-97.43589743589743|-125.27472527472527|-105.49450549450549|-88.64468864468864|-95.97069597069597]
1521,2026-02-02 14:21:45,[-19.78021978021978|-80.58608058608058|-70.32967032967034|-97.43589743589743|-115.75091575091575]
1522,2026-02-02 14:21:45,[-119.41391941391942|-144.32234432234432|-77.65567765567765|-94.50549450549451|-127.47252747252747]
1523,2026-02-02 14:21:45,[-157.50915750915752|-182.41758241758242|14.652014652014651|382.4175824175824|712.8205128205128]
1524,2026-02-02 14:21:45,[583.1501831501831|-37.362637362637365|-301.0989010989011|-260.0732600732601|-147.25274725274724]
1525,2026-02-02 14:21:45,[-77.65567765567765|-113.55311355311355|-66.66666666666667|-109.15750915750915|-123.80952380952381]
1526,2026-02-02 14:21:45,[-88.64468864468864|-88.64468864468864|-50.54945054945055|-78.3882783882784|-60.8058608058608]
1527,2026-02-02 14:21:45,[-8.058608058608058|-62.27106227106227|-21.245421245421245|-17.582417582417584|-14.652014652014651]
1528,2026-02-02 14:21:45,[27.106227106227106|-31.501831501831504|80.58608058608058|93.04029304029304|88.64468864468864]
1529,2026-02-02 14:21:45,[131.13553113553112|123.80952380952381|179.48717948717947|154.57875457875457|169.23076923076923]
1530,2026-02-02 14:21:45,[205.86080586080587|125.27472527472527|126.73992673992674|40.29304029304029|-34.43223443223443]
1531,2026-02-02 14:21:45,[-24.90842490842491|-142.85714285714286|-142.85714285714286|-173.62637362637363|-183.15018315018315]
1532,2026-02-02 14:21:45,[-208.7912087912088|-241.02564102564102|-192.67399267399267|-213.1868131868132|-202.1978021978022]
1533,2026-02-02 14:21:45,[-174.35897435897436|-196.33699633699635|-176.55677655677655|-173.62637362637363|-175.0915750915751]
1534,2026-02-02 14:21:46,[-147.25274725274724|-208.7912087912088|-166.3003663003663|-153.84615384615384|-173.62637362637363]
1535,2026-02-02 14:21:46,[-190.47619047619048|-208.7912087912088|-150.1831501831502|-150.1831501831502|-180.21978021978023]
1536,2026-02-02 14:21:46,[-132.6007326007326|-170.6959706959707|-149.45054945054946|-180.95238095238096|-200.0]
1537,2026-02-02 14:21:46,[-131.13553113553112|-191.94139194139194|-142.85714285714286|-146.5201465201465|-167.03296703296704]
1538,2026-02-02 14:21:46,[-143.5897435897436|-172.16117216117217|-145.78754578754578|-120.14652014652015|-153.84615384615384]
1539,2026-02-02 14:21:46,[-148.71794871794873|-172.16117216117217|-97.43589743589743|-126.73992673992674|-144.32234432234432]
1540,2026-02-02 14:21:46,[-105.49450549450549|-153.84615384615384|-136.996336996337|-131.13553113553112|-126.73992673992674]
1541,2026-02-02 14:21:46,[-114.28571428571429|-129.67032967032966|-142.85714285714286|-112.08791208791209|-122.34432234432235]
1542,2026-02-02 14:21:46,[-94.50549450549451|-145.78754578754578|-76.92307692307692|-103.2967032967033|-113.55311355311355]
1543,2026-02-02 14:21:46,[-78.3882783882784|-124.54212454212454|-46.88644688644688|-65.2014652014652|-73.99267399267399]
1544,2026-02-02 14:21:46,[-41.75824175824176|-116.48351648351648|-122.34432234432235|-126.73992673992674|-123.07692307692308]
1545,2026-02-02 14:21:46,[-76.19047619047619|-143.5897435897436|-89.37728937728937|-128.2051282051282|-150.1831501831502]
1546,2026-02-02 14:21:46,[113.55311355311355|503.2967032967033|805.1282051282051|350.9157509157509|-236.63003663003664]
1547,2026-02-02 14:21:46,[-342.85714285714283|-202.93040293040292|-88.64468864468864|-100.36630036630036|-129.67032967032966]
1548,2026-02-02 14:21:46,[-56.41025641025641|-106.22710622710623|-80.58608058608058|-54.94505494505494|-60.8058608058608]
1549,2026-02-02 14:21:46,[-36.63003663003663|-78.3882783882784|-31.501831501831504|-13.91941391941392|-47.61904761904762]
1550,2026-02-02 14:21:46,[-37.362637362637365|-21.245421245421245|18.315018315018314|18.315018315018314|10.989010989010989]
1551,2026-02-02 14:21:46,[100.36630036630036|57.875457875457876|121.6117216117216|131.13553113553112|161.17216117216117]
1552,2026-02-02 14:21:46,[214.65201465201466|158.24175824175825|183.88278388278388|156.7765567765568|131.13553113553112]
1553,2026-02-02 14:21:46,[91.57509157509158|32.234432234432234|-12.454212454212454|-112.08791208791209|-135.53113553113553]
1554,2026-02-02 14:21:46,[-103.2967032967033|-182.41758241758242|-216.84981684981685|-188.2783882783883|-182.41758241758242]
1555,2026-02-02 14:21:46,[-165.56776556776558|-252.74725274725276|-190.47619047619048|-170.6959706959707|-202.93040293040292]
1556,2026-02-02 14:21:46,[-196.33699633699635|-205.12820512820514|-169.96336996336996|-156.04395604395606|-178.75457875457874]
1557,2026-02-02 14:21:46,[-145.78754578754578|-173.62637362637363|-147.25274725274724|-153.1135531135531|-153.84615384615384]
1558,2026-02-02 14:21:47,[-142.85714285714286|-182.41758241758242|-156.04395604395606|-156.04395604395606|-176.55677655677655]
1559,2026-02-02 14:21:47,[-182.41758241758242|-161.9047619047619|-145.78754578754578|-135.53113553113553|-191.2087912087912]
1560,2026-02-02 14:21:47,[-120.14652014652015|-159.7069597069597|-148.71794871794873|-158.24175824175825|-179.48717948717947]
1561,2026-02-02 14:21:47,[-126.73992673992674|-164.83516483516485|-147.98534798534797|-121.6117216117216|-164.10256410256412]
1562,2026-02-02 14:21:47,[-144.32234432234432|-141.3919413919414|-135.53113553113553|-132.6007326007326|-148.71794871794873]
1563,2026-02-02 14:21:47,[-100.36630036630036|-164.83516483516485|-128.2051282051282|-123.80952380952381|-156.04395604395606]
1564,2026-02-02 14:21:47,[-97.43589743589743|-147.25274725274724|-96.7032967032967|-83.51648351648352|-101.83150183150182]
1565,2026-02-02 14:21:47,[-132.6007326007326|-111.35531135531136|-59.34065934065934|-67.3992673992674|-118.68131868131869]
1566,2026-02-02 14:21:47,[-56.41025641025641|-134.06593406593407|-131.86813186813185|-123.07692307692308|-123.07692307692308]
1567,2026-02-02 14:21:47,[-60.8058608058608|-125.27472527472527|-147.25274725274724|-147.25274725274724|-115.01831501831502]
1568,2026-02-02 14:21:47,[260.0732600732601|643.9560439560439|616.8498168498169|121.6117216117216|-317.2161172161172]
1569,2026-02-02 14:21:47,[-260.8058608058608|-194.13919413919413|-106.95970695970696|-101.0989010989011|-113.55311355311355]
1570,2026-02-02 14:21:47,[-59.34065934065934|-103.2967032967033|-62.27106227106227|-60.8058608058608|-104.02930402930403]
1571,2026-02-02 14:21:47,[-72.52747252747253|-31.501831501831504|-42.49084249084249|-37.362637362637365|-34.43223443223443]
1572,2026-02-02 14:21:47,[-1.465201465201465|-17.582417582417584|-7.326007326007326|43.223443223443226|37.362637362637365]
1573,2026-02-02 14:21:47,[87.17948717948718|81.31868131868131|145.78754578754578|150.91575091575092|149.45054945054946]
1574,2026-02-02 14:21:47,[183.88278388278388|155.3113553113553|186.8131868131868|156.04395604395606|101.83150183150182]
1575,2026-02-02 14:21:47,[98.16849816849818|-5.128205128205129|-60.8058608058608|-102.56410256410257|-135.53113553113553]
1576,2026-02-02 14:21:47,[-135.53113553113553|-194.87179487179486|-191.94139194139194|-176.55677655677655|-224.17582417582418]
1577,2026-02-02 14:21:47,[-202.93040293040292|-224.9084249084249|-200.73260073260073|-167.03296703296704|-224.17582417582418]
1578,2026-02-02 14:21:47,[-156.04395604395606|-182.41758241758242|-191.2087912087912|-182.41758241758242|-167.03296703296704]
1579,2026-02-02 14:21:47,[-123.80952380952381|-194.13919413919413|-190.47619047619048|-125.27472527472527|-169.96336996336996]
1580,2026-02-02 14:21:47,[-189.01098901098902|-193.4065934065934|-156.04395604395606|-150.1831501831502|-208.05860805860806]
1581,2026-02-02 14:21:47,[-132.6007326007326|-167.76556776556777|-150.1831501831502|-161.9047619047619|-188.2783882783883]
1582,2026-02-02 14:21:47,[-134.06593406593407|-172.16117216117217|-157.50915750915752|-142.12454212454213|-173.62637362637363]
1583,2026-02-02 14:21:47,[-167.03296703296704|-160.43956043956044|-161.9047619047619|-132.6007326007326|-169.96336996336996]
1584,2026-02-02 14:21:48,[-110.62271062271063|-169.23076923076923|-128.2051282051282|-118.68131868131869|-175.0915750915751]
1585,2026-02-02 14:21:48,[-86.44688644688645|-150.1831501831502|-118.68131868131869|-98.16849816849818|-178.02197802197801]
1586,2026-02-02 14:21:48,[-152.38095238095238|-134.06593406593407|-118.68131868131869|-87.17948717948718|-98.16849816849818]
1587,2026-02-02 14:21:48,[-50.54945054945055|-123.80952380952381|-38.827838827838825|-62.27106227106227|-94.50549450549451]
1588,2026-02-02 14:21:48,[-79.85347985347985|-135.53113553113553|-94.50549450549451|-100.36630036630036|-161.9047619047619]
1589,2026-02-02 14:21:48,[-136.996336996337|-147.98534798534797|-125.27472527472527|-95.23809523809524|69.59706959706959]
1590,2026-02-02 14:21:48,[534.065934065934|779.4871794871794|320.1465201465202|-261.53846153846155|-313.5531135531136]
1591,2026-02-02 14:21:48,[-154.57875457875457|-126.73992673992674|-113.55311355311355|-97.43589743589743|-122.34432234432235]
1592,2026-02-02 14:21:48,[-115.75091575091575|-98.9010989010989|-66.66666666666667|-108.42490842490842|-123.80952380952381]
1593,2026-02-02 14:21:48,[12.454212454212454|-76.92307692307692|-103.2967032967033|-28.571428571428573|-47.61904761904762]
1594,2026-02-02 14:21:48,[-38.827838827838825|3.663003663003663|8.058608058608058|12.454212454212454|37.362637362637365]
1595,2026-02-02 14:21:48,[44.688644688644686|93.04029304029304|99.63369963369964|169.23076923076923|148.71794871794873]
1596,2026-02-02 14:21:48,[202.1978021978022|171.42857142857142|167.03296703296704|120.14652014652015|20.512820512820515]
1597,2026-02-02 14:21:48,[34.43223443223443|-15.384615384615385|-107.6923076923077|-142.85714285714286|-230.76923076923077]
1598,2026-02-02 14:21:48,[-247.61904761904762|-191.2087912087912|-208.7912087912088|-205.86080586080587|-273.2600732600733]
1599,2026-02-02 14:21:48,[-216.11721611721612|-228.57142857142858|-205.86080586080587|-208.05860805860806|-246.8864468864469]
1600,2026-02-02 14:21:48,[-217.58241758241758|-212.45421245421247|-181.6849816849817|-197.06959706959708|-226.37362637362637]
1601,2026-02-02 14:21:48,[-246.15384615384616|-205.86080586080587|-155.3113553113553|-169.96336996336996|-200.0]
1602,2026-02-02 14:21:48,[-206.5934065934066|-197.06959706959708|-164.83516483516485|-170.6959706959707|-224.9084249084249]
1603,2026-02-02 14:21:48,[-159.7069597069597|-202.93040293040292|-229.3040293040293|-172.8937728937729|-161.9047619047619]
1604,2026-02-02 14:21:48,[-191.94139194139194|-201.46520146520146|-217.58241758241758|-153.84615384615384|-182.41758241758242]
1605,2026-02-02 14:21:48,[-167.76556776556777|-179.48717948717947|-164.83516483516485|-149.45054945054946|-180.95238095238096]
1606,2026-02-02 14:21:48,[-141.3919413919414|-161.17216117216117|-179.48717948717947|-175.82417582417582|-201.46520146520146]
1607,2026-02-02 14:21:48,[-164.10256410256412|-133.33333333333334|-145.78754578754578|-115.01831501831502|-142.12454212454213]
1608,2026-02-02 14:21:48,[-88.64468864468864|-120.87912087912088|-117.94871794871794|-141.3919413919414|-192.67399267399267]
1609,2026-02-02 14:21:49,[-145.05494505494505|-167.76556776556777|-205.86080586080587|-158.24175824175825|-172.16117216117217]
1610,2026-02-02 14:21:49,[-169.23076923076923|-182.41758241758242|13.91941391941392|453.4798534798535|679.1208791208791]
1611,2026-02-02 14:21:49,[397.8021978021978|-176.55677655677655|-411.72161172161174|-265.9340659340659|-215.3846153846154]
1612,2026-02-02 14:21:49,[-150.1831501831502|-145.78754578754578|-126.73992673992674|-169.23076923076923|-156.7765567765568]
1613,2026-02-02 14:21:49,[-107.6923076923077|-79.85347985347985|-106.22710622710623|-100.36630036630036|-120.14652014652015]
1614,2026-02-02 14:21:49,[-40.29304029304029|-61.53846153846154|-96.7032967032967|-76.19047619047619|-37.362637362637365]
1615,2026-02-02 14:21:49,[28.571428571428573|-27.106227106227106|21.978021978021978|92.3076923076923|85.71428571428571]
1616,2026-02-02 14:21:49,[85.71428571428571|139.9267399267399|159.7069597069597|147.25274725274724|98.9010989010989]
1617,2026-02-02 14:21:49,[163.36996336996336|111.35531135531136|41.02564102564103|10.989010989010989|-119.41391941391942]
1618,2026-02-02 14:21:49,[-120.87912087912088|-150.1831501831502|-213.91941391941393|-189.74358974358975|-220.51282051282053]
1619,2026-02-02 14:21:49,[-261.53846153846155|-265.9340659340659|-259.34065934065933|-246.8864468864469|-272.5274725274725]
1620,2026-02-02 14:21:49,[-241.02564102564102|-254.21245421245422|-241.02564102564102|-220.51282051282053|-235.16483516483515]
1621,2026-02-02 14:21:49,[-208.7912087912088|-213.1868131868132|-215.3846153846154|-194.87179487179486|-248.35164835164835]
1622,2026-02-02 14:21:49,[-238.82783882783883|-207.32600732600733|-223.44322344322345|-210.25641025641025|-229.3040293040293]
1623,2026-02-02 14:21:49,[-202.93040293040292|-236.63003663003664|-243.95604395604394|-188.2783882783883|-208.05860805860806]
1624,2026-02-02 14:21:49,[-216.84981684981685|-161.17216117216117|-169.23076923076923|-201.46520146520146|-238.0952380952381]
1625,2026-02-02 14:21:49,[-228.57142857142858|-168.4981684981685|-158.97435897435898|-142.85714285714286|-181.6849816849817]
1626,2026-02-02 14:21:49,[-123.07692307692308|-153.1135531135531|-195.6043956043956|-181.6849816849817|-213.1868131868132]
1627,2026-02-02 14:21:49,[-167.76556776556777|-180.95238095238096|-208.7912087912088|-216.84981684981685|-205.86080586080587]
1628,2026-02-02 14:21:49,[-202.93040293040292|-78.3882783882784|229.3040293040293|608.7912087912088|495.23809523809524]
1629,2026-02-02 14:21:49,[-27.106227106227106|-393.4065934065934|-340.65934065934067|-213.1868131868132|-179.48717948717947]
1630,2026-02-02 14:21:49,[-125.27472527472527|-142.12454212454213|-141.3919413919414|-104.76190476190476|-141.3919413919414]
1631,2026-02-02 14:21:49,[-147.25274725274724|-106.22710622710623|-71.06227106227107|-73.99267399267399|-117.94871794871794]
1632,2026-02-02 14:21:49,[-31.501831501831504|-76.92307692307692|-47.61904761904762|12.454212454212454|-12.454212454212454]
1633,2026-02-02 14:21:50,[12.454212454212454|17.582417582417584|52.014652014652015|90.10989010989012|110.62271062271063]
1634,2026-02-02 14:21:50,[125.27472527472527|153.84615384615384|160.43956043956044|156.04395604395606|131.13553113553112]
1635,2026-02-02 14:21:50,[134.7985347985348|15.384615384615385|-76.92307692307692|-27.106227106227106|-85.71428571428571]
1636,2026-02-02 14:21:50,[-134.06593406593407|-196.33699633699635|-208.7912087912088|-205.86080586080587|-263.003663003663]
1637,2026-02-02 14:21:50,[-265.9340659340659|-224.9084249084249|-243.2234432234432|-223.44322344322345|-254.21245421245422]
1638,2026-02-02 14:21:50,[-194.87179487179486|-200.73260073260073|-194.13919413919413|-178.02197802197801|-214.65201465201466]
1639,2026-02-02 14:21:50,[-170.6959706959707|-200.0|-193.4065934065934|-144.32234432234432|-197.06959706959708]
1640,2026-02-02 14:21:50,[-241.02564102564102|-216.84981684981685|-156.04395604395606|-136.996336996337|-208.05860805860806]
1641,2026-02-02 14:21:50,[-214.65201465201466|-173.62637362637363|-168.4981684981685|-158.24175824175825|-218.3150183150183]
1642,2026-02-02 14:21:50,[-173.62637362637363|-197.06959706959708|-189.74358974358975|-167.76556776556777|-217.58241758241758]
1643,2026-02-02 14:21:50,[-230.76923076923077|-173.62637362637363|-166.3003663003663|-176.55677655677655|-208.7912087912088]
1644,2026-02-02 14:21:50,[-167.76556776556777|-167.76556776556777|-161.17216117216117|-127.47252747252747|-160.43956043956044]
1645,2026-02-02 14:21:50,[-141.3919413919414|-158.97435897435898|-178.02197802197801|-197.06959706959708|-252.74725274725276]
1646,2026-02-02 14:21:50,[-224.17582417582418|-188.2783882783883|-201.46520146520146|-213.1868131868132|-213.91941391941393]
1647,2026-02-02 14:21:50,[19.78021978021978|386.0805860805861|678.3882783882784|383.8827838827839|-205.12820512820514]
1648,2026-02-02 14:21:50,[-413.9194139194139|-312.0879120879121|-227.83882783882783|-164.83516483516485|-172.16117216117217]
1649,2026-02-02 14:21:50,[-192.67399267399267|-157.50915750915752|-170.6959706959707|-158.24175824175825|-157.50915750915752]
1650,2026-02-02 14:21:50,[-115.01831501831502|-129.67032967032966|-136.996336996337|-98.9010989010989|-110.62271062271063]
1651,2026-02-02 14:21:50,[-90.10989010989012|-86.44688644688645|-77.65567765567765|-38.827838827838825|-38.827838827838825]
1652,2026-02-02 14:21:50,[-56.41025641025641|18.315018315018314|46.88644688644688|88.64468864468864|64.46886446886447]
1653,2026-02-02 14:21:50,[123.80952380952381|120.87912087912088|107.6923076923077|122.34432234432235|57.875457875457876]
1654,2026-02-02 14:21:50,[23.44322344322344|-59.34065934065934|-109.15750915750915|-144.32234432234432|-209.52380952380952]
1655,2026-02-02 14:21:50,[-240.2930402930403|-241.75824175824175|-273.2600732600733|-227.83882783882783|-249.8168498168498]
1656,2026-02-02 14:21:50,[-224.17582417582418|-268.13186813186815|-274.72527472527474|-201.46520146520146|-224.9084249084249]
1657,2026-02-02 14:21:50,[-224.17582417582418|-219.04761904761904|-224.17582417582418|-205.12820512820514|-226.37362637362637]
1658,2026-02-02 14:21:50,[-224.9084249084249|-195.6043956043956|-213.91941391941393|-179.48717948717947|-202.1978021978022]
1659,2026-02-02 14:21:51,[-194.13919413919413|-223.44322344322345|-192.67399267399267|-197.06959706959708|-246.8864468864469]
1660,2026-02-02 14:21:51,[-158.97435897435898|-166.3003663003663|-176.55677655677655|-171.42857142857142|-191.2087912087912]
1661,2026-02-02 14:21:51,[-214.65201465201466|-175.0915750915751|-160.43956043956044|-153.1135531135531|-191.94139194139194]
1662,2026-02-02 14:21:51,[-178.75457875457874|-148.71794871794873|-131.86813186813185|-126.73992673992674|-176.55677655677655]
1663,2026-02-02 14:21:51,[-135.53113553113553|-122.34432234432235|-134.06593406593407|-107.6923076923077|-132.6007326007326]
1664,2026-02-02 14:21:51,[-134.06593406593407|-87.17948717948718|-98.9010989010989|-117.94871794871794|-177.28937728937728]
1665,2026-02-02 14:21:51,[-125.27472527472527|-120.87912087912088|-145.05494505494505|-148.71794871794873|-153.1135531135531]
1666,2026-02-02 14:21:51,[-117.94871794871794|-150.1831501831502|-27.83882783882784|358.97435897435895|702.5641025641025]
1667,2026-02-02 14:21:51,[582.4175824175824|8.058608058608058|-325.27472527472526|-254.21245421245422|-189.74358974358975]
1668,2026-02-02 14:21:51,[-106.22710622710623|-88.64468864468864|-124.54212454212454|-59.34065934065934|-63.73626373626374]
1669,2026-02-02 14:21:51,[-65.2014652014652|-59.34065934065934|-54.94505494505494|-52.014652014652015|-55.67765567765568]
1670,2026-02-02 14:21:51,[-55.67765567765568|10.989010989010989|-35.8974358974359|-52.014652014652015|-18.315018315018314]
1671,2026-02-02 14:21:51,[45.42124542124542|72.52747252747253|72.52747252747253|104.76190476190476|87.17948717948718]
1672,2026-02-02 14:21:51,[150.1831501831502|175.0915750915751|201.46520146520146|202.1978021978022|166.3003663003663]
1673,2026-02-02 14:21:51,[158.24175824175825|135.53113553113553|80.58608058608058|54.94505494505494|-20.512820512820515]
1674,2026-02-02 14:21:51,[-49.81684981684982|-90.10989010989012|-158.97435897435898|-146.5201465201465|-161.17216117216117]
1675,2026-02-02 14:21:51,[-160.43956043956044|-183.88278388278388|-158.97435897435898|-158.97435897435898|-173.62637362637363]
1676,2026-02-02 14:21:51,[-200.0|-156.7765567765568|-172.16117216117217|-164.83516483516485|-166.3003663003663]
1677,2026-02-02 14:21:51,[-130.4029304029304|-123.80952380952381|-145.05494505494505|-129.67032967032966|-157.50915750915752]
1678,2026-02-02 14:21:51,[-127.47252747252747|-120.87912087912088|-133.33333333333334|-94.50549450549451|-161.17216117216117]
1679,2026-02-02 14:21:51,[-188.2783882783883|-112.82051282051282|-113.55311355311355|-115.01831501831502|-132.6007326007326]
1680,2026-02-02 14:21:51,[-129.67032967032966|-114.28571428571429|-109.15750915750915|-97.43589743589743|-122.34432234432235]
1681,2026-02-02 14:21:51,[-116.48351648351648|-109.89010989010988|-109.89010989010988|-84.24908424908425|-122.34432234432235]
1682,2026-02-02 14:21:51,[-164.83516483516485|-97.43589743589743|-110.62271062271063|-97.43589743589743|-80.58608058608058]
1683,2026-02-02 14:21:51,[-50.54945054945055|-60.8058608058608|-68.13186813186813|-38.095238095238095|-37.362637362637365]
1684,2026-02-02 14:21:52,[-18.315018315018314|-59.34065934065934|-109.15750915750915|-97.43589743589743|-73.26007326007326]
1685,2026-02-02 14:21:52,[-120.14652014652015|-88.64468864468864|-101.83150183150182|-75.45787545787546|-122.34432234432235]
1686,2026-02-02 14:21:52,[19.047619047619047|359.7069597069597|762.6373626373627|663.003663003663|62.27106227106227]
1687,2026-02-02 14:21:52,[-273.2600732600733|-207.32600732600733|-134.06593406593407|-49.81684981684982|-73.99267399267399]
1688,2026-02-02 14:21:52,[-87.17948717948718|-24.90842490842491|-47.61904761904762|-19.78021978021978|-37.362637362637365]
1689,2026-02-02 14:21:52,[-22.71062271062271|-30.036630036630036|-38.827838827838825|6.593406593406593|-6.593406593406593]
1690,2026-02-02 14:21:52,[41.75824175824176|31.501831501831504|32.967032967032964|76.19047619047619|34.43223443223443]
1691,2026-02-02 14:21:52,[73.99267399267399|133.33333333333334|125.27472527472527|163.36996336996336|185.34798534798534]
1692,2026-02-02 14:21:52,[221.97802197802199|214.65201465201466|203.66300366300365|222.71062271062272|169.23076923076923]
1693,2026-02-02 14:21:52,[147.98534798534797|101.83150183150182|26.373626373626372|-15.384615384615385|-85.71428571428571]
1694,2026-02-02 14:21:52,[-156.04395604395606|-120.14652014652015|-145.05494505494505|-142.85714285714286|-179.48717948717947]
1695,2026-02-02 14:21:52,[-135.53113553113553|-135.53113553113553|-172.16117216117217|-123.80952380952381|-134.06593406593407]
1696,2026-02-02 14:21:52,[-135.53113553113553|-131.13553113553112|-145.78754578754578|-110.62271062271063|-146.5201465201465]
1697,2026-02-02 14:21:52,[-154.57875457875457|-88.64468864468864|-135.53113553113553|-85.71428571428571|-131.13553113553112]
1698,2026-02-02 14:21:52,[-110.62271062271063|-110.62271062271063|-147.25274725274724|-120.14652014652015|-125.27472527472527]
1699,2026-02-02 14:21:52,[-126.00732600732601|-112.08791208791209|-129.67032967032966|-120.14652014652015|-142.85714285714286]
1700,2026-02-02 14:21:52,[-136.996336996337|-113.55311355311355|-131.13553113553112|-112.08791208791209|-149.45054945054946]
1701,2026-02-02 14:21:52,[-110.62271062271063|-102.56410256410257|-141.3919413919414|-81.31868131868131|-113.55311355311355]
1702,2026-02-02 14:21:52,[-112.08791208791209|-106.22710622710623|-109.89010989010988|-117.94871794871794|-119.41391941391942]
1703,2026-02-02 14:21:52,[-126.00732600732601|-103.2967032967033|-135.53113553113553|-75.45787545787546|-98.16849816849818]
1704,2026-02-02 14:21:52,[-107.6923076923077|-82.78388278388279|-87.17948717948718|-81.31868131868131|-120.14652014652015]
1705,2026-02-02 14:21:52,[-95.97069597069597|-76.92307692307692|-106.22710622710623|-46.88644688644688|-47.61904761904762]
1706,2026-02-02 14:21:52,[-94.50549450549451|-47.61904761904762|-67.3992673992674|-84.24908424908425|-149.45054945054946]
1707,2026-02-02 14:21:52,[-97.43589743589743|-88.64468864468864|-113.55311355311355|-76.92307692307692|-129.67032967032966]
1708,2026-02-02 14:21:53,[-169.23076923076923|-83.51648351648352|162.63736263736263|591.2087912087912|712.8205128205128]
1709,2026-02-02 14:21:53,[252.74725274725276|-208.05860805860806|-289.3772893772894|-161.9047619047619|-134.7985347985348]
1710,2026-02-02 14:21:53,[-98.9010989010989|-102.56410256410257|-129.67032967032966|-83.51648351648352|-94.50549450549451]
1711,2026-02-02 14:21:53,[-79.85347985347985|-85.71428571428571|-97.43589743589743|-54.94505494505494|-74.72527472527473]
1712,2026-02-02 14:21:53,[-115.01831501831502|-17.582417582417584|-53.47985347985348|-25.641025641025642|-43.223443223443226]
1713,2026-02-02 14:21:53,[-8.058608058608058|-8.791208791208792|-18.315018315018314|85.71428571428571|69.59706959706959]
1714,2026-02-02 14:21:53,[115.01831501831502|131.13553113553112|101.83150183150182|138.46153846153845|138.46153846153845]
1715,2026-02-02 14:21:53,[110.62271062271063|107.6923076923077|34.43223443223443|28.571428571428573|-62.27106227106227]
1716,2026-02-02 14:21:53,[-115.01831501831502|-179.48717948717947|-207.32600732600733|-179.48717948717947|-235.16483516483515]
1717,2026-02-02 14:21:53,[-255.67765567765568|-241.02564102564102|-223.44322344322345|-201.46520146520146|-229.3040293040293]
1718,2026-02-02 14:21:53,[-273.2600732600733|-216.11721611721612|-213.1868131868132|-191.2087912087912|-241.02564102564102]
1719,2026-02-02 14:21:53,[-241.02564102564102|-219.04761904761904|-188.2783882783883|-191.2087912087912|-219.04761904761904]
1720,2026-02-02 14:21:53,[-200.0|-189.01098901098902|-228.57142857142858|-194.87179487179486|-199.26739926739927]
1721,2026-02-02 14:21:53,[-229.3040293040293|-205.86080586080587|-220.51282051282053|-181.6849816849817|-205.12820512820514]
1722,2026-02-02 14:21:53,[-203.66300366300365|-194.13919413919413|-221.24542124542126|-189.74358974358975|-208.7912087912088]
1723,2026-02-02 14:21:53,[-180.95238095238096|-177.28937728937728|-219.04761904761904|-172.16117216117217|-208.7912087912088]
1724,2026-02-02 14:21:53,[-219.04761904761904|-148.71794871794873|-182.41758241758242|-178.75457875457874|-195.6043956043956]
1725,2026-02-02 14:21:53,[-182.41758241758242|-164.83516483516485|-188.2783882783883|-146.5201465201465|-203.66300366300365]
1726,2026-02-02 14:21:53,[-179.48717948717947|-156.04395604395606|-189.74358974358975|-156.04395604395606|-144.32234432234432]
1727,2026-02-02 14:21:53,[-195.6043956043956|-142.85714285714286|-164.83516483516485|-134.06593406593407|-126.73992673992674]
1728,2026-02-02 14:21:53,[-136.996336996337|-110.62271062271063|-134.06593406593407|-98.16849816849818|-130.4029304029304]
1729,2026-02-02 14:21:53,[-141.3919413919414|-136.996336996337|-166.3003663003663|-141.3919413919414|-189.01098901098902]
1730,2026-02-02 14:21:53,[-189.74358974358975|-119.41391941391942|-192.67399267399267|-147.25274725274724|69.59706959706959]
1731,2026-02-02 14:21:53,[453.4798534798535|649.8168498168499|263.7362637362637|-214.65201465201466|-353.84615384615387]
1732,2026-02-02 14:21:53,[-286.4468864468864|-169.23076923076923|-144.32234432234432|-110.62271062271063|-147.25274725274724]
1733,2026-02-02 14:21:53,[-159.7069597069597|-84.24908424908425|-114.28571428571429|-101.83150183150182|-115.01831501831502]
1734,2026-02-02 14:21:54,[-99.63369963369964|-55.67765567765568|-76.92307692307692|-51.282051282051285|-54.94505494505494]
1735,2026-02-02 14:21:54,[-32.967032967032964|-8.791208791208792|-27.83882783882784|26.373626373626372|27.106227106227106]
1736,2026-02-02 14:21:54,[6.593406593406593|100.36630036630036|91.57509157509158|167.76556776556777|128.2051282051282]
1737,2026-02-02 14:21:54,[125.27472527472527|160.43956043956044|116.48351648351648|109.89010989010988|101.0989010989011]
1738,2026-02-02 14:21:54,[33.6996336996337|-34.43223443223443|-107.6923076923077|-101.83150183150182|-169.23076923076923]
1739,2026-02-02 14:21:54,[-216.84981684981685|-169.96336996336996|-211.7216117216117|-199.26739926739927|-202.1978021978022]
1740,2026-02-02 14:21:54,[-202.1978021978022|-169.96336996336996|-216.84981684981685|-178.75457875457874|-169.23076923076923]
1741,2026-02-02 14:21:54,[-194.13919413919413|-142.85714285714286|-154.57875457875457|-154.57875457875457|-168.4981684981685]
1742,2026-02-02 14:21:54,[-217.58241758241758|-143.5897435897436|-150.1831501831502|-135.53113553113553|-158.97435897435898]
1743,2026-02-02 14:21:54,[-164.83516483516485|-142.85714285714286|-158.97435897435898|-122.34432234432235|-167.76556776556777]
1744,2026-02-02 14:21:54,[-173.62637362637363|-144.32234432234432|-153.84615384615384|-134.7985347985348|-142.85714285714286]
1745,2026-02-02 14:21:54,[-175.0915750915751|-154.57875457875457|-170.6959706959707|-114.28571428571429|-133.33333333333334]
1746,2026-02-02 14:21:54,[-144.32234432234432|-120.14652014652015|-145.05494505494505|-120.14652014652015|-132.6007326007326]
1747,2026-02-02 14:21:54,[-164.10256410256412|-120.87912087912088|-131.13553113553112|-107.6923076923077|-123.80952380952381]
1748,2026-02-02 14:21:54,[-164.10256410256412|-100.36630036630036|-115.75091575091575|-106.22710622710623|-134.7985347985348]
1749,2026-02-02 14:21:54,[-99.63369963369964|-73.99267399267399|-129.67032967032966|-84.98168498168498|-95.23809523809524]
1750,2026-02-02 14:21:54,[-88.64468864468864|-52.014652014652015|-59.34065934065934|-40.29304029304029|-68.13186813186813]
1751,2026-02-02 14:21:54,[-138.46153846153845|-88.64468864468864|-126.00732600732601|-95.97069597069597|-109.15750915750915]
1752,2026-02-02 14:21:54,[-118.68131868131869|-79.12087912087912|-161.17216117216117|-110.62271062271063|64.46886446886447]
1753,2026-02-02 14:21:54,[444.6886446886447|755.3113553113553|418.31501831501834|-75.45787545787546|-308.42490842490844]
1754,2026-02-02 14:21:54,[-242.49084249084248|-107.6923076923077|-103.2967032967033|-76.92307692307692|-97.43589743589743]
1755,2026-02-02 14:21:54,[-75.45787545787546|-43.223443223443226|-87.17948717948718|-63.73626373626374|-47.61904761904762]
1756,2026-02-02 14:21:54,[-73.26007326007326|8.058608058608058|-31.501831501831504|-27.106227106227106|-28.571428571428573]
1757,2026-02-02 14:21:54,[-50.54945054945055|23.44322344322344|12.454212454212454|46.15384615384615|41.02564102564103]
1758,2026-02-02 14:21:54,[99.63369963369964|135.53113553113553|125.27472527472527|156.7765567765568|154.57875457875457]
1759,2026-02-02 14:21:55,[194.87179487179486|241.02564102564102|162.63736263736263|165.56776556776558|134.7985347985348]
1760,2026-02-02 14:21:55,[34.43223443223443|52.014652014652015|-59.34065934065934|-75.45787545787546|-131.13553113553112]
1761,2026-02-02 14:21:55,[-120.87912087912088|-134.06593406593407|-189.74358974358975|-164.83516483516485|-169.23076923076923]
1762,2026-02-02 14:21:55,[-179.48717948717947|-156.04395604395606|-178.02197802197801|-134.7985347985348|-131.13553113553112]
1763,2026-02-02 14:21:55,[-205.12820512820514|-153.1135531135531|-164.83516483516485|-115.01831501831502|-136.26373626373626]
1764,2026-02-02 14:21:55,[-153.1135531135531|-101.83150183150182|-148.71794871794873|-126.73992673992674|-126.00732600732601]
1765,2026-02-02 14:21:55,[-131.86813186813185|-126.73992673992674|-142.85714285714286|-109.15750915750915|-142.85714285714286]
1766,2026-02-02 14:21:55,[-170.6959706959707|-115.01831501831502|-148.71794871794873|-109.15750915750915|-141.3919413919414]
1767,2026-02-02 14:21:55,[-129.67032967032966|-106.95970695970696|-166.3003663003663|-106.95970695970696|-117.94871794871794]
1768,2026-02-02 14:21:55,[-125.27472527472527|-101.0989010989011|-126.00732600732601|-120.87912087912088|-106.22710622710623]
1769,2026-02-02 14:21:55,[-147.25274725274724|-82.78388278388279|-110.62271062271063|-100.36630036630036|-110.62271062271063]
1770,2026-02-02 14:21:55,[-97.43589743589743|-74.72527472527473|-112.08791208791209|-103.2967032967033|-109.15750915750915]
1771,2026-02-02 14:21:55,[-101.0989010989011|-63.73626373626374|-95.23809523809524|-75.45787545787546|-88.64468864468864]
1772,2026-02-02 14:21:55,[-142.12454212454213|-43.956043956043956|-35.8974358974359|-40.29304029304029|-65.2014652014652]
1773,2026-02-02 14:21:55,[-100.36630036630036|-94.50549450549451|-101.0989010989011|-99.63369963369964|-119.41391941391942]
1774,2026-02-02 14:21:55,[-123.80952380952381|-50.54945054945055|-141.3919413919414|-136.996336996337|63.73626373626374]
1775,2026-02-02 14:21:55,[494.5054945054945|781.6849816849817|419.04761904761904|-109.15750915750915|-309.8901098901099]
1776,2026-02-02 14:21:55,[-226.37362637362637|-126.73992673992674|-142.85714285714286|-83.51648351648352|-83.51648351648352]
1777,2026-02-02 14:21:55,[-87.91208791208791|-55.67765567765568|-73.99267399267399|-60.8058608058608|-59.34065934065934]
1778,2026-02-02 14:21:55,[-76.92307692307692|-24.175824175824175|-62.27106227106227|-31.501831501831504|-32.967032967032964]
1779,2026-02-02 14:21:55,[-19.78021978021978|22.71062271062271|17.582417582417584|19.047619047619047|57.875457875457876]
1780,2026-02-02 14:21:55,[53.47985347985348|139.9267399267399|130.4029304029304|153.1135531135531|167.76556776556777]
1781,2026-02-02 14:21:55,[126.00732600732601|198.53479853479854|169.23076923076923|158.97435897435898|116.48351648351648]
1782,2026-02-02 14:21:55,[57.142857142857146|38.827838827838825|-41.02564102564103|-66.66666666666667|-148.71794871794873]
1783,2026-02-02 14:21:56,[-158.97435897435898|-125.27472527472527|-200.73260073260073|-182.41758241758242|-178.02197802197801]
1784,2026-02-02 14:21:56,[-242.49084249084248|-142.85714285714286|-179.48717948717947|-169.96336996336996|-157.50915750915752]
1785,2026-02-02 14:21:56,[-169.23076923076923|-156.04395604395606|-164.83516483516485|-164.10256410256412|-141.3919413919414]
1786,2026-02-02 14:21:56,[-158.97435897435898|-149.45054945054946|-154.57875457875457|-132.6007326007326|-142.85714285714286]
1787,2026-02-02 14:21:56,[-208.7912087912088|-145.78754578754578|-157.50915750915752|-136.26373626373626|-167.76556776556777]
1788,2026-02-02 14:21:56,[-166.3003663003663|-114.28571428571429|-153.1135531135531|-179.48717948717947|-158.97435897435898]
1789,2026-02-02 14:21:56,[-145.05494505494505|-101.83150183150182|-156.04395604395606|-126.73992673992674|-131.13553113553112]
1790,2026-02-02 14:21:56,[-200.73260073260073|-110.62271062271063|-160.43956043956044|-125.27472527472527|-115.01831501831502]
1791,2026-02-02 14:21:56,[-148.71794871794873|-127.47252747252747|-153.84615384615384|-118.68131868131869|-88.64468864468864]
1792,2026-02-02 14:21:56,[-126.00732600732601|-111.35531135531136|-135.53113553113553|-97.43589743589743|-112.08791208791209]
1793,2026-02-02 14:21:56,[-126.73992673992674|-76.92307692307692|-76.92307692307692|-72.52747252747253|-79.12087912087912]
1794,2026-02-02 14:21:56,[-108.42490842490842|-119.41391941391942|-147.25274725274724|-117.94871794871794|-78.3882783882784]
1795,2026-02-02 14:21:56,[-111.35531135531136|-109.89010989010988|-145.78754578754578|-126.73992673992674|40.29304029304029]
1796,2026-02-02 14:21:56,[347.25274725274727|689.3772893772893|441.02564102564105|-72.52747252747253|-346.5201465201465]
1797,2026-02-02 14:21:56,[-261.53846153846155|-153.1135531135531|-94.50549450549451|-84.24908424908425|-93.77289377289377]
1798,2026-02-02 14:21:56,[-75.45787545787546|-64.46886446886447|-110.62271062271063|-60.8058608058608|-71.06227106227107]
1799,2026-02-02 14:21:56,[-93.77289377289377|-5.86080586080586|-52.014652014652015|-27.106227106227106|-15.384615384615385]
1800,2026-02-02 14:21:56,[-13.91941391941392|22.71062271062271|-13.186813186813186|28.571428571428573|60.8058608058608]
1801,2026-02-02 14:21:56,[68.13186813186813|112.08791208791209|90.10989010989012|139.19413919413918|173.62637362637363]
1802,2026-02-02 14:21:56,[111.35531135531136|178.02197802197801|161.9047619047619|145.78754578754578|124.54212454212454]
1803,2026-02-02 14:21:56,[40.29304029304029|10.989010989010989|-78.3882783882784|-86.44688644688645|-108.42490842490842]
1804,2026-02-02 14:21:56,[-192.67399267399267|-167.76556776556777|-201.46520146520146|-164.83516483516485|-169.23076923076923]
1805,2026-02-02 14:21:56,[-246.8864468864469|-173.62637362637363|-203.66300366300365|-176.55677655677655|-201.46520146520146]
1806,2026-02-02 14:21:56,[-183.15018315018315|-147.25274725274724|-157.50915750915752|-150.1831501831502|-157.50915750915752]
1807,2026-02-02 14:21:56,[-180.21978021978023|-126.00732600732601|-156.7765567765568|-156.04395604395606|-164.83516483516485]
1808,2026-02-02 14:21:56,[-224.17582417582418|-156.04395604395606|-169.23076923076923|-167.76556776556777|-166.3003663003663]
1809,2026-02-02 14:21:57,[-144.32234432234432|-134.06593406593407|-173.62637362637363|-153.84615384615384|-157.50915750915752]
1810,2026-02-02 14:21:57,[-161.9047619047619|-148.71794871794873|-176.55677655677655|-157.50915750915752|-136.996336996337]
1811,2026-02-02 14:21:57,[-194.13919413919413|-125.27472527472527|-154.57875457875457|-160.43956043956044|-156.7765567765568]
1812,2026-02-02 14:21:57,[-141.3919413919414|-103.2967032967033|-156.7765567765568|-134.7985347985348|-126.00732600732601]
1813,2026-02-02 14:21:57,[-148.71794871794873|-96.7032967032967|-130.4029304029304|-109.15750915750915|-106.22710622710623]
1814,2026-02-02 14:21:57,[-165.56776556776558|-55.67765567765568|-88.64468864468864|-97.43589743589743|-106.22710622710623]
1815,2026-02-02 14:21:57,[-150.1831501831502|-143.5897435897436|-172.8937728937729|-131.13553113553112|-84.24908424908425]
1816,2026-02-02 14:21:57,[-153.1135531135531|-136.26373626373626|-132.6007326007326|148.71794871794873|580.952380952381]
1817,2026-02-02 14:21:57,[747.985347985348|215.3846153846154|-300.3663003663004|-315.01831501831504|-199.26739926739927]
1818,2026-02-02 14:21:57,[-156.04395604395606|-97.43589743589743|-110.62271062271063|-90.10989010989012|-73.99267399267399]
1819,2026-02-02 14:21:57,[-112.08791208791209|-93.77289377289377|-101.83150183150182|-62.27106227106227|-38.827838827838825]
1820,2026-02-02 14:21:57,[-99.63369963369964|-18.315018315018314|-68.13186813186813|-36.63003663003663|13.186813186813186]
1821,2026-02-02 14:21:57,[-24.175824175824175|31.501831501831504|12.454212454212454|46.88644688644688|87.17948717948718]
1822,2026-02-02 14:21:57,[90.10989010989012|126.73992673992674|126.73992673992674|154.57875457875457|178.02197802197801]
1823,2026-02-02 14:21:57,[116.48351648351648|160.43956043956044|120.87912087912088|90.10989010989012|54.94505494505494]
1824,2026-02-02 14:21:57,[-39.56043956043956|-54.94505494505494|-123.07692307692308|-154.57875457875457|-142.12454212454213]
1825,2026-02-02 14:21:57,[-197.06959706959708|-176.55677655677655|-180.21978021978023|-194.13919413919413|-169.96336996336996]
1826,2026-02-02 14:21:57,[-225.64102564102564|-145.78754578754578|-196.33699633699635|-193.4065934065934|-150.1831501831502]
1827,2026-02-02 14:21:57,[-174.35897435897436|-160.43956043956044|-204.3956043956044|-148.71794871794873|-132.6007326007326]
1828,2026-02-02 14:21:57,[-173.62637362637363|-147.25274725274724|-176.55677655677655|-145.78754578754578|-123.80952380952381]
1829,2026-02-02 14:21:57,[-221.24542124542126|-145.05494505494505|-167.76556776556777|-172.8937728937729|-167.03296703296704]
1830,2026-02-02 14:21:57,[-161.9047619047619|-123.07692307692308|-167.76556776556777|-150.1831501831502|-122.34432234432235]
1831,2026-02-02 14:21:57,[-164.10256410256412|-113.55311355311355|-135.53113553113553|-145.05494505494505|-144.32234432234432]
1832,2026-02-02 14:21:57,[-200.0|-113.55311355311355|-149.45054945054946|-147.25274725274724|-145.05494505494505]
1833,2026-02-02 14:21:57,[-147.25274725274724|-64.46886446886447|-115.01831501831502|-106.22710622710623|-60.07326007326007]
1834,2026-02-02 14:21:58,[-85.71428571428571|-62.27106227106227|-112.08791208791209|-110.62271062271063|-126.73992673992674]
1835,2026-02-02 14:21:58,[-178.75457875457874|-112.08791208791209|-117.94871794871794|-127.47252747252747|-146.5201465201465]
1836,2026-02-02 14:21:58,[-161.9047619047619|-80.58608058608058|139.9267399267399|549.4505494505495|714.2857142857143]
1837,2026-02-02 14:21:58,[221.97802197802199|-261.53846153846155|-366.3003663003663|-204.3956043956044|-120.87912087912088]
1838,2026-02-02 14:21:58,[-156.7765567765568|-81.31868131868131|-107.6923076923077|-87.91208791208791|-65.2014652014652]
1839,2026-02-02 14:21:58,[-85.71428571428571|-71.06227106227107|-65.2014652014652|-65.2014652014652|-38.827838827838825]
1840,2026-02-02 14:21:58,[-49.08424908424909|-40.29304029304029|-60.8058608058608|-2.197802197802198|31.501831501831504]
1841,2026-02-02 14:21:58,[-55.67765567765568|63.73626373626374|34.43223443223443|73.99267399267399|128.2051282051282]
1842,2026-02-02 14:21:58,[115.75091575091575|138.46153846153845|115.75091575091575|160.43956043956044|184.6153846153846]
1843,2026-02-02 14:21:58,[107.6923076923077|128.93772893772893|81.31868131868131|17.582417582417584|-40.29304029304029]
1844,2026-02-02 14:21:58,[-136.996336996337|-96.7032967032967|-160.43956043956044|-183.88278388278388|-166.3003663003663]
1845,2026-02-02 14:21:58,[-202.93040293040292|-172.16117216117217|-214.65201465201466|-200.0|-165.56776556776558]
1846,2026-02-02 14:21:58,[-207.32600732600733|-181.6849816849817|-188.2783882783883|-172.8937728937729|-156.04395604395606]
1847,2026-02-02 14:21:58,[-235.16483516483515|-153.1135531135531|-176.55677655677655|-174.35897435897436|-145.78754578754578]
1848,2026-02-02 14:21:58,[-188.2783882783883|-145.78754578754578|-154.57875457875457|-164.83516483516485|-148.71794871794873]
1849,2026-02-02 14:21:58,[-205.12820512820514|-149.45054945054946|-160.43956043956044|-172.16117216117217|-156.04395604395606]
1850,2026-02-02 14:21:58,[-242.49084249084248|-120.87912087912088|-157.50915750915752|-166.3003663003663|-150.1831501831502]
1851,2026-02-02 14:21:58,[-170.6959706959707|-157.50915750915752|-179.48717948717947|-156.7765567765568|-106.22710622710623]
1852,2026-02-02 14:21:58,[-132.6007326007326|-87.91208791208791|-98.16849816849818|-119.41391941391942|-135.53113553113553]
1853,2026-02-02 14:21:58,[-200.0|-146.5201465201465|-166.3003663003663|-157.50915750915752|-142.85714285714286]
1854,2026-02-02 14:21:58,[-158.97435897435898|-157.50915750915752|-161.9047619047619|44.688644688644686|419.04761904761904]
1855,2026-02-02 14:21:58,[663.7362637362637|342.85714285714283|-198.53479853479854|-387.54578754578756|-265.2014652014652]
1856,2026-02-02 14:21:58,[-238.82783882783883|-93.77289377289377|-116.48351648351648|-131.13553113553112|-120.14652014652015]
1857,2026-02-02 14:21:58,[-120.87912087912088|-62.27106227106227|-94.50549450549451|-65.2014652014652|-53.47985347985348]
1858,2026-02-02 14:21:59,[-86.44688644688645|-30.036630036630036|-42.49084249084249|-12.454212454212454|-15.384615384615385]
1859,2026-02-02 14:21:59,[-71.06227106227107|5.86080586080586|28.571428571428573|34.43223443223443|57.875457875457876]
1860,2026-02-02 14:21:59,[62.27106227106227|136.26373626373626|147.25274725274724|146.5201465201465|171.42857142857142]
1861,2026-02-02 14:21:59,[139.19413919413918|150.1831501831502|108.42490842490842|66.66666666666667|29.304029304029303]
1862,2026-02-02 14:21:59,[-94.50549450549451|-80.58608058608058|-150.1831501831502|-178.75457875457874|-135.53113553113553]
1863,2026-02-02 14:21:59,[-197.06959706959708|-178.02197802197801|-195.6043956043956|-190.47619047619048|-167.76556776556777]
1864,2026-02-02 14:21:59,[-215.3846153846154|-169.23076923076923|-171.42857142857142|-178.75457875457874|-145.05494505494505]
1865,2026-02-02 14:21:59,[-216.11721611721612|-135.53113553113553|-158.97435897435898|-166.3003663003663|-123.07692307692308]
1866,2026-02-02 14:21:59,[-167.03296703296704|-152.38095238095238|-161.9047619047619|-157.50915750915752|-131.13553113553112]
1867,2026-02-02 14:21:59,[-158.97435897435898|-143.5897435897436|-154.57875457875457|-153.84615384615384|-141.3919413919414]
1868,2026-02-02 14:21:59,[-188.2783882783883|-145.05494505494505|-159.7069597069597|-157.50915750915752|-132.6007326007326]
1869,2026-02-02 14:21:59,[-169.96336996336996|-115.01831501831502|-142.85714285714286|-142.85714285714286|-122.34432234432235]
1870,2026-02-02 14:21:59,[-150.1831501831502|-132.6007326007326|-121.6117216117216|-86.44688644688645|-73.99267399267399]
1871,2026-02-02 14:21:59,[-147.25274725274724|-65.2014652014652|-106.22710622710623|-133.33333333333334|-131.13553113553112]
1872,2026-02-02 14:21:59,[-167.76556776556777|-109.15750915750915|-133.33333333333334|-123.07692307692308|-131.13553113553112]
1873,2026-02-02 14:21:59,[-169.96336996336996|26.373626373626372|386.0805860805861|740.6593406593406|486.4468864468864]
1874,2026-02-02 14:21:59,[-177.28937728937728|-346.5201465201465|-243.2234432234432|-167.76556776556777|-107.6923076923077]
1875,2026-02-02 14:21:59,[-134.7985347985348|-71.06227106227107|-89.37728937728937|-106.22710622710623|-59.34065934065934]
1876,2026-02-02 14:21:59,[-84.24908424908425|-42.49084249084249|-47.61904761904762|-65.2014652014652|-32.967032967032964]
1877,2026-02-02 14:21:59,[-75.45787545787546|-13.91941391941392|-24.90842490842491|-17.582417582417584|28.571428571428573]
1878,2026-02-02 14:21:59,[32.967032967032964|42.49084249084249|54.94505494505494|84.98168498168498|139.9267399267399]
1879,2026-02-02 14:21:59,[103.2967032967033|139.9267399267399|156.04395604395606|158.24175824175825|160.43956043956044]
1880,2026-02-02 14:21:59,[66.66666666666667|97.43589743589743|19.78021978021978|-15.384615384615385|-32.967032967032964]
1881,2026-02-02 14:21:59,[-136.996336996337|-132.6007326007326|-167.76556776556777|-200.0|-164.83516483516485]
1882,2026-02-02 14:21:59,[-179.48717948717947|-150.1831501831502|-182.41758241758242|-196.33699633699635|-156.04395604395606]
1883,2026-02-02 14:21:59,[-226.37362637362637|-159.7069597069597|-164.83516483516485|-153.1135531135531|-148.71794871794873]
1884,2026-02-02 14:22:00,[-189.01098901098902|-153.84615384615384|-147.25274725274724|-157.50915750915752|-153.1135531135531]
1885,2026-02-02 14:22:00,[-183.15018315018315|-161.9047619047619|-133.33333333333334|-146.5201465201465|-145.05494505494505]
1886,2026-02-02 14:22:00,[-208.7912087912088|-144.32234432234432|-169.23076923076923|-166.3003663003663|-135.53113553113553]
1887,2026-02-02 14:22:00,[-172.8937728937729|-133.33333333333334|-153.1135531135531|-172.16117216117217|-126.73992673992674]
1888,2026-02-02 14:22:00,[-144.32234432234432|-101.83150183150182|-147.25274725274724|-134.06593406593407|-120.87912087912088]
1889,2026-02-02 14:22:00,[-195.6043956043956|-79.12087912087912|-73.26007326007326|-87.91208791208791|-112.08791208791209]
1890,2026-02-02 14:22:00,[-147.25274725274724|-132.6007326007326|-143.5897435897436|-147.25274725274724|-131.13553113553112]
1891,2026-02-02 14:22:00,[-160.43956043956044|-147.25274725274724|-164.83516483516485|-75.45787545787546|243.2234432234432]
1892,2026-02-02 14:22:00,[673.2600732600732|616.1172161172161|76.92307692307692|-359.7069597069597|-314.2857142857143]
1893,2026-02-02 14:22:00,[-190.47619047619048|-119.41391941391942|-119.41391941391942|-145.05494505494505|-100.36630036630036]
1894,2026-02-02 14:22:00,[-106.22710622710623|-61.53846153846154|-85.71428571428571|-109.15750915750915|-72.52747252747253]
1895,2026-02-02 14:22:00,[-107.6923076923077|-24.175824175824175|-53.47985347985348|-65.2014652014652|-35.8974358974359]
1896,2026-02-02 14:22:00,[-16.117216117216117|23.44322344322344|-2.197802197802198|8.058608058608058|69.59706959706959]
1897,2026-02-02 14:22:00,[62.27106227106227|112.08791208791209|122.34432234432235|128.2051282051282|161.9047619047619]
1898,2026-02-02 14:22:00,[99.63369963369964|154.57875457875457|103.2967032967033|60.8058608058608|52.747252747252745]
1899,2026-02-02 14:22:00,[-31.501831501831504|-65.2014652014652|-100.36630036630036|-157.50915750915752|-136.26373626373626]
1900,2026-02-02 14:22:00,[-200.0|-173.62637362637363|-172.16117216117217|-216.11721611721612|-182.41758241758242]
1901,2026-02-02 14:22:00,[-248.35164835164835|-171.42857142857142|-161.17216117216117|-169.96336996336996|-156.04395604395606]
1902,2026-02-02 14:22:00,[-182.41758241758242|-160.43956043956044|-173.62637362637363|-158.97435897435898|-157.50915750915752]
1903,2026-02-02 14:22:00,[-195.6043956043956|-157.50915750915752|-142.12454212454213|-189.74358974358975|-169.23076923076923]
1904,2026-02-02 14:22:00,[-194.87179487179486|-147.25274725274724|-160.43956043956044|-178.02197802197801|-141.3919413919414]
1905,2026-02-02 14:22:00,[-168.4981684981685|-135.53113553113553|-149.45054945054946|-167.03296703296704|-150.1831501831502]
1906,2026-02-02 14:22:00,[-158.97435897435898|-123.80952380952381|-143.5897435897436|-183.15018315018315|-119.41391941391942]
1907,2026-02-02 14:22:00,[-189.01098901098902|-136.996336996337|-131.13553113553112|-157.50915750915752|-99.63369963369964]
1908,2026-02-02 14:22:00,[-136.996336996337|-89.37728937728937|-80.58608058608058|-120.14652014652015|-55.67765567765568]
1909,2026-02-02 14:22:01,[-123.07692307692308|-141.3919413919414|-164.83516483516485|-135.53113553113553|-120.87912087912088]
1910,2026-02-02 14:22:01,[-191.94139194139194|-114.28571428571429|-147.25274725274724|-154.57875457875457|8.791208791208792]
1911,2026-02-02 14:22:01,[342.85714285714283|682.7838827838827|421.97802197802196|-160.43956043956044|-362.6373626373626]
1912,2026-02-02 14:22:01,[-294.5054945054945|-157.50915750915752|-126.73992673992674|-109.15750915750915|-85.71428571428571]
1913,2026-02-02 14:22:01,[-172.8937728937729|-88.64468864468864|-64.46886446886447|-78.3882783882784|-80.58608058608058]
1914,2026-02-02 14:22:01,[-107.6923076923077|-35.8974358974359|-49.08424908424909|-34.43223443223443|10.989010989010989]
1915,2026-02-02 14:22:01,[-21.245421245421245|-12.454212454212454|-12.454212454212454|-2.197802197802198|56.41025641025641]
1916,2026-02-02 14:22:01,[18.315018315018314|109.15750915750915|92.3076923076923|101.83150183150182|158.97435897435898]
1917,2026-02-02 14:22:01,[131.13553113553112|149.45054945054946|119.41391941391942|101.83150183150182|76.19047619047619]
1918,2026-02-02 14:22:01,[-5.128205128205129|-9.523809523809524|-75.45787545787546|-134.7985347985348|-126.73992673992674]
1919,2026-02-02 14:22:01,[-237.36263736263737|-169.96336996336996|-170.6959706959707|-189.74358974358975|-172.16117216117217]
1920,2026-02-02 14:22:01,[-197.06959706959708|-158.24175824175825|-171.42857142857142|-194.13919413919413|-150.1831501831502]
1921,2026-02-02 14:22:01,[-176.55677655677655|-155.3113553113553|-158.24175824175825|-150.1831501831502|-132.6007326007326]
1922,2026-02-02 14:22:01,[-205.86080586080587|-147.25274725274724|-154.57875457875457|-169.96336996336996|-140.65934065934067]
1923,2026-02-02 14:22:01,[-161.9047619047619|-149.45054945054946|-155.3113553113553|-180.95238095238096|-133.33333333333334]
1924,2026-02-02 14:22:01,[-166.3003663003663|-179.48717948717947|-156.04395604395606|-167.03296703296704|-153.1135531135531]
1925,2026-02-02 14:22:01,[-218.3150183150183|-174.35897435897436|-154.57875457875457|-176.55677655677655|-113.55311355311355]
1926,2026-02-02 14:22:01,[-158.97435897435898|-123.80952380952381|-155.3113553113553|-145.05494505494505|-95.97069597069597]
1927,2026-02-02 14:22:01,[-154.57875457875457|-73.26007326007326|-109.89010989010988|-88.64468864468864|-88.64468864468864]
1928,2026-02-02 14:22:01,[-132.6007326007326|-96.7032967032967|-145.78754578754578|-153.1135531135531|-129.67032967032966]
1929,2026-02-02 14:22:01,[-158.97435897435898|-103.2967032967033|-142.85714285714286|-178.02197802197801|-21.245421245421245]
1930,2026-02-02 14:22:01,[232.23443223443223|623.4432234432235|600.0|-5.128205128205129|-340.65934065934067]
1931,2026-02-02 14:22:01,[-362.6373626373626|-164.10256410256412|-94.50549450549451|-113.55311355311355|-100.36630036630036]
1932,2026-02-02 14:22:01,[-141.3919413919414|-63.73626373626374|-65.2014652014652|-108.42490842490842|-76.92307692307692]
1933,2026-02-02 14:22:02,[-88.64468864468864|-31.501831501831504|-30.036630036630036|-59.34065934065934|-23.44322344322344]
1934,2026-02-02 14:22:02,[-76.92307692307692|-2.93040293040293|21.245421245421245|8.058608058608058|52.014652014652015]
1935,2026-02-02 14:22:02,[38.095238095238095|88.64468864468864|126.73992673992674|111.35531135531136|139.9267399267399]
1936,2026-02-02 14:22:02,[132.6007326007326|154.57875457875457|128.2051282051282|84.24908424908425|104.76190476190476]
1937,2026-02-02 14:22:02,[-15.384615384615385|-9.523809523809524|-68.13186813186813|-112.08791208791209|-112.82051282051282]
1938,2026-02-02 14:22:02,[-182.41758241758242|-169.23076923076923|-200.0|-203.66300366300365|-176.55677655677655]
1939,2026-02-02 14:22:02,[-207.32600732600733|-153.1135531135531|-173.62637362637363|-179.48717948717947|-156.7765567765568]
1940,2026-02-02 14:22:02,[-216.84981684981685|-156.7765567765568|-153.1135531135531|-178.02197802197801|-146.5201465201465]
1941,2026-02-02 14:22:02,[-191.2087912087912|-135.53113553113553|-160.43956043956044|-153.84615384615384|-147.25274725274724]
1942,2026-02-02 14:22:02,[-169.96336996336996|-150.1831501831502|-145.78754578754578|-176.55677655677655|-161.9047619047619]
1943,2026-02-02 14:22:02,[-192.67399267399267|-155.3113553113553|-172.16117216117217|-178.02197802197801|-125.27472527472527]
1944,2026-02-02 14:22:02,[-156.04395604395606|-144.32234432234432|-153.1135531135531|-153.1135531135531|-113.55311355311355]
1945,2026-02-02 14:22:02,[-132.6007326007326|-154.57875457875457|-160.43956043956044|-154.57875457875457|-113.55311355311355]
1946,2026-02-02 14:22:02,[-197.06959706959708|-160.43956043956044|-98.16849816849818|-117.94871794871794|-105.49450549450549]
1947,2026-02-02 14:22:02,[-131.13553113553112|-62.27106227106227|-59.34065934065934|-112.82051282051282|-93.77289377289377]
1948,2026-02-02 14:22:02,[-142.85714285714286|-106.22710622710623|-115.75091575091575|-164.83516483516485|-110.62271062271063]
1949,2026-02-02 14:22:02,[-167.76556776556777|-147.25274725274724|-164.83516483516485|-62.27106227106227|286.4468864468864]
1950,2026-02-02 14:22:02,[679.8534798534798|676.1904761904761|101.83150183150182|-347.25274725274727|-258.6080586080586]
1951,2026-02-02 14:22:02,[-200.0|-145.78754578754578|-98.9010989010989|-95.97069597069597|-79.85347985347985]
1952,2026-02-02 14:22:02,[-157.50915750915752|-77.65567765567765|-76.92307692307692|-82.78388278388279|-48.35164835164835]
1953,2026-02-02 14:22:02,[-49.08424908424909|-49.08424908424909|-50.54945054945055|-38.827838827838825|22.71062271062271]
1954,2026-02-02 14:22:02,[-28.571428571428573|17.582417582417584|38.827838827838825|43.223443223443226|86.44688644688645]
1955,2026-02-02 14:22:02,[29.304029304029303|113.55311355311355|128.2051282051282|150.91575091575092|181.6849816849817]
1956,2026-02-02 14:22:02,[134.7985347985348|161.17216117216117|153.84615384615384|98.16849816849818|88.64468864468864]
1957,2026-02-02 14:22:02,[-28.571428571428573|-55.67765567765568|-79.85347985347985|-144.32234432234432|-127.47252747252747]
1958,2026-02-02 14:22:02,[-213.1868131868132|-175.0915750915751|-170.6959706959707|-208.7912087912088|-158.97435897435898]
1959,2026-02-02 14:22:03,[-180.95238095238096|-164.10256410256412|-156.7765567765568|-182.41758241758242|-155.3113553113553]
1960,2026-02-02 14:22:03,[-178.02197802197801|-154.57875457875457|-153.84615384615384|-165.56776556776558|-112.82051282051282]
1961,2026-02-02 14:22:03,[-203.66300366300365|-166.3003663003663|-125.27472527472527|-131.13553113553112|-134.06593406593407]
1962,2026-02-02 14:22:03,[-178.75457875457874|-167.03296703296704|-158.97435897435898|-168.4981684981685|-104.02930402930403]
1963,2026-02-02 14:22:03,[-161.9047619047619|-157.50915750915752|-143.5897435897436|-195.6043956043956|-150.1831501831502]
1964,2026-02-02 14:22:03,[-156.7765567765568|-120.14652014652015|-133.33333333333334|-182.41758241758242|-125.27472527472527]
1965,2026-02-02 14:22:03,[-150.1831501831502|-120.14652014652015|-126.00732600732601|-173.62637362637363|-119.41391941391942]
1966,2026-02-02 14:22:03,[-120.14652014652015|-117.94871794871794|-115.75091575091575|-155.3113553113553|-117.94871794871794]
1967,2026-02-02 14:22:03,[-180.95238095238096|-85.71428571428571|-95.97069597069597|-115.75091575091575|-60.8058608058608]
1968,2026-02-02 14:22:03,[-78.3882783882784|-78.3882783882784|-81.31868131868131|-147.25274725274724|-115.01831501831502]
1969,2026-02-02 14:22:03,[-148.71794871794873|-152.38095238095238|-107.6923076923077|-137.72893772893772|-109.15750915750915]
1970,2026-02-02 14:22:03,[-235.16483516483515|-54.94505494505494|292.3076923076923|701.0989010989011|642.4908424908425]
1971,2026-02-02 14:22:03,[13.186813186813186|-351.64835164835165|-272.5274725274725|-191.2087912087912|-63.73626373626374]
1972,2026-02-02 14:22:03,[-122.34432234432235|-120.87912087912088|-73.99267399267399|-95.97069597069597|-73.26007326007326]
1973,2026-02-02 14:22:03,[-115.01831501831502|-65.2014652014652|-60.8058608058608|-77.65567765567765|-34.43223443223443]
1974,2026-02-02 14:22:03,[-31.501831501831504|-2.93040293040293|-6.593406593406593|-27.83882783882784|31.501831501831504]
1975,2026-02-02 14:22:03,[19.78021978021978|64.46886446886447|60.8058608058608|68.86446886446886|149.45054945054946]
1976,2026-02-02 14:22:03,[98.9010989010989|150.1831501831502|169.23076923076923|138.46153846153845|194.13919413919413]
1977,2026-02-02 14:22:03,[135.53113553113553|109.15750915750915|64.46886446886447|-26.373626373626372|-32.967032967032964]
1978,2026-02-02 14:22:03,[-99.63369963369964|-128.2051282051282|-141.3919413919414|-207.32600732600733|-172.8937728937729]
1979,2026-02-02 14:22:03,[-202.1978021978022|-181.6849816849817|-166.3003663003663|-179.48717948717947|-169.23076923076923]
1980,2026-02-02 14:22:03,[-187.54578754578753|-173.62637362637363|-153.1135531135531|-187.54578754578753|-145.78754578754578]
1981,2026-02-02 14:22:03,[-161.9047619047619|-158.97435897435898|-129.67032967032966|-153.1135531135531|-135.53113553113553]
1982,2026-02-02 14:22:03,[-201.46520146520146|-156.04395604395606|-136.26373626373626|-179.48717948717947|-171.42857142857142]
1983,2026-02-02 14:22:03,[-159.7069597069597|-117.94871794871794|-128.2051282051282|-167.03296703296704|-150.1831501831502]
1984,2026-02-02 14:22:04,[-145.78754578754578|-132.6007326007326|-141.3919413919414|-177.28937728937728|-136.996336996337]
1985,2026-02-02 14:22:04,[-202.93040293040292|-115.01831501831502|-120.87912087912088|-161.17216117216117|-129.67032967032966]
1986,2026-02-02 14:22:04,[-166.3003663003663|-129.67032967032966|-82.78388278388279|-134.06593406593407|-106.22710622710623]
1987,2026-02-02 14:22:04,[-120.87912087912088|-117.94871794871794|-63.73626373626374|-88.64468864468864|-97.43589743589743]
1988,2026-02-02 14:22:04,[-187.54578754578753|-148.71794871794873|-132.6007326007326|-135.53113553113553|-106.22710622710623]
1989,2026-02-02 14:22:04,[-134.06593406593407|-154.57875457875457|-154.57875457875457|-84.24908424908425|252.01465201465203]
1990,2026-02-02 14:22:04,[650.5494505494505|588.2783882783883|72.52747252747253|-366.3003663003663|-339.9267399267399]
1991,2026-02-02 14:22:04,[-235.89743589743588|-113.55311355311355|-95.97069597069597|-129.67032967032966|-89.37728937728937]
1992,2026-02-02 14:22:04,[-110.62271062271063|-76.92307692307692|-80.58608058608058|-95.97069597069597|-37.362637362637365]
1993,2026-02-02 14:22:04,[-56.41025641025641|-59.34065934065934|-21.245421245421245|-41.75824175824176|6.593406593406593]
1994,2026-02-02 14:22:04,[-65.2014652014652|-9.523809523809524|43.956043956043956|38.827838827838825|76.92307692307692]
1995,2026-02-02 14:22:04,[89.37728937728937|112.08791208791209|156.04395604395606|124.54212454212454|169.23076923076923]
1996,2026-02-02 14:22:04,[151.64835164835165|167.76556776556777|145.78754578754578|53.47985347985348|53.47985347985348]
1997,2026-02-02 14:22:04,[-43.223443223443226|-84.24908424908425|-115.01831501831502|-158.97435897435898|-164.10256410256412]
1998,2026-02-02 14:22:04,[-203.66300366300365|-195.6043956043956|-164.10256410256412|-214.65201465201466|-181.6849816849817]
1999,2026-02-02 14:22:04,[-200.0|-182.41758241758242|-174.35897435897436|-188.2783882783883|-165.56776556776558]
2000,2026-02-02 14:22:04,[-208.7912087912088|-153.1135531135531|-164.10256410256412|-192.67399267399267|-123.07692307692308]
2001,2026-02-02 14:22:04,[-150.1831501831502|-160.43956043956044|-142.85714285714286|-178.02197802197801|-164.83516483516485]
2002,2026-02-02 14:22:04,[-170.6959706959707|-160.43956043956044|-147.25274725274724|-188.2783882783883|-164.83516483516485]
2003,2026-02-02 14:22:04,[-201.46520146520146|-126.73992673992674|-126.73992673992674|-180.95238095238096|-164.83516483516485]
2004,2026-02-02 14:22:04,[-149.45054945054946|-148.71794871794873|-136.996336996337|-188.2783882783883|-135.53113553113553]
2005,2026-02-02 14:22:04,[-128.2051282051282|-136.26373626373626|-135.53113553113553|-153.84615384615384|-128.2051282051282]
2006,2026-02-02 14:22:04,[-191.2087912087912|-106.22710622710623|-118.68131868131869|-157.50915750915752|-117.94871794871794]
2007,2026-02-02 14:22:04,[-106.22710622710623|-81.31868131868131|-60.8058608058608|-115.01831501831502|-66.66666666666667]
2008,2026-02-02 14:22:05,[-131.86813186813185|-156.04395604395606|-147.98534798534797|-167.76556776556777|-112.08791208791209]
2009,2026-02-02 14:22:05,[-145.05494505494505|-160.43956043956044|-166.3003663003663|-52.014652014652015|318.68131868131866]
2010,2026-02-02 14:22:05,[743.5897435897435|591.9413919413919|-3.663003663003663|-384.61538461538464|-252.01465201465203]
2011,2026-02-02 14:22:05,[-178.75457875457874|-117.94871794871794|-85.71428571428571|-136.996336996337|-100.36630036630036]
2012,2026-02-02 14:22:05,[-135.53113553113553|-87.17948717948718|-63.73626373626374|-89.37728937728937|-64.46886446886447]
2013,2026-02-02 14:22:05,[-62.27106227106227|-71.06227106227107|-30.036630036630036|-40.29304029304029|-28.571428571428573]
2014,2026-02-02 14:22:05,[-29.304029304029303|13.91941391941392|25.641025641025642|27.106227106227106|75.45787545787546]
2015,2026-02-02 14:22:05,[38.827838827838825|101.0989010989011|131.86813186813185|151.64835164835165|185.34798534798534]
2016,2026-02-02 14:22:05,[156.7765567765568|112.82051282051282|121.6117216117216|73.99267399267399|60.8058608058608]
2017,2026-02-02 14:22:05,[-12.454212454212454|-79.12087912087912|-122.34432234432235|-180.95238095238096|-150.1831501831502]
2018,2026-02-02 14:22:05,[-189.74358974358975|-201.46520146520146|-188.2783882783883|-227.83882783882783|-191.2087912087912]
2019,2026-02-02 14:22:05,[-201.46520146520146|-194.87179487179486|-164.10256410256412|-189.74358974358975|-154.57875457875457]
2020,2026-02-02 14:22:05,[-164.83516483516485|-178.02197802197801|-144.32234432234432|-175.0915750915751|-141.3919413919414]
2021,2026-02-02 14:22:05,[-205.12820512820514|-156.04395604395606|-142.85714285714286|-170.6959706959707|-147.98534798534797]
2022,2026-02-02 14:22:05,[-191.94139194139194|-158.97435897435898|-123.07692307692308|-178.02197802197801|-148.71794871794873]
2023,2026-02-02 14:22:05,[-177.28937728937728|-164.83516483516485|-142.12454212454213|-169.23076923076923|-132.6007326007326]
2024,2026-02-02 14:22:05,[-178.02197802197801|-178.02197802197801|-112.08791208791209|-169.23076923076923|-134.7985347985348]
2025,2026-02-02 14:22:05,[-144.32234432234432|-152.38095238095238|-131.13553113553112|-172.16117216117217|-110.62271062271063]
2026,2026-02-02 14:22:05,[-132.6007326007326|-168.4981684981685|-112.08791208791209|-132.6007326007326|-107.6923076923077]
2027,2026-02-02 14:22:05,[-172.16117216117217|-136.996336996337|-85.71428571428571|-131.13553113553112|-101.83150183150182]
2028,2026-02-02 14:22:05,[-76.92307692307692|-78.3882783882784|-61.53846153846154|-97.43589743589743|-49.08424908424909]
2029,2026-02-02 14:22:05,[-120.87912087912088|-122.34432234432235|-100.36630036630036|-121.6117216117216|-101.83150183150182]
2030,2026-02-02 14:22:05,[-148.71794871794873|-103.2967032967033|-122.34432234432235|-166.3003663003663|-50.54945054945055]
2031,2026-02-02 14:22:05,[246.8864468864469|674.7252747252747|699.6336996336996|120.87912087912088|-273.2600732600733]
2032,2026-02-02 14:22:05,[-287.9120879120879|-203.66300366300365|-64.46886446886447|-102.56410256410257|-84.98168498168498]
2033,2026-02-02 14:22:05,[-126.73992673992674|-76.92307692307692|-56.41025641025641|-76.92307692307692|-41.75824175824176]
2034,2026-02-02 14:22:06,[-71.06227106227107|-52.014652014652015|-18.315018315018314|-43.223443223443226|-25.641025641025642]
2035,2026-02-02 14:22:06,[-36.63003663003663|6.593406593406593|38.095238095238095|8.058608058608058|37.362637362637365]
2036,2026-02-02 14:22:06,[23.44322344322344|90.84249084249085|147.25274725274724|104.76190476190476|156.7765567765568]
2037,2026-02-02 14:22:06,[171.42857142857142|160.43956043956044|177.28937728937728|116.48351648351648|110.62271062271063]
2038,2026-02-02 14:22:06,[86.44688644688645|-6.593406593406593|-40.29304029304029|-101.83150183150182|-103.2967032967033]
2039,2026-02-02 14:22:06,[-195.6043956043956|-195.6043956043956|-192.67399267399267|-208.7912087912088|-169.23076923076923]
2040,2026-02-02 14:22:06,[-191.2087912087912|-189.74358974358975|-180.21978021978023|-201.46520146520146|-134.7985347985348]
2041,2026-02-02 14:22:06,[-161.17216117216117|-173.62637362637363|-129.67032967032966|-189.74358974358975|-141.3919413919414]
2042,2026-02-02 14:22:06,[-194.87179487179486|-160.43956043956044|-132.6007326007326|-200.0|-107.6923076923077]
2043,2026-02-02 14:22:06,[-134.06593406593407|-183.15018315018315|-169.23076923076923|-182.41758241758242|-121.6117216117216]
2044,2026-02-02 14:22:06,[-136.996336996337|-178.75457875457874|-147.25274725274724|-145.78754578754578|-155.3113553113553]
2045,2026-02-02 14:22:06,[-205.86080586080587|-155.3113553113553|-144.32234432234432|-159.7069597069597|-115.01831501831502]
2046,2026-02-02 14:22:06,[-144.32234432234432|-161.17216117216117|-173.62637362637363|-120.87912087912088|-88.64468864468864]
2047,2026-02-02 14:22:06,[-148.71794871794873|-161.17216117216117|-112.08791208791209|-144.32234432234432|-111.35531135531136]
2048,2026-02-02 14:22:06,[-176.55677655677655|-122.34432234432235|-95.97069597069597|-137.72893772893772|-78.3882783882784]
2049,2026-02-02 14:22:06,[-66.66666666666667|-93.77289377289377|-73.99267399267399|-126.73992673992674|-125.27472527472527]
2050,2026-02-02 14:22:06,[-134.06593406593407|-153.84615384615384|-117.94871794871794|-150.1831501831502|-115.01831501831502]
2051,2026-02-02 14:22:06,[-194.13919413919413|-169.96336996336996|-28.571428571428573|273.2600732600733|702.5641025641025]
2052,2026-02-02 14:22:06,[594.1391941391942|38.827838827838825|-332.6007326007326|-349.45054945054943|-200.73260073260073]
2053,2026-02-02 14:22:06,[-85.71428571428571|-112.08791208791209|-101.83150183150182|-132.6007326007326|-64.46886446886447]
2054,2026-02-02 14:22:06,[-110.62271062271063|-104.02930402930403|-72.52747252747253|-68.13186813186813|-37.362637362637365]
2055,2026-02-02 14:22:06,[-39.56043956043956|-53.47985347985348|-25.641025641025642|-54.94505494505494|22.71062271062271]
2056,2026-02-02 14:22:06,[8.058608058608058|3.663003663003663|44.688644688644686|52.014652014652015|120.87912087912088]
2057,2026-02-02 14:22:06,[98.9010989010989|144.32234432234432|185.34798534798534|136.996336996337|177.28937728937728]
2058,2026-02-02 14:22:06,[148.71794871794873|123.07692307692308|110.62271062271063|28.571428571428573|-3.663003663003663]
2059,2026-02-02 14:22:07,[-75.45787545787546|-137.72893772893772|-134.06593406593407|-178.02197802197801|-169.23076923076923]
2060,2026-02-02 14:22:07,[-235.16483516483515|-211.7216117216117|-176.55677655677655|-219.78021978021977|-183.88278388278388]
2061,2026-02-02 14:22:07,[-189.74358974358975|-189.74358974358975|-169.23076923076923|-180.95238095238096|-164.83516483516485]
2062,2026-02-02 14:22:07,[-176.55677655677655|-178.02197802197801|-127.47252747252747|-169.96336996336996|-164.10256410256412]
2063,2026-02-02 14:22:07,[-178.75457875457874|-157.50915750915752|-113.55311355311355|-178.02197802197801|-153.84615384615384]
2064,2026-02-02 14:22:07,[-156.7765567765568|-178.75457875457874|-133.33333333333334|-166.3003663003663|-153.84615384615384]
2065,2026-02-02 14:22:07,[-166.3003663003663|-170.6959706959707|-120.14652014652015|-169.96336996336996|-141.3919413919414]
2066,2026-02-02 14:22:07,[-159.7069597069597|-159.7069597069597|-116.48351648351648|-147.25274725274724|-167.76556776556777]
2067,2026-02-02 14:22:07,[-164.83516483516485|-127.47252747252747|-103.2967032967033|-136.996336996337|-123.80952380952381]
2068,2026-02-02 14:22:07,[-131.13553113553112|-126.73992673992674|-101.0989010989011|-153.1135531135531|-115.01831501831502]
2069,2026-02-02 14:22:07,[-161.17216117216117|-142.85714285714286|-101.83150183150182|-147.25274725274724|-118.68131868131869]
2070,2026-02-02 14:22:07,[-120.87912087912088|-112.08791208791209|-72.52747252747253|-125.27472527472527|-98.9010989010989]
2071,2026-02-02 14:22:07,[-60.8058608058608|-52.014652014652015|-66.66666666666667|-117.94871794871794|-146.5201465201465]
2072,2026-02-02 14:22:07,[-146.5201465201465|-109.15750915750915|-89.37728937728937|-164.83516483516485|-115.01831501831502]
2073,2026-02-02 14:22:07,[-110.62271062271063|-154.57875457875457|-132.6007326007326|62.27106227106227|523.8095238095239]
2074,2026-02-02 14:22:07,[769.9633699633699|364.83516483516485|-178.02197802197801|-309.8901098901099|-195.6043956043956]
2075,2026-02-02 14:22:07,[-167.76556776556777|-126.00732600732601|-100.36630036630036|-136.26373626373626|-79.12087912087912]
2076,2026-02-02 14:22:07,[-76.19047619047619|-76.92307692307692|-52.747252747252745|-97.43589743589743|-52.014652014652015]
2077,2026-02-02 14:22:07,[-79.12087912087912|-65.2014652014652|-18.315018315018314|-39.56043956043956|-27.106227106227106]
2078,2026-02-02 14:22:07,[-46.88644688644688|28.571428571428573|61.53846153846154|34.43223443223443|101.0989010989011]
2079,2026-02-02 14:22:07,[112.08791208791209|91.57509157509158|167.03296703296704|140.65934065934067|175.0915750915751]
2080,2026-02-02 14:22:07,[172.8937728937729|150.1831501831502|132.6007326007326|76.92307692307692|54.94505494505494]
2081,2026-02-02 14:22:07,[-38.827838827838825|-85.71428571428571|-86.44688644688645|-160.43956043956044|-148.71794871794873]
2082,2026-02-02 14:22:07,[-172.8937728937729|-214.65201465201466|-180.95238095238096|-205.12820512820514|-178.75457875457874]
2083,2026-02-02 14:22:08,[-205.12820512820514|-197.06959706959708|-156.04395604395606|-161.9047619047619|-167.76556776556777]
2084,2026-02-02 14:22:08,[-201.46520146520146|-176.55677655677655|-144.32234432234432|-173.62637362637363|-145.05494505494505]
2085,2026-02-02 14:22:08,[-161.17216117216117|-161.9047619047619|-142.12454212454213|-166.3003663003663|-129.67032967032966]
2086,2026-02-02 14:22:08,[-164.83516483516485|-183.88278388278388|-132.6007326007326|-167.03296703296704|-171.42857142857142]
2087,2026-02-02 14:22:08,[-182.41758241758242|-160.43956043956044|-152.38095238095238|-158.97435897435898|-134.06593406593407]
2088,2026-02-02 14:22:08,[-144.32234432234432|-159.7069597069597|-141.3919413919414|-158.97435897435898|-136.996336996337]
2089,2026-02-02 14:22:08,[-128.2051282051282|-171.42857142857142|-142.12454212454213|-119.41391941391942|-126.00732600732601]
2090,2026-02-02 14:22:08,[-169.23076923076923|-132.6007326007326|-108.42490842490842|-146.5201465201465|-131.13553113553112]
2091,2026-02-02 14:22:08,[-109.15750915750915|-121.6117216117216|-94.50549450549451|-142.85714285714286|-103.2967032967033]
2092,2026-02-02 14:22:08,[-114.28571428571429|-117.94871794871794|-101.83150183150182|-112.08791208791209|-97.43589743589743]
2093,2026-02-02 14:22:08,[-134.7985347985348|-119.41391941391942|-73.99267399267399|-72.52747252747253|-59.34065934065934]
2094,2026-02-02 14:22:08,[-49.81684981684982|-71.7948717948718|-49.08424908424909|-107.6923076923077|-102.56410256410257]
2095,2026-02-02 14:22:08,[-107.6923076923077|-126.73992673992674|-110.62271062271063|-134.06593406593407|-98.9010989010989]
2096,2026-02-02 14:22:08,[-153.84615384615384|-155.3113553113553|22.71062271062271|389.010989010989|772.8937728937728]
2097,2026-02-02 14:22:08,[553.1135531135532|-53.47985347985348|-293.7728937728938|-270.3296703296703|-145.78754578754578]
2098,2026-02-02 14:22:08,[-87.91208791208791|-97.43589743589743|-79.12087912087912|-109.15750915750915|-93.77289377289377]
2099,2026-02-02 14:22:08,[-114.28571428571429|-94.50549450549451|-19.047619047619047|-65.2014652014652|-47.61904761904762]
2100,2026-02-02 14:22:08,[-53.47985347985348|-67.3992673992674|-2.197802197802198|-12.454212454212454|-5.128205128205129]
2101,2026-02-02 14:22:08,[-8.058608058608058|-2.93040293040293|53.47985347985348|54.94505494505494|87.17948717948718]
2102,2026-02-02 14:22:08,[128.2051282051282|148.71794871794873|168.4981684981685|150.1831501831502|171.42857142857142]
2103,2026-02-02 14:22:08,[180.95238095238096|125.27472527472527|101.83150183150182|43.223443223443226|10.989010989010989]
2104,2026-02-02 14:22:08,[-63.73626373626374|-129.67032967032966|-124.54212454212454|-174.35897435897436|-173.62637362637363]
2105,2026-02-02 14:22:08,[-218.3150183150183|-227.83882783882783|-182.41758241758242|-202.1978021978022|-189.74358974358975]
2106,2026-02-02 14:22:08,[-169.23076923076923|-196.33699633699635|-179.48717948717947|-202.1978021978022|-164.83516483516485]
2107,2026-02-02 14:22:08,[-166.3003663003663|-213.1868131868132|-153.84615384615384|-180.21978021978023|-169.23076923076923]
2108,2026-02-02 14:22:08,[-169.96336996336996|-148.71794871794873|-153.1135531135531|-189.01098901098902|-145.78754578754578]
2109,2026-02-02 14:22:09,[-123.80952380952381|-170.6959706959707|-164.83516483516485|-193.4065934065934|-142.85714285714286]
2110,2026-02-02 14:22:09,[-147.98534798534797|-172.8937728937729|-120.14652014652015|-166.3003663003663|-167.03296703296704]
2111,2026-02-02 14:22:09,[-167.76556776556777|-145.78754578754578|-120.87912087912088|-172.16117216117217|-154.57875457875457]
2112,2026-02-02 14:22:09,[-126.73992673992674|-145.05494505494505|-131.13553113553112|-160.43956043956044|-128.2051282051282]
2113,2026-02-02 14:22:09,[-111.35531135531136|-126.73992673992674|-115.01831501831502|-134.06593406593407|-141.3919413919414]
2114,2026-02-02 14:22:09,[-161.17216117216117|-154.57875457875457|-98.9010989010989|-113.55311355311355|-135.53113553113553]
2115,2026-02-02 14:22:09,[-122.34432234432235|-103.2967032967033|-76.92307692307692|-125.27472527472527|-101.83150183150182]
2116,2026-02-02 14:22:09,[-62.27106227106227|-80.58608058608058|-70.32967032967034|-67.3992673992674|-94.50549450549451]
2117,2026-02-02 14:22:09,[-156.04395604395606|-131.13553113553112|-78.3882783882784|-122.34432234432235|-123.80952380952381]
2118,2026-02-02 14:22:09,[-119.41391941391942|-160.43956043956044|-125.27472527472527|10.989010989010989|392.6739926739927]
2119,2026-02-02 14:22:09,[756.7765567765567|472.5274725274725|-49.81684981684982|-358.24175824175825|-226.37362637362637]
2120,2026-02-02 14:22:09,[-177.28937728937728|-106.22710622710623|-103.2967032967033|-126.73992673992674|-76.92307692307692]
2121,2026-02-02 14:22:09,[-95.97069597069597|-106.22710622710623|-59.34065934065934|-90.10989010989012|-63.73626373626374]
2122,2026-02-02 14:22:09,[-37.362637362637365|-61.53846153846154|-18.315018315018314|-31.501831501831504|-52.014652014652015]
2123,2026-02-02 14:22:09,[-41.75824175824176|17.582417582417584|50.54945054945055|30.036630036630036|56.41025641025641]
2124,2026-02-02 14:22:09,[112.82051282051282|98.9010989010989|159.7069597069597|163.36996336996336|181.6849816849817]
2125,2026-02-02 14:22:09,[183.88278388278388|138.46153846153845|149.45054945054946|76.92307692307692|55.67765567765568]
2126,2026-02-02 14:22:09,[-15.384615384615385|-84.24908424908425|-87.17948717948718|-146.5201465201465|-181.6849816849817]
2127,2026-02-02 14:22:09,[-188.2783882783883|-205.86080586080587|-183.88278388278388|-222.71062271062272|-189.01098901098902]
2128,2026-02-02 14:22:09,[-200.0|-217.58241758241758|-180.21978021978023|-182.41758241758242|-142.85714285714286]
2129,2026-02-02 14:22:09,[-204.3956043956044|-207.32600732600733|-150.1831501831502|-194.13919413919413|-146.5201465201465]
2130,2026-02-02 14:22:09,[-148.71794871794873|-174.35897435897436|-157.50915750915752|-176.55677655677655|-135.53113553113553]
2131,2026-02-02 14:22:09,[-142.85714285714286|-201.46520146520146|-134.7985347985348|-178.75457875457874|-166.3003663003663]
2132,2026-02-02 14:22:09,[-189.74358974358975|-192.67399267399267|-147.98534798534797|-166.3003663003663|-157.50915750915752]
2133,2026-02-02 14:22:09,[-145.05494505494505|-178.02197802197801|-131.86813186813185|-143.5897435897436|-153.1135531135531]
2134,2026-02-02 14:22:10,[-132.6007326007326|-176.55677655677655|-142.85714285714286|-141.3919413919414|-136.26373626373626]
2135,2026-02-02 14:22:10,[-173.62637362637363|-149.45054945054946|-113.55311355311355|-137.72893772893772|-148.71794871794873]
2136,2026-02-02 14:22:10,[-125.27472527472527|-128.2051282051282|-99.63369963369964|-141.3919413919414|-114.28571428571429]
2137,2026-02-02 14:22:10,[-112.08791208791209|-115.01831501831502|-101.83150183150182|-129.67032967032966|-101.83150183150182]
2138,2026-02-02 14:22:10,[-122.34432234432235|-110.62271062271063|-62.27106227106227|-85.71428571428571|-56.41025641025641]
2139,2026-02-02 14:22:10,[-63.73626373626374|-76.19047619047619|-79.85347985347985|-134.7985347985348|-136.996336996337]
2140,2026-02-02 14:22:10,[-97.43589743589743|-136.996336996337|-123.80952380952381|-106.95970695970696|-145.78754578754578]
2141,2026-02-02 14:22:10,[-181.6849816849817|49.81684981684982|486.4468864468864|776.5567765567765|454.94505494505495]
2142,2026-02-02 14:22:10,[-125.27472527472527|-343.5897435897436|-182.41758241758242|-156.04395604395606|-115.01831501831502]
2143,2026-02-02 14:22:10,[-82.78388278388279|-117.94871794871794|-95.97069597069597|-105.49450549450549|-75.45787545787546]
2144,2026-02-02 14:22:10,[-89.37728937728937|-79.85347985347985|-52.014652014652015|-52.014652014652015|-54.21245421245421]
2145,2026-02-02 14:22:10,[-50.54945054945055|-53.47985347985348|-20.512820512820515|-19.047619047619047|32.967032967032964]
2146,2026-02-02 14:22:10,[41.02564102564103|28.571428571428573|68.13186813186813|112.82051282051282|132.6007326007326]
2147,2026-02-02 14:22:10,[103.2967032967033|144.32234432234432|186.8131868131868|158.97435897435898|157.50915750915752]
2148,2026-02-02 14:22:10,[167.03296703296704|66.66666666666667|38.095238095238095|6.593406593406593|-33.6996336996337]
2149,2026-02-02 14:22:10,[-100.36630036630036|-169.96336996336996|-157.50915750915752|-203.66300366300365|-192.67399267399267]
2150,2026-02-02 14:22:10,[-205.86080586080587|-219.04761904761904|-194.13919413919413|-235.16483516483515|-182.41758241758242]
2151,2026-02-02 14:22:10,[-166.3003663003663|-217.58241758241758|-180.95238095238096|-183.88278388278388|-170.6959706959707]
2152,2026-02-02 14:22:10,[-169.23076923076923|-193.4065934065934|-153.1135531135531|-170.6959706959707|-167.76556776556777]
2153,2026-02-02 14:22:10,[-164.83516483516485|-189.01098901098902|-182.41758241758242|-170.6959706959707|-168.4981684981685]
2154,2026-02-02 14:22:10,[-167.03296703296704|-197.06959706959708|-134.06593406593407|-148.71794871794873|-158.97435897435898]
2155,2026-02-02 14:22:10,[-178.02197802197801|-205.86080586080587|-132.6007326007326|-153.1135531135531|-169.23076923076923]
2156,2026-02-02 14:22:10,[-202.93040293040292|-165.56776556776558|-143.5897435897436|-148.71794871794873|-147.25274725274724]
2157,2026-02-02 14:22:10,[-131.13553113553112|-158.24175824175825|-131.13553113553112|-180.21978021978023|-123.07692307692308]
2158,2026-02-02 14:22:10,[-131.13553113553112|-134.7985347985348|-115.01831501831502|-152.38095238095238|-132.6007326007326]
2159,2026-02-02 14:22:10,[-147.25274725274724|-122.34432234432235|-122.34432234432235|-156.04395604395606|-131.13553113553112]
2160,2026-02-02 14:22:11,[-85.71428571428571|-112.08791208791209|-96.7032967032967|-106.95970695970696|-84.24908424908425]
2161,2026-02-02 14:22:11,[-41.75824175824176|-60.8058608058608|-50.54945054945055|-120.87912087912088|-102.56410256410257]
2162,2026-02-02 14:22:11,[-145.05494505494505|-142.85714285714286|-108.42490842490842|-120.87912087912088|-101.83150183150182]
2163,2026-02-02 14:22:11,[-118.68131868131869|-181.6849816849817|-15.384615384615385|328.20512820512823|715.7509157509157]
2164,2026-02-02 14:22:11,[629.3040293040293|19.78021978021978|-345.05494505494505|-258.6080586080586|-147.25274725274724]
2165,2026-02-02 14:22:11,[-126.73992673992674|-120.87912087912088|-81.31868131868131|-101.83150183150182|-71.06227106227107]
2166,2026-02-02 14:22:11,[-62.27106227106227|-96.7032967032967|-56.41025641025641|-54.21245421245421|-50.54945054945055]
2167,2026-02-02 14:22:11,[-24.90842490842491|-60.8058608058608|16.84981684981685|-24.175824175824175|-6.593406593406593]
2168,2026-02-02 14:22:11,[-2.197802197802198|16.117216117216117|73.99267399267399|79.85347985347985|85.71428571428571]
2169,2026-02-02 14:22:11,[116.48351648351648|121.6117216117216|186.8131868131868|175.0915750915751|174.35897435897436]
2170,2026-02-02 14:22:11,[170.6959706959707|144.32234432234432|134.7985347985348|66.66666666666667|13.91941391941392]
2171,2026-02-02 14:22:11,[-59.34065934065934|-103.2967032967033|-134.06593406593407|-160.43956043956044|-191.2087912087912]
2172,2026-02-02 14:22:11,[-197.06959706959708|-197.06959706959708|-180.95238095238096|-221.97802197802199|-200.0]
2173,2026-02-02 14:22:11,[-153.84615384615384|-205.12820512820514|-170.6959706959707|-170.6959706959707|-178.02197802197801]
2174,2026-02-02 14:22:11,[-172.16117216117217|-191.2087912087912|-131.13553113553112|-166.3003663003663|-169.23076923076923]
2175,2026-02-02 14:22:11,[-135.53113553113553|-161.9047619047619|-142.12454212454213|-172.8937728937729|-169.23076923076923]
2176,2026-02-02 14:22:11,[-147.25274725274724|-164.83516483516485|-135.53113553113553|-173.62637362637363|-167.76556776556777]
2177,2026-02-02 14:22:11,[-152.38095238095238|-156.04395604395606|-148.71794871794873|-154.57875457875457|-147.25274725274724]
2178,2026-02-02 14:22:11,[-130.4029304029304|-189.01098901098902|-120.87912087912088|-130.4029304029304|-134.06593406593407]
2179,2026-02-02 14:22:11,[-148.71794871794873|-153.1135531135531|-112.82051282051282|-145.78754578754578|-145.78754578754578]
2180,2026-02-02 14:22:11,[-149.45054945054946|-131.86813186813185|-107.6923076923077|-135.53113553113553|-147.25274725274724]
2181,2026-02-02 14:22:11,[-87.17948717948718|-125.27472527472527|-94.50549450549451|-107.6923076923077|-81.31868131868131]
2182,2026-02-02 14:22:11,[-50.54945054945055|-90.10989010989012|-62.27106227106227|-105.49450549450549|-112.08791208791209]
2183,2026-02-02 14:22:11,[-144.32234432234432|-157.50915750915752|-115.75091575091575|-127.47252747252747|-113.55311355311355]
2184,2026-02-02 14:22:12,[-142.85714285714286|-191.2087912087912|23.44322344322344|369.96336996337|712.0879120879121]
2185,2026-02-02 14:22:12,[497.43589743589746|-54.94505494505494|-345.05494505494505|-298.16849816849816|-182.41758241758242]
2186,2026-02-02 14:22:12,[-122.34432234432235|-120.87912087912088|-96.7032967032967|-107.6923076923077|-85.71428571428571]
2187,2026-02-02 14:22:12,[-49.08424908424909|-98.9010989010989|-76.92307692307692|-84.98168498168498|-43.223443223443226]
2188,2026-02-02 14:22:12,[-24.175824175824175|-52.747252747252745|-21.245421245421245|-20.512820512820515|-13.91941391941392]
2189,2026-02-02 14:22:12,[-4.395604395604396|27.106227106227106|64.46886446886447|68.86446886446886|88.64468864468864]
2190,2026-02-02 14:22:12,[138.46153846153845|134.7985347985348|202.93040293040292|161.9047619047619|158.24175824175825]
2191,2026-02-02 14:22:12,[175.82417582417582|134.06593406593407|113.55311355311355|32.967032967032964|-24.90842490842491]
2192,2026-02-02 14:22:12,[-98.16849816849818|-134.06593406593407|-122.34432234432235|-153.84615384615384|-180.95238095238096]
2193,2026-02-02 14:22:12,[-178.02197802197801|-208.7912087912088|-195.6043956043956|-205.12820512820514|-220.51282051282053]
2194,2026-02-02 14:22:12,[-173.62637362637363|-213.91941391941393|-157.50915750915752|-166.3003663003663|-169.96336996336996]
2195,2026-02-02 14:22:12,[-192.67399267399267|-179.48717948717947|-156.7765567765568|-161.9047619047619|-172.8937728937729]
2196,2026-02-02 14:22:12,[-145.78754578754578|-190.47619047619048|-164.83516483516485|-164.83516483516485|-161.17216117216117]
2197,2026-02-02 14:22:12,[-164.83516483516485|-173.62637362637363|-143.5897435897436|-158.97435897435898|-166.3003663003663]
2198,2026-02-02 14:22:12,[-190.47619047619048|-181.6849816849817|-156.04395604395606|-156.04395604395606|-149.45054945054946]
2199,2026-02-02 14:22:12,[-135.53113553113553|-166.3003663003663|-144.32234432234432|-167.76556776556777|-145.78754578754578]
2200,2026-02-02 14:22:12,[-123.80952380952381|-158.97435897435898|-130.4029304029304|-143.5897435897436|-161.9047619047619]
2201,2026-02-02 14:22:12,[-154.57875457875457|-142.85714285714286|-117.94871794871794|-119.41391941391942|-121.6117216117216]
2202,2026-02-02 14:22:12,[-112.08791208791209|-150.1831501831502|-90.10989010989012|-72.52747252747253|-75.45787545787546]
2203,2026-02-02 14:22:12,[-73.99267399267399|-110.62271062271063|-101.83150183150182|-123.07692307692308|-141.3919413919414]
2204,2026-02-02 14:22:12,[-155.3113553113553|-144.32234432234432|-127.47252747252747|-141.3919413919414|-167.76556776556777]
2205,2026-02-02 14:22:12,[-55.67765567765568|240.2930402930403|712.0879120879121|652.7472527472528|89.37728937728937]
2206,2026-02-02 14:22:12,[-312.0879120879121|-293.7728937728938|-152.38095238095238|-117.94871794871794|-122.34432234432235]
2207,2026-02-02 14:22:12,[-120.87912087912088|-130.4029304029304|-88.64468864468864|-88.64468864468864|-84.24908424908425]
2208,2026-02-02 14:22:12,[-58.608058608058606|-76.19047619047619|-59.34065934065934|-62.27106227106227|-52.747252747252745]
2209,2026-02-02 14:22:13,[-27.106227106227106|-41.75824175824176|5.86080586080586|-5.128205128205129|5.128205128205129]
2210,2026-02-02 14:22:13,[30.76923076923077|43.223443223443226|85.71428571428571|120.14652014652015|136.996336996337]
2211,2026-02-02 14:22:13,[160.43956043956044|139.9267399267399|170.6959706959707|157.50915750915752|139.9267399267399]
2212,2026-02-02 14:22:13,[150.91575091575092|44.688644688644686|13.186813186813186|-67.3992673992674|-110.62271062271063]
2213,2026-02-02 14:22:13,[-159.7069597069597|-181.6849816849817|-179.48717948717947|-200.0|-219.78021978021977]
2214,2026-02-02 14:22:13,[-193.4065934065934|-202.93040293040292|-197.06959706959708|-180.21978021978023|-201.46520146520146]
2215,2026-02-02 14:22:13,[-173.62637362637363|-200.73260073260073|-166.3003663003663|-178.02197802197801|-183.88278388278388]
2216,2026-02-02 14:22:13,[-182.41758241758242|-169.96336996336996|-170.6959706959707|-164.83516483516485|-172.8937728937729]
2217,2026-02-02 14:22:13,[-159.7069597069597|-189.74358974358975|-180.95238095238096|-160.43956043956044|-168.4981684981685]
2218,2026-02-02 14:22:13,[-145.78754578754578|-174.35897435897436|-158.97435897435898|-167.76556776556777|-198.53479853479854]
2219,2026-02-02 14:22:13,[-170.6959706959707|-167.03296703296704|-153.1135531135531|-173.62637362637363|-150.1831501831502]
2220,2026-02-02 14:22:13,[-134.06593406593407|-197.06959706959708|-147.25274725274724|-131.13553113553112|-135.53113553113553]
2221,2026-02-02 14:22:13,[-154.57875457875457|-159.7069597069597|-132.6007326007326|-135.53113553113553|-137.72893772893772]
2222,2026-02-02 14:22:13,[-161.17216117216117|-141.3919413919414|-96.7032967032967|-103.2967032967033|-97.43589743589743]
2223,2026-02-02 14:22:13,[-54.94505494505494|-136.996336996337|-158.97435897435898|-129.67032967032966|-131.13553113553112]
2224,2026-02-02 14:22:13,[-128.2051282051282|-160.43956043956044|-130.4029304029304|-158.97435897435898|-167.76556776556777]
2225,2026-02-02 14:22:13,[-20.512820512820515|372.8937728937729|789.7435897435897|498.9010989010989|-86.44688644688645]
2226,2026-02-02 14:22:13,[-331.86813186813185|-272.5274725274725|-145.78754578754578|-117.94871794871794|-134.06593406593407]
2227,2026-02-02 14:22:13,[-82.78388278388279|-110.62271062271063|-111.35531135531136|-87.17948717948718|-76.92307692307692]
2228,2026-02-02 14:22:13,[-109.15750915750915|-87.91208791208791|-65.2014652014652|-59.34065934065934|-64.46886446886447]
2229,2026-02-02 14:22:13,[-15.384615384615385|-27.106227106227106|-6.593406593406593|-7.326007326007326|7.326007326007326]
2230,2026-02-02 14:22:13,[68.86446886446886|46.15384615384615|101.83150183150182|120.87912087912088|122.34432234432235]
2231,2026-02-02 14:22:13,[145.78754578754578|154.57875457875457|179.48717948717947|164.83516483516485|115.75091575091575]
2232,2026-02-02 14:22:13,[104.02930402930403|22.71062271062271|-2.197802197802198|-65.93406593406593|-154.57875457875457]
2233,2026-02-02 14:22:14,[-152.38095238095238|-180.95238095238096|-188.2783882783883|-203.66300366300365|-216.84981684981685]
2234,2026-02-02 14:22:14,[-241.02564102564102|-240.2930402930403|-182.41758241758242|-180.95238095238096|-182.41758241758242]
2235,2026-02-02 14:22:14,[-193.4065934065934|-188.2783882783883|-164.83516483516485|-200.0|-197.06959706959708]
2236,2026-02-02 14:22:14,[-161.17216117216117|-172.8937728937729|-172.8937728937729|-173.62637362637363|-169.23076923076923]
2237,2026-02-02 14:22:14,[-193.4065934065934|-176.55677655677655|-157.50915750915752|-158.97435897435898|-188.2783882783883]
2238,2026-02-02 14:22:14,[-153.1135531135531|-196.33699633699635|-164.83516483516485|-167.03296703296704|-178.02197802197801]
2239,2026-02-02 14:22:14,[-150.91575091575092|-156.04395604395606|-154.57875457875457|-150.1831501831502|-161.17216117216117]
2240,2026-02-02 14:22:14,[-160.43956043956044|-165.56776556776558|-156.04395604395606|-153.84615384615384|-153.1135531135531]
2241,2026-02-02 14:22:14,[-80.58608058608058|-112.08791208791209|-112.08791208791209|-129.67032967032966|-143.5897435897436]
2242,2026-02-02 14:22:14,[-141.3919413919414|-157.50915750915752|-135.53113553113553|-154.57875457875457|-167.76556776556777]
2243,2026-02-02 14:22:14,[-174.35897435897436|-180.95238095238096|-84.24908424908425|216.84981684981685|627.8388278388278]
2244,2026-02-02 14:22:14,[627.1062271062272|49.81684981684982|-345.7875457875458|-343.5897435897436|-243.2234432234432]
2245,2026-02-02 14:22:14,[-115.75091575091575|-122.34432234432235|-111.35531135531136|-107.6923076923077|-94.50549450549451]
2246,2026-02-02 14:22:14,[-149.45054945054946|-104.02930402930403|-60.07326007326007|-80.58608058608058|-112.08791208791209]
2247,2026-02-02 14:22:14,[-30.036630036630036|-30.036630036630036|-36.63003663003663|-27.106227106227106|-17.582417582417584]
2248,2026-02-02 14:22:14,[29.304029304029303|6.593406593406593|26.373626373626372|79.85347985347985|90.84249084249085]
2249,2026-02-02 14:22:14,[109.89010989010988|138.46153846153845|184.6153846153846|181.6849816849817|134.06593406593407]
2250,2026-02-02 14:22:14,[172.8937728937729|126.73992673992674|90.10989010989012|43.956043956043956|-34.43223443223443]
2251,2026-02-02 14:22:14,[-80.58608058608058|-135.53113553113553|-123.07692307692308|-161.9047619047619|-180.95238095238096]
2252,2026-02-02 14:22:14,[-241.02564102564102|-217.58241758241758|-189.74358974358975|-176.55677655677655|-204.3956043956044]
2253,2026-02-02 14:22:14,[-178.02197802197801|-205.86080586080587|-167.76556776556777|-170.6959706959707|-164.10256410256412]
2254,2026-02-02 14:22:14,[-157.50915750915752|-204.3956043956044|-153.1135531135531|-152.38095238095238|-172.16117216117217]
2255,2026-02-02 14:22:14,[-207.32600732600733|-147.25274725274724|-164.10256410256412|-158.97435897435898|-157.50915750915752]
2256,2026-02-02 14:22:14,[-142.85714285714286|-178.02197802197801|-188.2783882783883|-157.50915750915752|-169.23076923076923]
2257,2026-02-02 14:22:14,[-126.00732600732601|-154.57875457875457|-146.5201465201465|-159.7069597069597|-161.9047619047619]
2258,2026-02-02 14:22:14,[-164.83516483516485|-165.56776556776558|-143.5897435897436|-153.1135531135531|-158.24175824175825]
2259,2026-02-02 14:22:15,[-123.07692307692308|-131.13553113553112|-117.94871794871794|-103.2967032967033|-86.44688644688645]
2260,2026-02-02 14:22:15,[-73.99267399267399|-83.51648351648352|-120.87912087912088|-160.43956043956044|-145.78754578754578]
2261,2026-02-02 14:22:15,[-156.04395604395606|-142.85714285714286|-121.6117216117216|-106.22710622710623|-135.53113553113553]
2262,2026-02-02 14:22:15,[-147.25274725274724|-52.747252747252745|311.35531135531136|772.8937728937728|571.4285714285714]
2263,2026-02-02 14:22:15,[5.128205128205129|-353.1135531135531|-246.8864468864469|-141.3919413919414|-122.34432234432235]
2264,2026-02-02 14:22:15,[-145.78754578754578|-95.97069597069597|-102.56410256410257|-79.85347985347985|-126.73992673992674]
2265,2026-02-02 14:22:15,[-30.036630036630036|-80.58608058608058|-65.93406593406593|-16.84981684981685|-72.52747252747253]
2266,2026-02-02 14:22:15,[-43.223443223443226|-41.02564102564103|-12.454212454212454|7.326007326007326|-11.72161172161172]
2267,2026-02-02 14:22:15,[64.46886446886447|-5.86080586080586|63.73626373626374|138.46153846153845|75.45787545787546]
2268,2026-02-02 14:22:15,[169.23076923076923|161.17216117216117|174.35897435897436|131.13553113553112|126.73992673992674]
2269,2026-02-02 14:22:15,[160.43956043956044|110.62271062271063|55.67765567765568|-31.501831501831504|-108.42490842490842]
2270,2026-02-02 14:22:15,[-180.21978021978023|-172.16117216117217|-200.0|-168.4981684981685|-191.2087912087912]
2271,2026-02-02 14:22:15,[-145.78754578754578|-178.02197802197801|-156.7765567765568|-216.11721611721612|-261.53846153846155]
2272,2026-02-02 14:22:15,[-167.03296703296704|-158.97435897435898|-161.9047619047619|-118.68131868131869|-172.16117216117217]
2273,2026-02-02 14:22:15,[-130.4029304029304|-166.3003663003663|-191.2087912087912|-110.62271062271063|-120.87912087912088]
2274,2026-02-02 14:22:15,[-172.16117216117217|-318.68131868131866|-158.97435897435898|-76.19047619047619|-200.73260073260073]
2275,2026-02-02 14:22:15,[-176.55677655677655|-197.06959706959708|-220.51282051282053|-238.0952380952381|-254.21245421245422]
2276,2026-02-02 14:22:15,[-243.95604395604394|-160.43956043956044|-194.13919413919413|-194.13919413919413|-252.74725274725276]
2277,2026-02-02 14:22:15,[-180.95238095238096|-148.71794871794873|-264.46886446886447|-219.04761904761904|-220.51282051282053]
2278,2026-02-02 14:22:15,[-197.8021978021978|-215.3846153846154|-157.50915750915752|-148.71794871794873|-243.95604395604394]
2279,2026-02-02 14:22:15,[-150.1831501831502|-153.84615384615384|-101.0989010989011|-113.55311355311355|-157.50915750915752]
2280,2026-02-02 14:22:15,[-133.33333333333334|-176.55677655677655|-189.74358974358975|-181.6849816849817|-197.06959706959708]
2281,2026-02-02 14:22:15,[-216.11721611721612|-246.8864468864469|-142.85714285714286|-143.5897435897436|-264.46886446886447]
2282,2026-02-02 14:22:15,[32.967032967032964|585.3479853479854|826.3736263736264|255.67765567765568|-262.27106227106225]
2283,2026-02-02 14:22:15,[-346.5201465201465|-205.12820512820514|-195.6043956043956|-212.45421245421247|-191.2087912087912]
2284,2026-02-02 14:22:16,[-108.42490842490842|-141.3919413919414|-172.16117216117217|-73.99267399267399|-87.17948717948718]
2285,2026-02-02 14:22:16,[-197.06959706959708|-71.06227106227107|-50.54945054945055|-41.75824175824176|-62.27106227106227]
2286,2026-02-02 14:22:16,[-28.571428571428573|-41.75824175824176|-70.32967032967034|-5.128205128205129|21.245421245421245]
2287,2026-02-02 14:22:16,[85.71428571428571|19.78021978021978|57.875457875457876|116.48351648351648|75.45787545787546]
2288,2026-02-02 14:22:16,[135.53113553113553|213.1868131868132|150.1831501831502|104.02930402930403|136.996336996337]
2289,2026-02-02 14:22:16,[54.21245421245421|-63.00366300366301|-178.75457875457874|-125.27472527472527|-106.22710622710623]
2290,2026-02-02 14:22:16,[-159.7069597069597|-295.23809523809524|-287.9120879120879|-246.8864468864469|-238.82783882783883]
2291,2026-02-02 14:22:16,[-320.8791208791209|-195.6043956043956|-219.04761904761904|-271.06227106227107|-253.4798534798535]
2292,2026-02-02 14:22:16,[-219.78021978021977|-246.8864468864469|-239.56043956043956|-243.95604395604394|-216.11721611721612]
2293,2026-02-02 14:22:16,[-179.48717948717947|-237.36263736263737|-263.7362637362637|-301.0989010989011|-196.33699633699635]
2294,2026-02-02 14:22:16,[-287.1794871794872|-252.74725274725276|-302.56410256410254|-235.16483516483515|-276.1904761904762]
2295,2026-02-02 14:22:16,[-246.8864468864469|-259.34065934065933|-286.4468864468864|-196.33699633699635|-223.44322344322345]
2296,2026-02-02 14:22:16,[-226.37362637362637|-265.9340659340659|-263.7362637362637|-197.06959706959708|-261.53846153846155]
2297,2026-02-02 14:22:16,[-261.53846153846155|-192.67399267399267|-246.15384615384616|-182.41758241758242|-170.6959706959707]
2298,2026-02-02 14:22:16,[-200.0|-214.65201465201466|-227.83882783882783|-160.43956043956044|-125.27472527472527]
2299,2026-02-02 14:22:16,[-106.22710622710623|-94.50549450549451|-126.73992673992674|-191.2087912087912|-216.84981684981685]
2300,2026-02-02 14:22:16,[-134.7985347985348|-147.25274725274724|-154.57875457875457|-130.4029304029304|-172.16117216117217]
2301,2026-02-02 14:22:16,[-217.58241758241758|-120.87912087912088|-30.036630036630036|336.996336996337|715.7509157509157]
2302,2026-02-02 14:22:16,[636.6300366300367|19.78021978021978|-364.1025641025641|-311.35531135531136|-178.02197802197801]
2303,2026-02-02 14:22:16,[-97.43589743589743|-125.27472527472527|-131.13553113553112|-99.63369963369964|-106.22710622710623]
2304,2026-02-02 14:22:16,[-71.06227106227107|-101.0989010989011|-50.54945054945055|-48.35164835164835|-6.593406593406593]
2305,2026-02-02 14:22:16,[-28.571428571428573|-66.66666666666667|-18.315018315018314|46.15384615384615|5.86080586080586]
2306,2026-02-02 14:22:16,[-19.047619047619047|90.10989010989012|85.71428571428571|41.75824175824176|132.6007326007326]
2307,2026-02-02 14:22:16,[135.53113553113553|197.06959706959708|194.13919413919413|207.32600732600733|161.9047619047619]
2308,2026-02-02 14:22:17,[145.05494505494505|92.3076923076923|132.6007326007326|73.99267399267399|32.967032967032964]
2309,2026-02-02 14:22:17,[-65.2014652014652|-132.6007326007326|-131.86813186813185|-147.25274725274724|-153.1135531135531]
2310,2026-02-02 14:22:17,[-215.3846153846154|-205.86080586080587|-172.16117216117217|-197.06959706959708|-188.2783882783883]
2311,2026-02-02 14:22:17,[-160.43956043956044|-87.17948717948718|-164.83516483516485|-188.2783882783883|-123.07692307692308]
2312,2026-02-02 14:22:17,[-204.3956043956044|-172.16117216117217|-112.08791208791209|-95.97069597069597|-148.71794871794873]
2313,2026-02-02 14:22:17,[-164.83516483516485|-159.7069597069597|-98.9010989010989|-157.50915750915752|-112.82051282051282]
2314,2026-02-02 14:22:17,[-107.6923076923077|-149.45054945054946|-143.5897435897436|-132.6007326007326|-112.08791208791209]
2315,2026-02-02 14:22:17,[-246.8864468864469|-132.6007326007326|-71.06227106227107|-168.4981684981685|-122.34432234432235]
2316,2026-02-02 14:22:17,[-145.78754578754578|-102.56410256410257|-101.83150183150182|-148.71794871794873|-71.7948717948718]
2317,2026-02-02 14:22:17,[-95.23809523809524|-117.94871794871794|-97.43589743589743|-131.13553113553112|-136.996336996337]
2318,2026-02-02 14:22:17,[-87.17948717948718|-2.197802197802198|-88.64468864468864|-35.8974358974359|-107.6923076923077]
2319,2026-02-02 14:22:17,[-172.16117216117217|-154.57875457875457|-120.87912087912088|-100.36630036630036|-84.24908424908425]
2320,2026-02-02 14:22:17,[-103.2967032967033|-182.41758241758242|-86.44688644688645|68.13186813186813|490.1098901098901]
2321,2026-02-02 14:22:17,[1070.3296703296703|372.8937728937729|-120.14652014652015|-290.84249084249086|-255.67765567765568]
2322,2026-02-02 14:22:17,[-61.53846153846154|-119.41391941391942|-87.91208791208791|-119.41391941391942|-73.99267399267399]
2323,2026-02-02 14:22:17,[-79.85347985347985|-73.26007326007326|-5.128205128205129|-60.8058608058608|-60.8058608058608]
2324,2026-02-02 14:22:17,[-49.08424908424909|-52.014652014652015|-28.571428571428573|-13.91941391941392|-3.663003663003663]
2325,2026-02-02 14:22:17,[19.78021978021978|5.128205128205129|120.87912087912088|84.24908424908425|41.75824175824176]
2326,2026-02-02 14:22:17,[157.50915750915752|178.02197802197801|194.13919413919413|195.6043956043956|197.8021978021978]
2327,2026-02-02 14:22:17,[136.996336996337|193.4065934065934|157.50915750915752|68.13186813186813|-5.128205128205129]
2328,2026-02-02 14:22:17,[-28.571428571428573|-122.34432234432235|-127.47252747252747|-134.06593406593407|-201.46520146520146]
2329,2026-02-02 14:22:17,[-135.53113553113553|-188.2783882783883|-241.75824175824175|-178.75457875457874|-150.1831501831502]
2330,2026-02-02 14:22:17,[-221.97802197802199|-205.86080586080587|-194.13919413919413|-157.50915750915752|-112.82051282051282]
2331,2026-02-02 14:22:17,[-190.47619047619048|-189.01098901098902|-141.3919413919414|-158.97435897435898|-158.97435897435898]
2332,2026-02-02 14:22:17,[-157.50915750915752|-127.47252747252747|-158.97435897435898|-144.32234432234432|-160.43956043956044]
2333,2026-02-02 14:22:17,[-180.95238095238096|-161.9047619047619|-169.23076923076923|-123.80952380952381|-202.1978021978022]
2334,2026-02-02 14:22:18,[-219.04761904761904|-189.74358974358975|-126.73992673992674|-133.33333333333334|-182.41758241758242]
2335,2026-02-02 14:22:18,[-167.03296703296704|-115.01831501831502|-109.89010989010988|-172.16117216117217|-143.5897435897436]
2336,2026-02-02 14:22:18,[-182.41758241758242|-154.57875457875457|-174.35897435897436|-164.83516483516485|-121.6117216117216]
2337,2026-02-02 14:22:18,[-157.50915750915752|-133.33333333333334|-141.3919413919414|-96.7032967032967|-147.25274725274724]
2338,2026-02-02 14:22:18,[-164.83516483516485|-158.97435897435898|-148.71794871794873|-110.62271062271063|-73.99267399267399]
2339,2026-02-02 14:22:18,[-180.21978021978023|-152.38095238095238|-158.97435897435898|-90.10989010989012|-70.32967032967034]
2340,2026-02-02 14:22:18,[-124.54212454212454|-65.2014652014652|-9.523809523809524|-95.97069597069597|-108.42490842490842]
2341,2026-02-02 14:22:18,[-100.36630036630036|-150.1831501831502|-142.85714285714286|-107.6923076923077|-170.6959706959707]
2342,2026-02-02 14:22:18,[-166.3003663003663|-129.67032967032966|-154.57875457875457|-132.6007326007326|-78.3882783882784]
2343,2026-02-02 14:22:18,[361.17216117216117|805.8608058608058|643.2234432234433|79.12087912087912|-335.53113553113553]
2344,2026-02-02 14:22:18,[-263.7362637362637|-143.5897435897436|-85.71428571428571|-120.87912087912088|-149.45054945054946]
2345,2026-02-02 14:22:18,[-183.15018315018315|-106.22710622710623|-115.01831501831502|-67.3992673992674|-49.08424908424909]
2346,2026-02-02 14:22:18,[-65.2014652014652|-112.08791208791209|-43.956043956043956|-50.54945054945055|-78.3882783882784]
2347,2026-02-02 14:22:18,[8.058608058608058|-25.641025641025642|-2.197802197802198|38.827838827838825|-3.663003663003663]
2348,2026-02-02 14:22:18,[43.956043956043956|85.71428571428571|97.43589743589743|136.996336996337|194.13919413919413]
2349,2026-02-02 14:22:18,[181.6849816849817|201.46520146520146|172.16117216117217|147.25274725274724|100.36630036630036]
2350,2026-02-02 14:22:18,[72.52747252747253|20.512820512820515|-47.61904761904762|-75.45787545787546|-150.1831501831502]
2351,2026-02-02 14:22:18,[-217.58241758241758|-192.67399267399267|-194.13919413919413|-179.48717948717947|-193.4065934065934]
2352,2026-02-02 14:22:18,[-195.6043956043956|-227.83882783882783|-178.02197802197801|-200.0|-191.2087912087912]
2353,2026-02-02 14:22:18,[-149.45054945054946|-164.83516483516485|-197.06959706959708|-167.76556776556777|-212.45421245421247]
2354,2026-02-02 14:22:18,[-249.8168498168498|-156.04395604395606|-141.3919413919414|-149.45054945054946|-157.50915750915752]
2355,2026-02-02 14:22:18,[-133.33333333333334|-173.62637362637363|-178.02197802197801|-188.2783882783883|-220.51282051282053]
2356,2026-02-02 14:22:18,[-84.24908424908425|-199.26739926739927|-156.04395604395606|-145.78754578754578|-145.78754578754578]
2357,2026-02-02 14:22:18,[-227.83882783882783|-131.13553113553112|-133.33333333333334|-167.76556776556777|-174.35897435897436]
2358,2026-02-02 14:22:18,[-150.1831501831502|-161.17216117216117|-136.996336996337|-178.02197802197801|-147.25274725274724]
2359,2026-02-02 14:22:19,[-115.01831501831502|-147.25274725274724|-156.7765567765568|-112.82051282051282|-164.83516483516485]
2360,2026-02-02 14:22:19,[-164.83516483516485|-126.00732600732601|-123.80952380952381|-160.43956043956044|-120.14652014652015]
2361,2026-02-02 14:22:19,[-145.78754578754578|-121.6117216117216|-118.68131868131869|-142.85714285714286|-130.4029304029304]
2362,2026-02-02 14:22:19,[-126.73992673992674|-98.9010989010989|-142.12454212454213|-112.08791208791209|-79.85347985347985]
2363,2026-02-02 14:22:19,[-202.1978021978022|-94.50549450549451|-85.71428571428571|-50.54945054945055|-60.8058608058608]
2364,2026-02-02 14:22:19,[-59.34065934065934|-33.6996336996337|-95.97069597069597|-112.82051282051282|-97.43589743589743]
2365,2026-02-02 14:22:19,[-142.85714285714286|-131.86813186813185|-97.43589743589743|-82.78388278388279|-127.47252747252747]
2366,2026-02-02 14:22:19,[-169.23076923076923|-188.2783882783883|-48.35164835164835|380.95238095238096|769.2307692307693]
2367,2026-02-02 14:22:19,[638.0952380952381|99.63369963369964|-300.3663003663004|-238.0952380952381|-194.13919413919413]
2368,2026-02-02 14:22:19,[-82.78388278388279|-76.92307692307692|-107.6923076923077|-132.6007326007326|-74.72527472527473]
2369,2026-02-02 14:22:19,[-123.80952380952381|-83.51648351648352|-84.24908424908425|-6.593406593406593|-27.83882783882784]
2370,2026-02-02 14:22:19,[-29.304029304029303|-43.223443223443226|-32.967032967032964|-21.245421245421245|10.989010989010989]
2371,2026-02-02 14:22:19,[-15.384615384615385|43.223443223443226|90.10989010989012|85.71428571428571|66.66666666666667]
2372,2026-02-02 14:22:19,[79.85347985347985|139.9267399267399|196.33699633699635|183.88278388278388|208.05860805860806]
2373,2026-02-02 14:22:19,[156.7765567765568|194.13919413919413|140.65934065934067|27.83882783882784|23.44322344322344]
2374,2026-02-02 14:22:19,[12.454212454212454|-106.22710622710623|-164.83516483516485|-115.01831501831502|-164.83516483516485]
2375,2026-02-02 14:22:19,[-243.95604395604394|-169.23076923076923|-208.05860805860806|-272.5274725274725|-201.46520146520146]
2376,2026-02-02 14:22:19,[-189.74358974358975|-241.02564102564102|-201.46520146520146|-188.2783882783883|-182.41758241758242]
2377,2026-02-02 14:22:19,[-135.53113553113553|-167.03296703296704|-165.56776556776558|-165.56776556776558|-178.02197802197801]
2378,2026-02-02 14:22:19,[-172.16117216117217|-180.95238095238096|-156.7765567765568|-126.73992673992674|-166.3003663003663]
2379,2026-02-02 14:22:19,[-153.1135531135531|-178.02197802197801|-154.57875457875457|-177.28937728937728|-159.7069597069597]
2380,2026-02-02 14:22:19,[-161.9047619047619|-147.25274725274724|-153.1135531135531|-130.4029304029304|-167.03296703296704]
2381,2026-02-02 14:22:19,[-217.58241758241758|-153.1135531135531|-194.13919413919413|-135.53113553113553|-101.83150183150182]
2382,2026-02-02 14:22:19,[-125.27472527472527|-155.3113553113553|-216.84981684981685|-112.08791208791209|-115.75091575091575]
2383,2026-02-02 14:22:20,[-122.34432234432235|-126.73992673992674|-189.74358974358975|-118.68131868131869|-134.06593406593407]
2384,2026-02-02 14:22:20,[-154.57875457875457|-119.41391941391942|-157.50915750915752|-115.01831501831502|-128.2051282051282]
2385,2026-02-02 14:22:20,[-96.7032967032967|-110.62271062271063|-134.06593406593407|-112.08791208791209|-94.50549450549451]
2386,2026-02-02 14:22:20,[-53.47985347985348|-105.49450549450549|-109.89010989010988|-31.501831501831504|-95.97069597069597]
2387,2026-02-02 14:22:20,[-98.16849816849818|-101.83150183150182|-142.85714285714286|-136.996336996337|-145.78754578754578]
2388,2026-02-02 14:22:20,[-129.67032967032966|-78.3882783882784|-112.08791208791209|-157.50915750915752|-194.13919413919413]
2389,2026-02-02 14:22:20,[-32.967032967032964|345.05494505494505|841.7582417582418|591.2087912087912|53.47985347985348]
2390,2026-02-02 14:22:20,[-362.6373626373626|-254.21245421245422|-98.9010989010989|-120.87912087912088|-142.12454212454213]
2391,2026-02-02 14:22:20,[-120.14652014652015|-68.13186813186813|-79.85347985347985|-79.85347985347985|-65.93406593406593]
2392,2026-02-02 14:22:20,[-95.97069597069597|-107.6923076923077|-53.47985347985348|-9.523809523809524|-38.827838827838825]
2393,2026-02-02 14:22:20,[-79.85347985347985|-32.967032967032964|-8.058608058608058|21.245421245421245|28.571428571428573]
2394,2026-02-02 14:22:20,[50.54945054945055|50.54945054945055|66.66666666666667|138.46153846153845|217.58241758241758]
2395,2026-02-02 14:22:20,[183.88278388278388|150.1831501831502|173.62637362637363|208.7912087912088|159.7069597069597]
2396,2026-02-02 14:22:20,[114.28571428571429|65.2014652014652|52.014652014652015|-65.2014652014652|-112.82051282051282]
2397,2026-02-02 14:22:20,[-88.64468864468864|-126.73992673992674|-169.23076923076923|-224.9084249084249|-224.9084249084249]
2398,2026-02-02 14:22:20,[-213.1868131868132|-190.47619047619048|-190.47619047619048|-264.46886446886447|-200.0]
2399,2026-02-02 14:22:20,[-220.51282051282053|-180.95238095238096|-183.88278388278388|-148.71794871794873|-167.76556776556777]
2400,2026-02-02 14:22:20,[-136.26373626373626|-170.6959706959707|-164.83516483516485|-170.6959706959707|-176.55677655677655]
2401,2026-02-02 14:22:20,[-131.86813186813185|-150.1831501831502|-168.4981684981685|-144.32234432234432|-180.95238095238096]
2402,2026-02-02 14:22:20,[-182.41758241758242|-207.32600732600733|-169.23076923076923|-119.41391941391942|-143.5897435897436]
2403,2026-02-02 14:22:20,[-178.02197802197801|-176.55677655677655|-161.9047619047619|-180.95238095238096|-126.73992673992674]
2404,2026-02-02 14:22:20,[-172.8937728937729|-161.9047619047619|-148.71794871794873|-128.2051282051282|-142.85714285714286]
2405,2026-02-02 14:22:20,[-215.3846153846154|-147.25274725274724|-129.67032967032966|-158.97435897435898|-111.35531135531136]
2406,2026-02-02 14:22:20,[-142.85714285714286|-136.996336996337|-142.85714285714286|-153.84615384615384|-174.35897435897436]
2407,2026-02-02 14:22:20,[-107.6923076923077|-107.6923076923077|-122.34432234432235|-134.06593406593407|-175.0915750915751]
2408,2026-02-02 14:22:20,[-160.43956043956044|-96.7032967032967|-103.2967032967033|-115.01831501831502|-169.23076923076923]
2409,2026-02-02 14:22:21,[-68.13186813186813|-107.6923076923077|-112.82051282051282|-178.02197802197801|-109.15750915750915]
2410,2026-02-02 14:22:21,[-41.75824175824176|-120.14652014652015|-89.37728937728937|-43.223443223443226|-84.24908424908425]
2411,2026-02-02 14:22:21,[-144.32234432234432|-73.26007326007326|-98.9010989010989|-100.36630036630036|-142.85714285714286]
2412,2026-02-02 14:22:21,[-169.23076923076923|-101.83150183150182|-102.56410256410257|-134.06593406593407|-196.33699633699635]
2413,2026-02-02 14:22:21,[-146.5201465201465|123.07692307692308|600.0|859.3406593406594|426.3736263736264]
2414,2026-02-02 14:22:21,[-246.8864468864469|-308.42490842490844|-182.41758241758242|-87.17948717948718|-141.3919413919414]
2415,2026-02-02 14:22:21,[-117.94871794871794|-161.17216117216117|-94.50549450549451|-60.8058608058608|-90.10989010989012]
2416,2026-02-02 14:22:21,[-37.362637362637365|-78.3882783882784|-74.72527472527473|-41.75824175824176|-98.9010989010989]
2417,2026-02-02 14:22:21,[-90.10989010989012|-19.78021978021978|-3.663003663003663|-2.197802197802198|-38.827838827838825]
2418,2026-02-02 14:22:21,[8.058608058608058|81.31868131868131|115.75091575091575|81.31868131868131|136.26373626373626]
2419,2026-02-02 14:22:21,[131.13553113553112|201.46520146520146|184.6153846153846|159.7069597069597|197.06959706959708]
2420,2026-02-02 14:22:21,[93.04029304029304|149.45054945054946|37.362637362637365|34.43223443223443|-65.2014652014652]
2421,2026-02-02 14:22:21,[-79.85347985347985|-126.00732600732601|-192.67399267399267|-189.74358974358975|-201.46520146520146]
2422,2026-02-02 14:22:21,[-249.08424908424908|-196.33699633699635|-189.74358974358975|-213.91941391941393|-219.04761904761904]
2423,2026-02-02 14:22:21,[-254.21245421245422|-217.58241758241758|-150.1831501831502|-173.62637362637363|-180.95238095238096]
2424,2026-02-02 14:22:21,[-144.32234432234432|-194.87179487179486|-200.73260073260073|-144.32234432234432|-176.55677655677655]
2425,2026-02-02 14:22:21,[-161.9047619047619|-127.47252747252747|-166.3003663003663|-144.32234432234432|-192.67399267399267]
2426,2026-02-02 14:22:21,[-216.11721611721612|-127.47252747252747|-166.3003663003663|-207.32600732600733|-136.996336996337]
2427,2026-02-02 14:22:21,[-178.02197802197801|-114.28571428571429|-158.97435897435898|-220.51282051282053|-154.57875457875457]
2428,2026-02-02 14:22:21,[-126.73992673992674|-166.3003663003663|-131.13553113553112|-125.27472527472527|-178.02197802197801]
2429,2026-02-02 14:22:21,[-192.67399267399267|-153.1135531135531|-164.10256410256412|-103.2967032967033|-131.13553113553112]
2430,2026-02-02 14:22:21,[-134.7985347985348|-134.06593406593407|-171.42857142857142|-112.08791208791209|-125.27472527472527]
2431,2026-02-02 14:22:21,[-145.78754578754578|-133.33333333333334|-127.47252747252747|-56.41025641025641|-157.50915750915752]
2432,2026-02-02 14:22:21,[-183.88278388278388|-79.85347985347985|-105.49450549450549|-137.72893772893772|-110.62271062271063]
2433,2026-02-02 14:22:21,[-88.64468864468864|-98.9010989010989|-111.35531135531136|-62.27106227106227|-54.21245421245421]
2434,2026-02-02 14:22:22,[-63.73626373626374|-51.282051282051285|-60.8058608058608|-38.827838827838825|-113.55311355311355]
2435,2026-02-02 14:22:22,[-191.2087912087912|-98.16849816849818|-106.95970695970696|-103.2967032967033|-146.5201465201465]
2436,2026-02-02 14:22:22,[-134.7985347985348|-142.85714285714286|-70.32967032967034|240.2930402930403|655.6776556776557]
2437,2026-02-02 14:22:22,[772.8937728937728|249.8168498168498|-228.57142857142858|-328.93772893772893|-207.32600732600733]
2438,2026-02-02 14:22:22,[-153.1135531135531|-112.08791208791209|-78.3882783882784|-101.83150183150182|-131.86813186813185]
2439,2026-02-02 14:22:22,[-5.128205128205129|-38.827838827838825|-80.58608058608058|-65.2014652014652|-59.34065934065934]
2440,2026-02-02 14:22:22,[-31.501831501831504|-60.07326007326007|-17.582417582417584|40.29304029304029|-21.978021978021978]
2441,2026-02-02 14:22:22,[-48.35164835164835|21.245421245421245|55.67765567765568|107.6923076923077|115.01831501831502]
2442,2026-02-02 14:22:22,[64.46886446886447|160.43956043956044|167.76556776556777|183.15018315018315|186.08058608058607]
2443,2026-02-02 14:22:22,[179.48717948717947|178.02197802197801|192.67399267399267|131.13553113553112|50.54945054945055]
2444,2026-02-02 14:22:22,[-72.52747252747253|-49.08424908424909|-113.55311355311355|-115.01831501831502|-164.10256410256412]
2445,2026-02-02 14:22:22,[-194.13919413919413|-219.78021978021977|-238.0952380952381|-194.87179487179486|-197.06959706959708]
2446,2026-02-02 14:22:22,[-165.56776556776558|-189.01098901098902|-169.23076923076923|-224.9084249084249|-167.03296703296704]
2447,2026-02-02 14:22:22,[-179.48717948717947|-154.57875457875457|-154.57875457875457|-160.43956043956044|-172.16117216117217]
2448,2026-02-02 14:22:22,[-189.74358974358975|-120.14652014652015|-137.72893772893772|-167.76556776556777|-177.28937728937728]
2449,2026-02-02 14:22:22,[-167.76556776556777|-161.17216117216117|-144.32234432234432|-144.32234432234432|-171.42857142857142]
2450,2026-02-02 14:22:22,[-242.49084249084248|-125.27472527472527|-188.2783882783883|-173.62637362637363|-158.24175824175825]
2451,2026-02-02 14:22:22,[-165.56776556776558|-179.48717948717947|-167.76556776556777|-161.17216117216117|-153.1135531135531]
2452,2026-02-02 14:22:22,[-141.3919413919414|-88.64468864468864|-107.6923076923077|-122.34432234432235|-106.22710622710623]
2453,2026-02-02 14:22:22,[-201.46520146520146|-189.74358974358975|-120.14652014652015|-78.3882783882784|-156.04395604395606]
