Packet_Number,Timestamp,Data
1,2026-02-26 22:17:12,[-169.23076923076923|-117.94871794871794|-18.315018315018314|-136.996336996337|73.26007326007326]
2,2026-02-26 22:17:12,[-110.62271062271063|-76.92307692307692|-73.26007326007326|-224.9084249084249|32.967032967032964]
3,2026-02-26 22:17:12,[-178.75457875457874|-131.13553113553112|-60.07326007326007|-223.44322344322345|12.454212454212454]
4,2026-02-26 22:17:12,[-47.61904761904762|428.57142857142856|1499.6336996336997|1499.6336996336997|682.0512820512821]
5,2026-02-26 22:17:12,[-692.3076923076923|-780.2197802197802|-418.31501831501834|-336.996336996337|-6.593406593406593]
6,2026-02-26 22:17:12,[-181.6849816849817|-112.08791208791209|-14.652014652014651|-161.17216117216117|76.92307692307692]
7,2026-02-26 22:17:12,[-112.08791208791209|-29.304029304029303|68.13186813186813|-108.42490842490842|123.07692307692308]
8,2026-02-26 22:17:12,[-58.608058608058606|31.501831501831504|126.73992673992674|-17.582417582417584|238.0952380952381]
9,2026-02-26 22:17:12,[97.43589743589743|204.3956043956044|318.68131868131866|206.5934065934066|496.7032967032967]
10,2026-02-26 22:17:12,[343.5897435897436|454.2124542124542|542.1245421245421|405.12820512820514|630.7692307692307]
11,2026-02-26 22:17:12,[389.010989010989|396.3369963369963|343.5897435897436|67.3992673992674|150.1831501831502]
12,2026-02-26 22:17:12,[-152.38095238095238|-158.24175824175825|-160.43956043956044|-353.84615384615387|-148.71794871794873]
13,2026-02-26 22:17:12,[-381.68498168498166|-311.35531135531136|-249.8168498168498|-409.5238095238095|-205.86080586080587]
14,2026-02-26 22:17:12,[-379.4871794871795|-293.7728937728938|-219.04761904761904|-378.75457875457874|-156.04395604395606]
15,2026-02-26 22:17:12,[-359.7069597069597|-277.65567765567766|-192.67399267399267|-346.5201465201465|-85.71428571428571]
16,2026-02-26 22:17:12,[-306.2271062271062|-240.2930402930403|-173.62637362637363|-330.4029304029304|-120.87912087912088]
17,2026-02-26 22:17:12,[-328.93772893772893|-241.02564102564102|-214.65201465201466|-381.68498168498166|-124.54212454212454]
18,2026-02-26 22:17:12,[-323.8095238095238|-261.53846153846155|-237.36263736263737|-370.6959706959707|-154.57875457875457]
19,2026-02-26 22:17:12,[-347.25274725274727|-249.8168498168498|-180.95238095238096|-346.5201465201465|-145.78754578754578]
20,2026-02-26 22:17:12,[-311.35531135531136|-230.76923076923077|-205.86080586080587|-323.0769230769231|-145.05494505494505]
21,2026-02-26 22:17:12,[-299.6336996336996|-223.44322344322345|-180.95238095238096|-302.56410256410254|-102.56410256410257]
22,2026-02-26 22:17:13,[-264.46886446886447|-189.74358974358975|-172.16117216117217|-261.53846153846155|-56.41025641025641]
23,2026-02-26 22:17:13,[-221.24542124542126|-145.78754578754578|-71.7948717948718|-161.17216117216117|10.989010989010989]
24,2026-02-26 22:17:13,[-195.6043956043956|-131.13553113553112|-126.00732600732601|-238.0952380952381|-59.34065934065934]
25,2026-02-26 22:17:13,[-246.8864468864469|-152.38095238095238|-118.68131868131869|-247.61904761904762|41.02564102564103]
26,2026-02-26 22:17:13,[208.7912087912088|1369.2307692307693|1499.6336996336997|920.8791208791209|-378.75457875457874]
27,2026-02-26 22:17:13,[-852.014652014652|-424.1758241758242|-131.13553113553112|-225.64102564102564|-30.76923076923077]
28,2026-02-26 22:17:13,[-211.7216117216117|-109.15750915750915|-50.54945054945055|-183.88278388278388|56.41025641025641]
29,2026-02-26 22:17:13,[-123.07692307692308|-49.08424908424909|27.106227106227106|-106.95970695970696|123.80952380952381]
30,2026-02-26 22:17:13,[-58.608058608058606|52.014652014652015|138.46153846153845|15.384615384615385|257.14285714285717]
31,2026-02-26 22:17:13,[76.92307692307692|227.83882783882783|326.7399267399267|249.8168498168498|512.0879120879121]
32,2026-02-26 22:17:13,[367.032967032967|488.64468864468864|535.5311355311355|384.61538461538464|556.0439560439561]
33,2026-02-26 22:17:13,[268.86446886446885|264.46886446886447|191.94139194139194|-74.72527472527473|17.582417582417584]
34,2026-02-26 22:17:13,[-268.86446886446885|-252.74725274725276|-253.4798534798535|-416.8498168498169|-216.11721611721612]
35,2026-02-26 22:17:13,[-442.4908424908425|-355.3113553113553|-301.0989010989011|-439.56043956043953|-197.8021978021978]
36,2026-02-26 22:17:13,[-386.8131868131868|-276.9230769230769|-243.2234432234432|-359.7069597069597|-137.72893772893772]
37,2026-02-26 22:17:13,[-356.7765567765568|-254.21245421245422|-205.12820512820514|-343.5897435897436|-134.7985347985348]
38,2026-02-26 22:17:13,[-331.86813186813185|-228.57142857142858|-191.2087912087912|-333.3333333333333|-120.14652014652015]
39,2026-02-26 22:17:13,[-331.86813186813185|-224.9084249084249|-207.32600732600733|-349.45054945054943|-136.996336996337]
40,2026-02-26 22:17:13,[-334.7985347985348|-237.36263736263737|-193.4065934065934|-330.4029304029304|-99.63369963369964]
41,2026-02-26 22:17:13,[-326.007326007326|-235.16483516483515|-200.0|-333.3333333333333|-115.01831501831502]
42,2026-02-26 22:17:13,[-317.2161172161172|-220.51282051282053|-179.48717948717947|-299.6336996336996|-87.17948717948718]
43,2026-02-26 22:17:13,[-289.3772893772894|-191.94139194139194|-154.57875457875457|-296.7032967032967|-59.34065934065934]
44,2026-02-26 22:17:13,[-261.53846153846155|-161.9047619047619|-103.2967032967033|-176.55677655677655|34.43223443223443]
45,2026-02-26 22:17:13,[-194.13919413919413|-115.01831501831502|-135.53113553113553|-271.06227106227107|-52.747252747252745]
46,2026-02-26 22:17:13,[-268.86446886446885|-156.04395604395606|-115.01831501831502|-261.53846153846155|-28.571428571428573]
47,2026-02-26 22:17:14,[-18.315018315018314|794.8717948717949|1499.6336996336997|1499.6336996336997|134.7985347985348]
48,2026-02-26 22:17:14,[-899.6336996336996|-569.2307692307693|-224.9084249084249|-235.89743589743588|-16.117216117216117]
49,2026-02-26 22:17:14,[-223.44322344322345|-87.17948717948718|-31.501831501831504|-176.55677655677655|40.29304029304029]
50,2026-02-26 22:17:14,[-156.7765567765568|-38.827838827838825|-3.663003663003663|-112.08791208791209|132.6007326007326]
51,2026-02-26 22:17:14,[-65.93406593406593|49.81684981684982|112.08791208791209|8.058608058608058|252.74725274725276]
52,2026-02-26 22:17:14,[67.3992673992674|213.91941391941393|295.23809523809524|233.6996336996337|514.2857142857143]
53,2026-02-26 22:17:14,[343.5897435897436|483.5164835164835|531.8681318681319|404.3956043956044|613.1868131868132]
54,2026-02-26 22:17:14,[331.86813186813185|353.84615384615387|249.8168498168498|-12.454212454212454|79.12087912087912]
55,2026-02-26 22:17:14,[-242.49084249084248|-193.4065934065934|-213.91941391941393|-382.4175824175824|-192.67399267399267]
56,2026-02-26 22:17:14,[-422.7106227106227|-310.6227106227106|-287.1794871794872|-403.6630036630037|-194.13919413919413]
57,2026-02-26 22:17:14,[-405.86080586080584|-284.98168498168496|-261.53846153846155|-367.032967032967|-142.85714285714286]
58,2026-02-26 22:17:14,[-356.04395604395603|-255.67765567765568|-243.95604395604394|-345.05494505494505|-136.26373626373626]
59,2026-02-26 22:17:14,[-355.3113553113553|-236.63003663003664|-223.44322344322345|-335.53113553113553|-113.55311355311355]
60,2026-02-26 22:17:14,[-349.45054945054943|-236.63003663003664|-235.89743589743588|-349.45054945054943|-129.67032967032966]
61,2026-02-26 22:17:14,[-347.25274725274727|-217.58241758241758|-205.12820512820514|-325.27472527472526|-115.75091575091575]
62,2026-02-26 22:17:14,[-336.996336996337|-207.32600732600733|-200.0|-303.2967032967033|-101.83150183150182]
63,2026-02-26 22:17:14,[-313.5531135531136|-197.06959706959708|-178.02197802197801|-290.84249084249086|-62.27106227106227]
64,2026-02-26 22:17:14,[-296.7032967032967|-167.76556776556777|-122.34432234432235|-216.84981684981685|-6.593406593406593]
65,2026-02-26 22:17:14,[-259.34065934065933|-169.23076923076923|-182.41758241758242|-300.3663003663004|-87.91208791208791]
66,2026-02-26 22:17:14,[-303.2967032967033|-167.76556776556777|-146.5201465201465|-265.9340659340659|19.78021978021978]
67,2026-02-26 22:17:14,[106.95970695970696|1133.3333333333333|1499.6336996336997|936.996336996337|-309.15750915750914]
68,2026-02-26 22:17:14,[-953.1135531135532|-548.7179487179487|-258.6080586080586|-248.35164835164835|-8.058608058608058]
69,2026-02-26 22:17:14,[-224.17582417582418|-79.85347985347985|-60.8058608058608|-180.21978021978023|56.41025641025641]
70,2026-02-26 22:17:14,[-158.97435897435898|-14.652014652014651|10.989010989010989|-79.12087912087912|138.46153846153845]
71,2026-02-26 22:17:14,[-73.99267399267399|76.19047619047619|120.14652014652015|33.6996336996337|274.72527472527474]
72,2026-02-26 22:17:14,[81.31868131868131|266.6666666666667|324.54212454212455|271.79487179487177|569.2307692307693]
73,2026-02-26 22:17:15,[357.5091575091575|510.6227106227106|533.3333333333334|402.1978021978022|600.7326007326008]
74,2026-02-26 22:17:15,[280.5860805860806|301.0989010989011|197.06959706959708|-37.362637362637365|73.99267399267399]
75,2026-02-26 22:17:15,[-248.35164835164835|-192.67399267399267|-229.3040293040293|-369.96336996337|-174.35897435897436]
76,2026-02-26 22:17:15,[-413.9194139194139|-284.98168498168496|-277.65567765567766|-388.27838827838826|-173.62637362637363]
77,2026-02-26 22:17:15,[-387.54578754578756|-252.01465201465203|-239.56043956043956|-345.7875457875458|-136.26373626373626]
78,2026-02-26 22:17:15,[-358.24175824175825|-208.05860805860806|-216.84981684981685|-320.1465201465202|-100.36630036630036]
79,2026-02-26 22:17:15,[-334.0659340659341|-205.86080586080587|-220.51282051282053|-323.0769230769231|-130.4029304029304]
80,2026-02-26 22:17:15,[-362.6373626373626|-224.9084249084249|-220.51282051282053|-334.0659340659341|-103.2967032967033]
81,2026-02-26 22:17:15,[-343.5897435897436|-216.84981684981685|-213.1868131868132|-310.6227106227106|-82.78388278388279]
82,2026-02-26 22:17:15,[-337.72893772893775|-199.26739926739927|-188.2783882783883|-284.24908424908426|-26.373626373626372]
83,2026-02-26 22:17:15,[-237.36263736263737|-109.15750915750915|-115.01831501831502|-265.9340659340659|-98.9010989010989]
84,2026-02-26 22:17:15,[-342.85714285714283|-178.02197802197801|-178.75457875457874|-293.040293040293|-73.99267399267399]
85,2026-02-26 22:17:15,[-308.42490842490844|-149.45054945054946|50.54945054945055|593.4065934065934|1499.6336996336997]
86,2026-02-26 22:17:15,[1499.6336996336997|54.94505494505494|-838.8278388278388|-797.0695970695971|-265.9340659340659]
87,2026-02-26 22:17:15,[-328.93772893772893|-135.53113553113553|-131.86813186813185|-241.02564102564102|-6.593406593406593]
88,2026-02-26 22:17:15,[-226.37362637362637|-73.99267399267399|-72.52747252747253|-172.16117216117217|57.875457875457876]
89,2026-02-26 22:17:15,[-153.1135531135531|19.78021978021978|21.978021978021978|-52.747252747252745|172.8937728937729]
90,2026-02-26 22:17:15,[-34.43223443223443|154.57875457875457|181.6849816849817|131.13553113553112|394.13919413919416]
91,2026-02-26 22:17:15,[200.0|410.2564102564103|451.28205128205127|362.6373626373626|600.7326007326008]
92,2026-02-26 22:17:15,[325.27472527472526|453.4798534798535|397.8021978021978|197.06959706959708|276.1904761904762]
93,2026-02-26 22:17:15,[-83.51648351648352|-32.967032967032964|-134.06593406593407|-310.6227106227106|-136.996336996337]
94,2026-02-26 22:17:15,[-402.9304029304029|-272.5274725274725|-290.84249084249086|-394.87179487179486|-182.41758241758242]
95,2026-02-26 22:17:15,[-415.38461538461536|-265.9340659340659|-276.9230769230769|-361.17216117216117|-143.5897435897436]
96,2026-02-26 22:17:15,[-377.2893772893773|-216.84981684981685|-235.16483516483515|-324.54212454212455|-119.41391941391942]
97,2026-02-26 22:17:15,[-354.57875457875457|-209.52380952380952|-239.56043956043956|-326.007326007326|-115.01831501831502]
98,2026-02-26 22:17:16,[-361.17216117216117|-217.58241758241758|-237.36263736263737|-334.0659340659341|-120.14652014652015]
99,2026-02-26 22:17:16,[-369.2307692307692|-213.91941391941393|-226.37362637362637|-334.7985347985348|-115.01831501831502]
100,2026-02-26 22:17:16,[-361.17216117216117|-202.93040293040292|-214.65201465201466|-302.56410256410254|-88.64468864468864]
101,2026-02-26 22:17:16,[-326.007326007326|-169.23076923076923|-188.2783882783883|-295.23809523809524|-66.66666666666667]
102,2026-02-26 22:17:16,[-305.4945054945055|-134.7985347985348|-160.43956043956044|-255.67765567765568|-5.128205128205129]
103,2026-02-26 22:17:16,[-211.7216117216117|-64.46886446886447|-116.48351648351648|-235.89743589743588|-48.35164835164835]
104,2026-02-26 22:17:16,[-293.7728937728938|-144.32234432234432|-158.24175824175825|-238.82783882783883|-20.512820512820515]
105,2026-02-26 22:17:16,[-284.24908424908426|-101.83150183150182|123.07692307692308|871.0622710622711|1499.6336996336997]
106,2026-02-26 22:17:16,[1430.03663003663|-126.73992673992674|-803.6630036630037|-593.4065934065934|-95.23809523809524]
107,2026-02-26 22:17:16,[-267.3992673992674|-112.08791208791209|-126.73992673992674|-204.3956043956044|13.91941391941392]
108,2026-02-26 22:17:16,[-220.51282051282053|-43.223443223443226|-65.2014652014652|-132.6007326007326|85.71428571428571]
109,2026-02-26 22:17:16,[-150.1831501831502|30.036630036630036|19.78021978021978|-60.07326007326007|175.0915750915751]
110,2026-02-26 22:17:16,[-32.234432234432234|170.6959706959707|186.8131868131868|139.19413919413918|393.4065934065934]
111,2026-02-26 22:17:16,[201.46520146520146|438.0952380952381|453.4798534798535|380.2197802197802|600.0]
112,2026-02-26 22:17:16,[358.24175824175825|495.97069597069594|405.12820512820514|210.98901098901098|286.4468864468864]
113,2026-02-26 22:17:16,[-68.13186813186813|-3.663003663003663|-123.80952380952381|-289.3772893772894|-126.73992673992674]
114,2026-02-26 22:17:16,[-403.6630036630037|-243.2234432234432|-282.7838827838828|-365.56776556776555|-164.10256410256412]
115,2026-02-26 22:17:16,[-430.03663003663|-227.83882783882783|-255.67765567765568|-343.5897435897436|-152.38095238095238]
116,2026-02-26 22:17:16,[-389.010989010989|-213.1868131868132|-252.74725274725276|-321.61172161172163|-124.54212454212454]
117,2026-02-26 22:17:16,[-388.27838827838826|-200.0|-224.9084249084249|-305.4945054945055|-118.68131868131869]
118,2026-02-26 22:17:16,[-383.1501831501831|-192.67399267399267|-226.37362637362637|-323.0769230769231|-136.996336996337]
119,2026-02-26 22:17:16,[-380.2197802197802|-194.13919413919413|-249.8168498168498|-331.86813186813185|-113.55311355311355]
120,2026-02-26 22:17:16,[-361.17216117216117|-174.35897435897436|-220.51282051282053|-311.35531135531136|-112.08791208791209]
121,2026-02-26 22:17:16,[-342.12454212454213|-166.3003663003663|-217.58241758241758|-293.7728937728938|-109.89010989010988]
122,2026-02-26 22:17:17,[-347.25274725274727|-161.17216117216117|-197.06959706959708|-267.3992673992674|-59.34065934065934]
123,2026-02-26 22:17:17,[-323.8095238095238|-131.13553113553112|-126.73992673992674|-188.2783882783883|-6.593406593406593]
124,2026-02-26 22:17:17,[-264.46886446886447|-104.02930402930403|-190.47619047619048|-273.992673992674|-70.32967032967034]
125,2026-02-26 22:17:17,[-305.4945054945055|-119.41391941391942|-166.3003663003663|-263.7362637362637|-3.663003663003663]
126,2026-02-26 22:17:17,[63.00366300366301|1255.6776556776556|1499.6336996336997|954.5787545787546|-361.17216117216117]
127,2026-02-26 22:17:17,[-969.9633699633699|-441.75824175824175|-235.16483516483515|-235.16483516483515|-31.501831501831504]
128,2026-02-26 22:17:17,[-282.05128205128204|-73.99267399267399|-107.6923076923077|-177.28937728937728|32.967032967032964]
129,2026-02-26 22:17:17,[-201.46520146520146|10.989010989010989|-27.106227106227106|-83.51648351648352|126.73992673992674]
130,2026-02-26 22:17:17,[-84.98168498168498|100.36630036630036|66.66666666666667|40.29304029304029|252.74725274725276]
131,2026-02-26 22:17:17,[69.59706959706959|304.02930402930406|298.16849816849816|276.1904761904762|528.2051282051282]
132,2026-02-26 22:17:17,[317.94871794871796|534.065934065934|512.0879120879121|424.90842490842493|605.8608058608058]
133,2026-02-26 22:17:17,[321.61172161172163|324.54212454212455|126.00732600732601|-32.234432234432234|-126.00732600732601]
134,2026-02-26 22:17:17,[-159.7069597069597|-164.83516483516485|-211.7216117216117|-214.65201465201466|-192.67399267399267]
135,2026-02-26 22:17:17,[-170.6959706959707|-168.4981684981685|-154.57875457875457|-144.32234432234432|-142.85714285714286]
136,2026-02-26 22:17:17,[-120.87912087912088|-97.43589743589743|-95.23809523809524|-86.44688644688645|-112.08791208791209]
137,2026-02-26 22:17:17,[-96.7032967032967|-74.72527472527473|-82.78388278388279|-84.98168498168498|-85.71428571428571]
138,2026-02-26 22:17:17,[-76.92307692307692|-78.3882783882784|-110.62271062271063|-129.67032967032966|-97.43589743589743]
139,2026-02-26 22:17:17,[-101.83150183150182|-114.28571428571429|-99.63369963369964|-103.2967032967033|-115.01831501831502]
140,2026-02-26 22:17:17,[-94.50549450549451|-120.14652014652015|-130.4029304029304|-111.35531135531136|-117.94871794871794]
141,2026-02-26 22:17:17,[-103.2967032967033|-102.56410256410257|-126.73992673992674|-140.65934065934067|-130.4029304029304]
142,2026-02-26 22:17:17,[-134.06593406593407|-119.41391941391942|-97.43589743589743|-134.06593406593407|-109.15750915750915]
143,2026-02-26 22:17:17,[-61.53846153846154|-56.41025641025641|-71.06227106227107|-100.36630036630036|-170.6959706959707]
144,2026-02-26 22:17:17,[-168.4981684981685|-148.71794871794873|-123.80952380952381|-154.57875457875457|-167.76556776556777]
145,2026-02-26 22:17:17,[-158.97435897435898|-119.41391941391942|72.52747252747253|627.8388278388278|1499.6336996336997]
146,2026-02-26 22:17:17,[1499.6336996336997|197.06959706959708|-767.032967032967|-733.3333333333334|-436.6300366300366]
147,2026-02-26 22:17:17,[-214.65201465201466|-131.86813186813185|-112.08791208791209|-100.36630036630036|-109.15750915750915]
148,2026-02-26 22:17:18,[-95.97069597069597|-41.75824175824176|-24.175824175824175|-35.8974358974359|-37.362637362637365]
149,2026-02-26 22:17:18,[-19.78021978021978|-18.315018315018314|-21.978021978021978|8.058608058608058|37.362637362637365]
150,2026-02-26 22:17:18,[66.66666666666667|107.6923076923077|145.78754578754578|182.41758241758242|231.5018315018315]
151,2026-02-26 22:17:18,[289.3772893772894|323.8095238095238|385.34798534798534|405.12820512820514|415.38461538461536]
152,2026-02-26 22:17:18,[406.5934065934066|367.032967032967|315.75091575091574|228.57142857142858|113.55311355311355]
153,2026-02-26 22:17:18,[-6.593406593406593|-113.55311355311355|-205.86080586080587|-260.0732600732601|-301.83150183150184]
154,2026-02-26 22:17:18,[-325.27472527472526|-345.05494505494505|-368.4981684981685|-365.56776556776555|-365.56776556776555]
155,2026-02-26 22:17:18,[-358.24175824175825|-349.45054945054943|-346.5201465201465|-345.05494505494505|-334.7985347985348]
156,2026-02-26 22:17:18,[-331.13553113553115|-317.94871794871796|-311.35531135531136|-315.75091575091574|-306.959706959707]
157,2026-02-26 22:17:18,[-307.6923076923077|-306.959706959707|-298.16849816849816|-295.23809523809524|-313.5531135531136]
158,2026-02-26 22:17:18,[-317.94871794871796|-318.68131868131866|-305.4945054945055|-302.56410256410254|-309.8901098901099]
159,2026-02-26 22:17:18,[-314.2857142857143|-296.7032967032967|-283.5164835164835|-284.98168498168496|-284.98168498168496]
160,2026-02-26 22:17:18,[-263.7362637362637|-260.0732600732601|-264.46886446886447|-263.7362637362637|-277.65567765567766]
161,2026-02-26 22:17:18,[-267.3992673992674|-253.4798534798535|-239.56043956043956|-239.56043956043956|-238.0952380952381]
162,2026-02-26 22:17:18,[-227.1062271062271|-221.24542124542126|-208.7912087912088|-207.32600732600733|-197.06959706959708]
163,2026-02-26 22:17:18,[-180.95238095238096|-191.2087912087912|-167.76556776556777|-131.13553113553112|-127.47252747252747]
164,2026-02-26 22:17:18,[-130.4029304029304|-154.57875457875457|-180.95238095238096|-204.3956043956044|-200.0]
165,2026-02-26 22:17:18,[-193.4065934065934|-192.67399267399267|-188.2783882783883|-183.88278388278388|-197.8021978021978]
166,2026-02-26 22:17:18,[-155.3113553113553|107.6923076923077|980.952380952381|1499.6336996336997|1367.032967032967]
167,2026-02-26 22:17:18,[-290.84249084249086|-825.6410256410256|-528.9377289377289|-242.49084249084248|-161.17216117216117]
168,2026-02-26 22:17:18,[-167.03296703296704|-154.57875457875457|-136.26373626373626|-132.6007326007326|-109.15750915750915]
169,2026-02-26 22:17:18,[-94.50549450549451|-76.92307692307692|-60.8058608058608|-53.47985347985348|-38.827838827838825]
170,2026-02-26 22:17:18,[-14.652014652014651|12.454212454212454|28.571428571428573|53.47985347985348|84.98168498168498]
171,2026-02-26 22:17:18,[126.00732600732601|167.76556776556777|216.11721611721612|263.003663003663|309.8901098901099]
172,2026-02-26 22:17:18,[383.1501831501831|430.7692307692308|463.7362637362637|468.13186813186815|462.27106227106225]
173,2026-02-26 22:17:19,[432.967032967033|350.9157509157509|260.0732600732601|139.9267399267399|21.978021978021978]
174,2026-02-26 22:17:19,[-86.44688644688645|-174.35897435897436|-227.83882783882783|-271.06227106227107|-302.56410256410254]
175,2026-02-26 22:17:19,[-321.61172161172163|-333.3333333333333|-343.5897435897436|-334.7985347985348|-328.93772893772893]
176,2026-02-26 22:17:19,[-314.2857142857143|-314.2857142857143|-308.42490842490844|-300.3663003663004|-289.3772893772894]
177,2026-02-26 22:17:19,[-275.45787545787545|-263.7362637362637|-260.0732600732601|-251.28205128205127|-243.2234432234432]
178,2026-02-26 22:17:19,[-248.35164835164835|-241.02564102564102|-230.03663003663004|-239.56043956043956|-236.63003663003664]
179,2026-02-26 22:17:19,[-235.16483516483515|-250.54945054945054|-246.8864468864469|-241.02564102564102|-241.75824175824175]
180,2026-02-26 22:17:19,[-246.8864468864469|-239.56043956043956|-229.3040293040293|-235.16483516483515|-241.02564102564102]
181,2026-02-26 22:17:19,[-224.9084249084249|-221.24542124542126|-220.51282051282053|-225.64102564102564|-224.17582417582418]
182,2026-02-26 22:17:19,[-213.1868131868132|-213.91941391941393|-208.05860805860806|-201.46520146520146|-201.46520146520146]
183,2026-02-26 22:17:19,[-195.6043956043956|-183.88278388278388|-179.48717948717947|-179.48717948717947|-179.48717948717947]
184,2026-02-26 22:17:19,[-194.13919413919413|-208.7912087912088|-193.4065934065934|-175.0915750915751|-189.01098901098902]
185,2026-02-26 22:17:19,[-178.02197802197801|-172.16117216117217|-167.76556776556777|-120.14652014652015|-88.64468864468864]
186,2026-02-26 22:17:19,[-87.91208791208791|-112.08791208791209|-131.13553113553112|-170.6959706959707|-181.6849816849817]
187,2026-02-26 22:17:19,[-172.16117216117217|-169.23076923076923|-164.83516483516485|-153.1135531135531|-167.76556776556777]
188,2026-02-26 22:17:19,[-156.7765567765568|37.362637362637365|649.8168498168499|1499.6336996336997|1499.6336996336997]
189,2026-02-26 22:17:19,[139.9267399267399|-797.8021978021978|-648.3516483516484|-342.12454212454213|-165.56776556776558]
190,2026-02-26 22:17:19,[-134.06593406593407|-134.06593406593407|-112.08791208791209|-88.64468864468864|-72.52747252747253]
191,2026-02-26 22:17:19,[-50.54945054945055|-43.223443223443226|-32.234432234432234|-15.384615384615385|6.593406593406593]
192,2026-02-26 22:17:19,[28.571428571428573|66.66666666666667|99.63369963369964|123.80952380952381|145.78754578754578]
193,2026-02-26 22:17:19,[179.48717948717947|213.1868131868132|271.79487179487177|323.0769230769231|378.75457875457874]
194,2026-02-26 22:17:19,[435.8974358974359|476.9230769230769|507.6923076923077|523.8095238095239|529.6703296703297]
195,2026-02-26 22:17:19,[507.6923076923077|465.2014652014652|390.4761904761905|258.6080586080586|135.53113553113553]
196,2026-02-26 22:17:19,[22.71062271062271|-68.13186813186813|-141.3919413919414|-197.06959706959708|-238.82783882783883]
197,2026-02-26 22:17:20,[-253.4798534798535|-275.45787545787545|-282.05128205128204|-282.05128205128204|-267.3992673992674]
198,2026-02-26 22:17:20,[-268.86446886446885|-265.9340659340659|-252.74725274725276|-249.8168498168498|-228.57142857142858]
199,2026-02-26 22:17:20,[-218.3150183150183|-213.91941391941393|-205.86080586080587|-204.3956043956044|-203.66300366300365]
200,2026-02-26 22:17:20,[-204.3956043956044|-199.26739926739927|-206.5934065934066|-219.04761904761904|-214.65201465201466]
201,2026-02-26 22:17:20,[-227.83882783882783|-224.9084249084249|-216.11721611721612|-224.9084249084249|-219.04761904761904]
202,2026-02-26 22:17:20,[-213.1868131868132|-213.1868131868132|-205.86080586080587|-216.11721611721612|-219.04761904761904]
203,2026-02-26 22:17:20,[-212.45421245421247|-211.7216117216117|-207.32600732600733|-205.86080586080587|-205.12820512820514]
204,2026-02-26 22:17:20,[-195.6043956043956|-200.0|-204.3956043956044|-204.3956043956044|-195.6043956043956]
205,2026-02-26 22:17:20,[-189.74358974358975|-191.94139194139194|-197.06959706959708|-197.06959706959708|-178.02197802197801]
206,2026-02-26 22:17:20,[-167.76556776556777|-169.23076923076923|-160.43956043956044|-164.83516483516485|-158.97435897435898]
207,2026-02-26 22:17:20,[-158.24175824175825|-147.25274725274724|-135.53113553113553|-136.996336996337|-88.64468864468864]
208,2026-02-26 22:17:20,[-74.72527472527473|-81.31868131868131|-100.36630036630036|-126.00732600732601|-164.10256410256412]
209,2026-02-26 22:17:20,[-169.23076923076923|-168.4981684981685|-154.57875457875457|-164.83516483516485|-158.97435897435898]
210,2026-02-26 22:17:20,[-155.3113553113553|-123.80952380952381|75.45787545787546|721.6117216117216|1499.6336996336997]
211,2026-02-26 22:17:20,[1499.6336996336997|32.234432234432234|-793.4065934065934|-683.5164835164835|-402.9304029304029]
212,2026-02-26 22:17:20,[-218.3150183150183|-180.95238095238096|-164.83516483516485|-154.57875457875457|-134.06593406593407]
213,2026-02-26 22:17:20,[-124.54212454212454|-112.08791208791209|-97.43589743589743|-82.78388278388279|-59.34065934065934]
214,2026-02-26 22:17:20,[-36.63003663003663|-25.641025641025642|5.128205128205129|19.78021978021978|34.43223443223443]
215,2026-02-26 22:17:20,[66.66666666666667|101.0989010989011|134.7985347985348|184.6153846153846|232.23443223443223]
216,2026-02-26 22:17:20,[287.9120879120879|350.9157509157509|406.5934065934066|438.82783882783883|450.54945054945057]
217,2026-02-26 22:17:20,[448.35164835164835|428.57142857142856|383.8827838827839|291.57509157509156|167.76556776556777]
218,2026-02-26 22:17:20,[52.014652014652015|-62.27106227106227|-153.1135531135531|-219.04761904761904|-260.8058608058608]
219,2026-02-26 22:17:20,[-296.7032967032967|-317.2161172161172|-328.93772893772893|-337.72893772893775|-338.46153846153845]
220,2026-02-26 22:17:20,[-334.7985347985348|-331.86813186813185|-317.2161172161172|-309.8901098901099|-299.6336996336996]
221,2026-02-26 22:17:20,[-285.7142857142857|-277.65567765567766|-276.1904761904762|-267.3992673992674|-264.46886446886447]
222,2026-02-26 22:17:20,[-253.4798534798535|-251.28205128205127|-246.8864468864469|-243.95604395604394|-246.8864468864469]
223,2026-02-26 22:17:21,[-248.35164835164835|-249.8168498168498|-252.74725274725276|-254.21245421245422|-254.21245421245422]
224,2026-02-26 22:17:21,[-251.28205128205127|-252.01465201465203|-248.35164835164835|-252.74725274725276|-248.35164835164835]
225,2026-02-26 22:17:21,[-246.8864468864469|-236.63003663003664|-230.76923076923077|-236.63003663003664|-230.03663003663004]
226,2026-02-26 22:17:21,[-235.16483516483515|-229.3040293040293|-227.83882783882783|-215.3846153846154|-214.65201465201466]
227,2026-02-26 22:17:21,[-219.04761904761904|-217.58241758241758|-208.7912087912088|-216.11721611721612|-224.9084249084249]
228,2026-02-26 22:17:21,[-212.45421245421247|-201.46520146520146|-182.41758241758242|-182.41758241758242|-170.6959706959707]
229,2026-02-26 22:17:21,[-169.96336996336996|-164.83516483516485|-150.1831501831502|-156.04395604395606|-154.57875457875457]
230,2026-02-26 22:17:21,[-154.57875457875457|-153.84615384615384|-145.05494505494505|-142.12454212454213|-134.06593406593407]
231,2026-02-26 22:17:21,[-121.6117216117216|-121.6117216117216|-128.2051282051282|-130.4029304029304|-120.87912087912088]
232,2026-02-26 22:17:21,[-112.82051282051282|-110.62271062271063|-90.10989010989012|-52.014652014652015|-30.76923076923077]
233,2026-02-26 22:17:21,[-41.02564102564103|-75.45787545787546|-103.2967032967033|-125.27472527472527|-141.3919413919414]
234,2026-02-26 22:17:21,[-124.54212454212454|-99.63369963369964|-79.12087912087912|-76.92307692307692|-106.22710622710623]
235,2026-02-26 22:17:21,[-51.282051282051285|232.23443223443223|1171.4285714285713|1499.6336996336997|1403.6630036630036]
236,2026-02-26 22:17:21,[-235.16483516483515|-739.1941391941392|-439.56043956043953|-164.83516483516485|-95.97069597069597]
237,2026-02-26 22:17:21,[-96.7032967032967|-73.99267399267399|-59.34065934065934|-40.29304029304029|-27.106227106227106]
238,2026-02-26 22:17:21,[-21.245421245421245|-16.117216117216117|-6.593406593406593|7.326007326007326|19.78021978021978]
239,2026-02-26 22:17:21,[34.43223443223443|44.688644688644686|73.99267399267399|98.9010989010989|126.00732600732601]
240,2026-02-26 22:17:21,[161.9047619047619|198.53479853479854|249.08424908424908|301.0989010989011|350.1831501831502]
241,2026-02-26 22:17:21,[408.05860805860806|459.34065934065933|492.3076923076923|500.3663003663004|502.56410256410254]
242,2026-02-26 22:17:21,[484.24908424908426|431.5018315018315|342.12454212454213|220.51282051282053|107.6923076923077]
243,2026-02-26 22:17:21,[-6.593406593406593|-109.15750915750915|-191.2087912087912|-237.36263736263737|-264.46886446886447]
244,2026-02-26 22:17:21,[-274.72527472527474|-295.97069597069594|-312.0879120879121|-310.6227106227106|-306.959706959707]
245,2026-02-26 22:17:21,[-309.8901098901099|-312.0879120879121|-311.35531135531136|-299.6336996336996|-300.3663003663004]
246,2026-02-26 22:17:21,[-290.84249084249086|-271.79487179487177|-273.2600732600733|-268.86446886446885|-263.7362637362637]
247,2026-02-26 22:17:22,[-267.3992673992674|-260.0732600732601|-258.6080586080586|-260.0732600732601|-271.79487179487177]
248,2026-02-26 22:17:22,[-268.86446886446885|-272.5274725274725|-273.2600732600733|-287.9120879120879|-286.4468864468864]
249,2026-02-26 22:17:22,[-275.45787545787545|-276.1904761904762|-271.06227106227107|-264.46886446886447|-254.94505494505495]
250,2026-02-26 22:17:22,[-255.67765567765568|-257.87545787545787|-250.54945054945054|-250.54945054945054|-249.08424908424908]
251,2026-02-26 22:17:22,[-240.2930402930403|-237.36263736263737|-230.76923076923077|-241.02564102564102|-229.3040293040293]
252,2026-02-26 22:17:22,[-213.91941391941393|-212.45421245421247|-208.7912087912088|-209.52380952380952|-206.5934065934066]
253,2026-02-26 22:17:22,[-194.13919413919413|-196.33699633699635|-182.41758241758242|-178.75457875457874|-181.6849816849817]
254,2026-02-26 22:17:22,[-178.02197802197801|-174.35897435897436|-170.6959706959707|-170.6959706959707|-167.03296703296704]
255,2026-02-26 22:17:22,[-156.04395604395606|-153.1135531135531|-154.57875457875457|-145.78754578754578|-143.5897435897436]
256,2026-02-26 22:17:22,[-132.6007326007326|-125.27472527472527|-122.34432234432235|-136.996336996337|-131.13553113553112]
257,2026-02-26 22:17:22,[-118.68131868131869|-123.80952380952381|-112.08791208791209|-79.85347985347985|-66.66666666666667]
258,2026-02-26 22:17:22,[-79.85347985347985|-101.83150183150182|-141.3919413919414|-158.24175824175825|-150.1831501831502]
259,2026-02-26 22:17:22,[-148.71794871794873|-144.32234432234432|-132.6007326007326|-134.7985347985348|-147.25274725274724]
260,2026-02-26 22:17:22,[-59.34065934065934|243.95604395604394|1168.4981684981685|1499.6336996336997|1024.9084249084249]
261,2026-02-26 22:17:22,[-389.010989010989|-792.6739926739926|-504.76190476190476|-252.74725274725276|-131.13553113553112]
262,2026-02-26 22:17:22,[-114.28571428571429|-109.15750915750915|-84.24908424908425|-72.52747252747253|-60.07326007326007]
263,2026-02-26 22:17:22,[-35.8974358974359|-28.571428571428573|-19.78021978021978|-3.663003663003663|19.78021978021978]
264,2026-02-26 22:17:22,[34.43223443223443|46.15384615384615|76.19047619047619|103.2967032967033|124.54212454212454]
265,2026-02-26 22:17:22,[158.97435897435898|202.1978021978022|255.67765567765568|304.02930402930406|361.17216117216117]
266,2026-02-26 22:17:22,[425.64102564102564|472.5274725274725|506.2271062271062|512.8205128205128|522.3443223443223]
267,2026-02-26 22:17:22,[498.9010989010989|448.35164835164835|356.7765567765568|233.6996336996337|101.83150183150182]
268,2026-02-26 22:17:22,[-8.791208791208792|-99.63369963369964|-169.23076923076923|-224.9084249084249|-264.46886446886447]
269,2026-02-26 22:17:22,[-284.98168498168496|-299.6336996336996|-309.15750915750914|-306.959706959707|-301.83150183150184]
270,2026-02-26 22:17:22,[-295.23809523809524|-286.4468864468864|-276.1904761904762|-285.7142857142857|-276.9230769230769]
271,2026-02-26 22:17:22,[-264.46886446886447|-260.8058608058608|-251.28205128205127|-249.8168498168498|-252.01465201465203]
272,2026-02-26 22:17:23,[-246.8864468864469|-247.61904761904762|-238.82783882783883|-243.95604395604394|-243.95604395604394]
273,2026-02-26 22:17:23,[-247.61904761904762|-252.74725274725276|-258.6080586080586|-264.46886446886447|-258.6080586080586]
274,2026-02-26 22:17:23,[-255.67765567765568|-253.4798534798535|-255.67765567765568|-255.67765567765568|-258.6080586080586]
275,2026-02-26 22:17:23,[-246.8864468864469|-241.02564102564102|-239.56043956043956|-246.8864468864469|-242.49084249084248]
276,2026-02-26 22:17:23,[-235.16483516483515|-227.1062271062271|-217.58241758241758|-225.64102564102564|-214.65201465201466]
277,2026-02-26 22:17:23,[-216.11721611721612|-217.58241758241758|-207.32600732600733|-200.0|-195.6043956043956]
278,2026-02-26 22:17:23,[-194.87179487179486|-194.13919413919413|-188.2783882783883|-179.48717948717947|-179.48717948717947]
279,2026-02-26 22:17:23,[-173.62637362637363|-166.3003663003663|-158.97435897435898|-154.57875457875457|-150.1831501831502]
280,2026-02-26 22:17:23,[-150.1831501831502|-142.85714285714286|-123.80952380952381|-132.6007326007326|-125.27472527472527]
281,2026-02-26 22:17:23,[-78.3882783882784|-65.2014652014652|-73.99267399267399|-106.22710622710623|-134.06593406593407]
282,2026-02-26 22:17:23,[-149.45054945054946|-155.3113553113553|-144.32234432234432|-133.33333333333334|-134.06593406593407]
283,2026-02-26 22:17:23,[-129.67032967032966|-141.3919413919414|-20.512820512820515|382.4175824175824|1499.6336996336997]
284,2026-02-26 22:17:23,[1499.6336996336997|690.8424908424909|-580.2197802197802|-731.8681318681319|-424.1758241758242]
285,2026-02-26 22:17:23,[-200.0|-124.54212454212454|-123.07692307692308|-106.95970695970696|-85.71428571428571]
286,2026-02-26 22:17:23,[-71.7948717948718|-56.41025641025641|-43.223443223443226|-27.106227106227106|-26.373626373626372]
287,2026-02-26 22:17:23,[-16.84981684981685|-2.93040293040293|17.582417582417584|34.43223443223443|60.8058608058608]
288,2026-02-26 22:17:23,[98.9010989010989|132.6007326007326|162.63736263736263|202.93040293040292|256.4102564102564]
289,2026-02-26 22:17:23,[320.1465201465202|373.6263736263736|444.6886446886447|475.45787545787545|500.3663003663004]
290,2026-02-26 22:17:23,[520.8791208791209|506.2271062271062|466.6666666666667|402.1978021978022|301.0989010989011]
291,2026-02-26 22:17:23,[164.83516483516485|41.02564102564103|-68.13186813186813|-160.43956043956044|-224.17582417582418]
292,2026-02-26 22:17:23,[-265.9340659340659|-288.64468864468864|-302.56410256410254|-321.61172161172163|-328.93772893772893]
293,2026-02-26 22:17:23,[-325.27472527472526|-323.0769230769231|-315.75091575091574|-306.959706959707|-293.7728937728938]
294,2026-02-26 22:17:23,[-287.1794871794872|-274.72527472527474|-271.79487179487177|-271.79487179487177|-258.6080586080586]
295,2026-02-26 22:17:23,[-246.15384615384616|-241.02564102564102|-243.2234432234432|-246.8864468864469|-252.01465201465203]
296,2026-02-26 22:17:24,[-246.8864468864469|-248.35164835164835|-241.02564102564102|-242.49084249084248|-239.56043956043956]
297,2026-02-26 22:17:24,[-248.35164835164835|-250.54945054945054|-249.08424908424908|-249.08424908424908|-241.02564102564102]
298,2026-02-26 22:17:24,[-241.02564102564102|-230.76923076923077|-235.16483516483515|-238.0952380952381|-227.83882783882783]
299,2026-02-26 22:17:24,[-226.37362637362637|-219.78021978021977|-213.91941391941393|-216.11721611721612|-204.3956043956044]
300,2026-02-26 22:17:24,[-197.06959706959708|-195.6043956043956|-196.33699633699635|-203.66300366300365|-195.6043956043956]
301,2026-02-26 22:17:24,[-180.95238095238096|-170.6959706959707|-176.55677655677655|-167.76556776556777|-167.76556776556777]
302,2026-02-26 22:17:24,[-157.50915750915752|-161.9047619047619|-155.3113553113553|-155.3113553113553|-153.84615384615384]
303,2026-02-26 22:17:24,[-142.12454212454213|-130.4029304029304|-131.86813186813185|-130.4029304029304|-119.41391941391942]
304,2026-02-26 22:17:24,[-123.80952380952381|-100.36630036630036|-64.46886446886447|-61.53846153846154|-73.99267399267399]
305,2026-02-26 22:17:24,[-87.17948717948718|-130.4029304029304|-147.25274725274724|-147.25274725274724|-134.7985347985348]
306,2026-02-26 22:17:24,[-129.67032967032966|-134.06593406593407|-135.53113553113553|-136.996336996337|19.78021978021978]
307,2026-02-26 22:17:24,[547.2527472527472|1499.6336996336997|1499.6336996336997|409.5238095238095|-717.2161172161173]
308,2026-02-26 22:17:24,[-660.07326007326|-331.86813186813185|-142.85714285714286|-123.07692307692308|-122.34432234432235]
309,2026-02-26 22:17:24,[-101.83150183150182|-85.71428571428571|-60.8058608058608|-47.61904761904762|-35.8974358974359]
310,2026-02-26 22:17:24,[-32.967032967032964|-16.84981684981685|3.663003663003663|16.84981684981685|40.29304029304029]
311,2026-02-26 22:17:24,[60.8058608058608|76.92307692307692|103.2967032967033|136.996336996337|182.41758241758242]
312,2026-02-26 22:17:24,[227.1062271062271|265.9340659340659|320.1465201465202|383.1501831501831|438.82783882783883]
313,2026-02-26 22:17:24,[488.64468864468864|520.8791208791209|524.5421245421245|509.15750915750914|471.79487179487177]
314,2026-02-26 22:17:24,[405.12820512820514|277.65567765567766|156.04395604395606|40.29304029304029|-65.93406593406593]
315,2026-02-26 22:17:24,[-147.25274725274724|-206.5934065934066|-252.74725274725276|-301.0989010989011|-320.1465201465202]
316,2026-02-26 22:17:24,[-323.8095238095238|-324.54212454212455|-317.94871794871796|-320.8791208791209|-322.34432234432234]
317,2026-02-26 22:17:24,[-310.6227106227106|-302.56410256410254|-293.7728937728938|-283.5164835164835|-282.05128205128204]
318,2026-02-26 22:17:24,[-274.72527472527474|-263.7362637362637|-265.9340659340659|-271.06227106227107|-260.8058608058608]
319,2026-02-26 22:17:24,[-249.8168498168498|-250.54945054945054|-254.94505494505495|-254.21245421245422|-263.7362637362637]
320,2026-02-26 22:17:24,[-263.7362637362637|-265.2014652014652|-258.6080586080586|-265.2014652014652|-265.9340659340659]
321,2026-02-26 22:17:24,[-261.53846153846155|-246.8864468864469|-252.74725274725276|-248.35164835164835|-243.95604395604394]
322,2026-02-26 22:17:25,[-249.08424908424908|-237.36263736263737|-229.3040293040293|-226.37362637362637|-227.83882783882783]
323,2026-02-26 22:17:25,[-219.04761904761904|-219.78021978021977|-208.7912087912088|-208.7912087912088|-213.91941391941393]
324,2026-02-26 22:17:25,[-205.12820512820514|-201.46520146520146|-183.88278388278388|-179.48717948717947|-178.02197802197801]
325,2026-02-26 22:17:25,[-181.6849816849817|-175.0915750915751|-167.76556776556777|-169.23076923076923|-158.97435897435898]
326,2026-02-26 22:17:25,[-136.26373626373626|-129.67032967032966|-131.13553113553112|-118.68131868131869|-75.45787545787546]
327,2026-02-26 22:17:25,[-62.27106227106227|-71.7948717948718|-96.7032967032967|-142.12454212454213|-158.97435897435898]
328,2026-02-26 22:17:25,[-159.7069597069597|-153.1135531135531|-153.1135531135531|-144.32234432234432|-145.05494505494505]
329,2026-02-26 22:17:25,[-134.06593406593407|5.128205128205129|383.8827838827839|1477.6556776556777|1499.6336996336997]
330,2026-02-26 22:17:25,[652.7472527472528|-589.7435897435897|-783.8827838827839|-485.7142857142857|-240.2930402930403]
331,2026-02-26 22:17:25,[-125.27472527472527|-107.6923076923077|-101.0989010989011|-87.91208791208791|-72.52747252747253]
332,2026-02-26 22:17:25,[-71.06227106227107|-60.8058608058608|-30.76923076923077|-5.86080586080586|12.454212454212454]
333,2026-02-26 22:17:25,[26.373626373626372|41.02564102564103|63.00366300366301|84.24908424908425|120.87912087912088]
334,2026-02-26 22:17:25,[137.72893772893772|167.03296703296704|219.78021978021977|268.13186813186815|322.34432234432234]
335,2026-02-26 22:17:25,[389.010989010989|443.2234432234432|487.9120879120879|510.6227106227106|523.8095238095239]
336,2026-02-26 22:17:25,[514.2857142857143|488.64468864468864|419.7802197802198|297.43589743589746|172.8937728937729]
337,2026-02-26 22:17:25,[51.282051282051285|-52.747252747252745|-134.06593406593407|-205.86080586080587|-264.46886446886447]
338,2026-02-26 22:17:25,[-284.98168498168496|-301.83150183150184|-308.42490842490844|-305.4945054945055|-302.56410256410254]
339,2026-02-26 22:17:25,[-297.43589743589746|-283.5164835164835|-276.1904761904762|-275.45787545787545|-260.0732600732601]
340,2026-02-26 22:17:25,[-252.74725274725276|-249.08424908424908|-241.02564102564102|-236.63003663003664|-240.2930402930403]
341,2026-02-26 22:17:25,[-235.16483516483515|-242.49084249084248|-242.49084249084248|-239.56043956043956|-239.56043956043956]
342,2026-02-26 22:17:25,[-239.56043956043956|-251.28205128205127|-258.6080586080586|-263.003663003663|-271.79487179487177]
343,2026-02-26 22:17:25,[-258.6080586080586|-257.87545787545787|-260.0732600732601|-257.87545787545787|-254.21245421245422]
344,2026-02-26 22:17:25,[-243.95604395604394|-247.61904761904762|-237.36263736263737|-230.76923076923077|-224.9084249084249]
345,2026-02-26 22:17:25,[-223.44322344322345|-224.9084249084249|-223.44322344322345|-227.1062271062271|-216.84981684981685]
346,2026-02-26 22:17:25,[-204.3956043956044|-194.13919413919413|-189.74358974358975|-190.47619047619048|-194.87179487179486]
347,2026-02-26 22:17:26,[-189.74358974358975|-183.88278388278388|-172.8937728937729|-159.7069597069597|-167.03296703296704]
348,2026-02-26 22:17:26,[-129.67032967032966|-94.50549450549451|-85.71428571428571|-107.6923076923077|-125.27472527472527]
349,2026-02-26 22:17:26,[-165.56776556776558|-178.02197802197801|-172.16117216117217|-164.83516483516485|-168.4981684981685]
350,2026-02-26 22:17:26,[-165.56776556776558|-171.42857142857142|-158.24175824175825|16.84981684981685|578.021978021978]
351,2026-02-26 22:17:26,[1499.6336996336997|1499.6336996336997|257.14285714285717|-778.021978021978|-684.981684981685]
352,2026-02-26 22:17:26,[-361.17216117216117|-177.28937728937728|-146.5201465201465|-134.7985347985348|-123.80952380952381]
353,2026-02-26 22:17:26,[-112.08791208791209|-108.42490842490842|-94.50549450549451|-79.85347985347985|-53.47985347985348]
354,2026-02-26 22:17:26,[-38.827838827838825|-27.106227106227106|-6.593406593406593|10.989010989010989|34.43223443223443]
355,2026-02-26 22:17:26,[65.2014652014652|78.3882783882784|113.55311355311355|156.7765567765568|200.73260073260073]
356,2026-02-26 22:17:26,[255.67765567765568|319.4139194139194|380.2197802197802|432.967032967033|482.7838827838828]
357,2026-02-26 22:17:26,[500.3663003663004|506.2271062271062|491.57509157509156|436.6300366300366|344.32234432234435]
358,2026-02-26 22:17:26,[219.78021978021977|91.57509157509158|-21.245421245421245|-126.73992673992674|-204.3956043956044]
359,2026-02-26 22:17:26,[-258.6080586080586|-295.23809523809524|-311.35531135531136|-336.2637362637363|-332.6007326007326]
360,2026-02-26 22:17:26,[-325.27472527472526|-331.13553113553115|-323.8095238095238|-321.61172161172163|-313.5531135531136]
361,2026-02-26 22:17:26,[-308.42490842490844|-295.97069597069594|-274.72527472527474|-283.5164835164835|-277.65567765567766]
362,2026-02-26 22:17:26,[-267.3992673992674|-266.6666666666667|-260.8058608058608|-260.8058608058608|-252.01465201465203]
363,2026-02-26 22:17:26,[-246.8864468864469|-249.08424908424908|-252.01465201465203|-254.21245421245422|-259.34065934065933]
364,2026-02-26 22:17:26,[-260.8058608058608|-254.21245421245422|-254.21245421245422|-252.74725274725276|-246.8864468864469]
365,2026-02-26 22:17:26,[-242.49084249084248|-241.02564102564102|-237.36263736263737|-235.89743589743588|-221.24542124542126]
366,2026-02-26 22:17:26,[-217.58241758241758|-219.78021978021977|-227.83882783882783|-221.24542124542126|-224.9084249084249]
367,2026-02-26 22:17:26,[-219.04761904761904|-213.91941391941393|-207.32600732600733|-199.26739926739927|-197.06959706959708]
368,2026-02-26 22:17:26,[-189.74358974358975|-194.13919413919413|-178.02197802197801|-178.02197802197801|-172.16117216117217]
369,2026-02-26 22:17:26,[-170.6959706959707|-158.97435897435898|-158.97435897435898|-158.97435897435898|-117.94871794871794]
370,2026-02-26 22:17:26,[-87.17948717948718|-97.43589743589743|-115.01831501831502|-141.3919413919414|-173.62637362637363]
371,2026-02-26 22:17:26,[-188.2783882783883|-178.02197802197801|-172.16117216117217|-178.02197802197801|-158.97435897435898]
372,2026-02-26 22:17:26,[-172.16117216117217|-125.27472527472527|148.71794871794873|1035.1648351648353|1499.6336996336997]
373,2026-02-26 22:17:27,[1317.948717948718|-298.16849816849816|-815.3846153846154|-520.8791208791209|-246.15384615384616]
374,2026-02-26 22:17:27,[-146.5201465201465|-144.32234432234432|-134.7985347985348|-123.80952380952381|-106.95970695970696]
375,2026-02-26 22:17:27,[-80.58608058608058|-75.45787545787546|-63.00366300366301|-41.75824175824176|-26.373626373626372]
376,2026-02-26 22:17:27,[-16.117216117216117|6.593406593406593|26.373626373626372|40.29304029304029|73.99267399267399]
377,2026-02-26 22:17:27,[120.14652014652015|147.25274725274724|180.95238095238096|229.3040293040293|286.4468864468864]
378,2026-02-26 22:17:27,[349.45054945054943|406.5934065934066|453.4798534798535|486.4468864468864|501.83150183150184]
379,2026-02-26 22:17:27,[512.0879120879121|488.64468864468864|406.5934065934066|298.16849816849816|172.16117216117217]
380,2026-02-26 22:17:27,[44.688644688644686|-73.99267399267399|-164.83516483516485|-241.75824175824175|-291.57509157509156]
381,2026-02-26 22:17:27,[-319.4139194139194|-331.13553113553115|-334.0659340659341|-342.12454212454213|-342.12454212454213]
382,2026-02-26 22:17:27,[-340.65934065934067|-342.85714285714283|-340.65934065934067|-331.86813186813185|-321.61172161172163]
383,2026-02-26 22:17:27,[-302.56410256410254|-277.65567765567766|-277.65567765567766|-271.79487179487177|-260.0732600732601]
384,2026-02-26 22:17:27,[-258.6080586080586|-254.21245421245422|-243.95604395604394|-242.49084249084248|-242.49084249084248]
385,2026-02-26 22:17:27,[-250.54945054945054|-254.94505494505495|-260.8058608058608|-264.46886446886447|-255.67765567765568]
386,2026-02-26 22:17:27,[-251.28205128205127|-260.0732600732601|-254.94505494505495|-248.35164835164835|-242.49084249084248]
387,2026-02-26 22:17:27,[-235.16483516483515|-236.63003663003664|-227.83882783882783|-229.3040293040293|-224.17582417582418]
388,2026-02-26 22:17:27,[-213.91941391941393|-212.45421245421247|-215.3846153846154|-208.7912087912088|-207.32600732600733]
389,2026-02-26 22:17:27,[-205.86080586080587|-207.32600732600733|-208.05860805860806|-203.66300366300365|-193.4065934065934]
390,2026-02-26 22:17:27,[-180.95238095238096|-178.02197802197801|-181.6849816849817|-173.62637362637363|-173.62637362637363]
391,2026-02-26 22:17:27,[-160.43956043956044|-153.84615384615384|-157.50915750915752|-109.15750915750915|-78.3882783882784]
392,2026-02-26 22:17:27,[-73.99267399267399|-98.16849816849818|-124.54212454212454|-157.50915750915752|-169.23076923076923]
393,2026-02-26 22:17:27,[-164.83516483516485|-158.24175824175825|-156.7765567765568|-149.45054945054946|-146.5201465201465]
394,2026-02-26 22:17:27,[-110.62271062271063|76.19047619047619|660.8058608058608|1499.6336996336997|1499.6336996336997]
395,2026-02-26 22:17:27,[132.6007326007326|-787.5457875457876|-692.3076923076923|-389.010989010989|-191.2087912087912]
396,2026-02-26 22:17:27,[-126.73992673992674|-103.2967032967033|-100.36630036630036|-88.64468864468864|-68.13186813186813]
397,2026-02-26 22:17:27,[-56.41025641025641|-40.29304029304029|-28.571428571428573|-21.978021978021978|-2.197802197802198]
398,2026-02-26 22:17:28,[29.304029304029303|55.67765567765568|68.13186813186813|85.71428571428571|115.01831501831502]
399,2026-02-26 22:17:28,[147.25274725274724|194.13919413919413|243.95604395604394|286.4468864468864|350.9157509157509]
400,2026-02-26 22:17:28,[419.04761904761904|465.2014652014652|503.2967032967033|520.8791208791209|534.065934065934]
401,2026-02-26 22:17:28,[523.8095238095239|456.4102564102564|371.42857142857144|249.08424908424908|117.21611721611721]
402,2026-02-26 22:17:28,[10.989010989010989|-87.17948717948718|-167.03296703296704|-223.44322344322345|-260.0732600732601]
403,2026-02-26 22:17:28,[-284.98168498168496|-298.9010989010989|-301.83150183150184|-315.75091575091574|-309.8901098901099]
404,2026-02-26 22:17:28,[-298.16849816849816|-286.4468864468864|-268.13186813186815|-261.53846153846155|-249.8168498168498]
405,2026-02-26 22:17:28,[-247.61904761904762|-238.82783882783883|-227.1062271062271|-226.37362637362637|-224.9084249084249]
406,2026-02-26 22:17:28,[-226.37362637362637|-225.64102564102564|-220.51282051282053|-219.78021978021977|-235.16483516483515]
407,2026-02-26 22:17:28,[-243.95604395604394|-250.54945054945054|-250.54945054945054|-250.54945054945054|-246.8864468864469]
408,2026-02-26 22:17:28,[-255.67765567765568|-249.8168498168498|-243.2234432234432|-238.82783882783883|-243.2234432234432]
409,2026-02-26 22:17:28,[-248.35164835164835|-236.63003663003664|-235.16483516483515|-235.16483516483515|-226.37362637362637]
410,2026-02-26 22:17:28,[-220.51282051282053|-225.64102564102564|-225.64102564102564|-220.51282051282053|-215.3846153846154]
411,2026-02-26 22:17:28,[-204.3956043956044|-201.46520146520146|-205.86080586080587|-203.66300366300365|-192.67399267399267]
412,2026-02-26 22:17:28,[-180.95238095238096|-179.48717948717947|-143.5897435897436|-109.15750915750915|-102.56410256410257]
413,2026-02-26 22:17:28,[-112.08791208791209|-141.3919413919414|-165.56776556776558|-195.6043956043956|-195.6043956043956]
414,2026-02-26 22:17:28,[-180.95238095238096|-179.48717948717947|-172.8937728937729|-172.16117216117217|-158.24175824175825]
415,2026-02-26 22:17:28,[-19.78021978021978|355.3113553113553|1356.043956043956|1499.6336996336997|529.6703296703297]
416,2026-02-26 22:17:28,[-624.9084249084249|-825.6410256410256|-545.054945054945|-290.84249084249086|-172.16117216117217]
417,2026-02-26 22:17:28,[-156.7765567765568|-136.996336996337|-122.34432234432235|-106.22710622710623|-83.51648351648352]
418,2026-02-26 22:17:28,[-67.3992673992674|-54.94505494505494|-32.234432234432234|-25.641025641025642|-15.384615384615385]
419,2026-02-26 22:17:28,[8.791208791208792|27.106227106227106|51.282051282051285|84.24908424908425|115.01831501831502]
420,2026-02-26 22:17:28,[156.04395604395606|193.4065934065934|247.61904761904762|304.02930402930406|358.24175824175825]
421,2026-02-26 22:17:28,[419.7802197802198|473.992673992674|501.0989010989011|497.43589743589746|478.38827838827837]
422,2026-02-26 22:17:29,[440.2930402930403|349.45054945054943|232.23443223443223|98.9010989010989|-18.315018315018314]
423,2026-02-26 22:17:29,[-110.62271062271063|-188.2783882783883|-237.36263736263737|-276.1904761904762|-297.43589743589746]
424,2026-02-26 22:17:29,[-310.6227106227106|-324.54212454212455|-331.86813186813185|-330.4029304029304|-321.61172161172163]
425,2026-02-26 22:17:29,[-308.42490842490844|-298.9010989010989|-283.5164835164835|-284.98168498168496|-275.45787545787545]
426,2026-02-26 22:17:29,[-263.7362637362637|-251.28205128205127|-240.2930402930403|-229.3040293040293|-227.83882783882783]
427,2026-02-26 22:17:29,[-238.0952380952381|-223.44322344322345|-224.9084249084249|-221.24542124542126|-228.57142857142858]
428,2026-02-26 22:17:29,[-239.56043956043956|-249.8168498168498|-249.8168498168498|-241.75824175824175|-228.57142857142858]
429,2026-02-26 22:17:29,[-223.44322344322345|-227.83882783882783|-230.03663003663004|-228.57142857142858|-223.44322344322345]
430,2026-02-26 22:17:29,[-227.83882783882783|-230.76923076923077|-235.16483516483515|-225.64102564102564|-224.9084249084249]
431,2026-02-26 22:17:29,[-219.04761904761904|-214.65201465201466|-202.93040293040292|-207.32600732600733|-207.32600732600733]
432,2026-02-26 22:17:29,[-205.86080586080587|-200.73260073260073|-193.4065934065934|-194.13919413919413|-196.33699633699635]
433,2026-02-26 22:17:29,[-193.4065934065934|-175.0915750915751|-170.6959706959707|-170.6959706959707|-167.76556776556777]
434,2026-02-26 22:17:29,[-160.43956043956044|-157.50915750915752|-148.71794871794873|-156.04395604395606|-145.05494505494505]
435,2026-02-26 22:17:29,[-127.47252747252747|-121.6117216117216|-126.00732600732601|-94.50549450549451|-56.41025641025641]
436,2026-02-26 22:17:29,[-56.41025641025641|-98.9010989010989|-110.62271062271063|-120.87912087912088|-142.85714285714286]
437,2026-02-26 22:17:29,[-146.5201465201465|-142.85714285714286|-125.27472527472527|-126.73992673992674|-142.12454212454213]
438,2026-02-26 22:17:29,[-131.13553113553112|81.31868131868131|810.989010989011|1499.6336996336997|1499.6336996336997]
439,2026-02-26 22:17:29,[113.55311355311355|-753.8461538461538|-543.5897435897435|-240.2930402930403|-134.06593406593407]
440,2026-02-26 22:17:29,[-123.80952380952381|-120.87912087912088|-103.2967032967033|-84.24908424908425|-68.13186813186813]
441,2026-02-26 22:17:29,[-54.94505494505494|-38.827838827838825|-30.036630036630036|-27.106227106227106|-9.523809523809524]
442,2026-02-26 22:17:29,[12.454212454212454|30.76923076923077|60.8058608058608|78.3882783882784|103.2967032967033]
443,2026-02-26 22:17:29,[136.996336996337|179.48717948717947|230.76923076923077|292.3076923076923|347.98534798534797]
444,2026-02-26 22:17:29,[408.05860805860806|465.2014652014652|506.2271062271062|530.4029304029305|529.6703296703297]
445,2026-02-26 22:17:29,[509.15750915750914|465.2014652014652|368.4981684981685|240.2930402930403|98.9010989010989]
446,2026-02-26 22:17:29,[-13.91941391941392|-111.35531135531136|-190.47619047619048|-244.6886446886447|-271.06227106227107]
447,2026-02-26 22:17:29,[-295.23809523809524|-302.56410256410254|-308.42490842490844|-309.8901098901099|-315.01831501831504]
448,2026-02-26 22:17:30,[-320.1465201465202|-319.4139194139194|-306.959706959707|-296.7032967032967|-296.7032967032967]
449,2026-02-26 22:17:30,[-282.05128205128204|-274.72527472527474|-258.6080586080586|-259.34065934065933|-241.02564102564102]
450,2026-02-26 22:17:30,[-234.43223443223442|-237.36263736263737|-230.03663003663004|-238.0952380952381|-227.1062271062271]
451,2026-02-26 22:17:30,[-224.9084249084249|-223.44322344322345|-220.51282051282053|-230.03663003663004|-239.56043956043956]
452,2026-02-26 22:17:30,[-237.36263736263737|-236.63003663003664|-235.89743589743588|-227.1062271062271|-225.64102564102564]
453,2026-02-26 22:17:30,[-227.83882783882783|-229.3040293040293|-216.11721611721612|-219.04761904761904|-208.7912087912088]
454,2026-02-26 22:17:30,[-212.45421245421247|-207.32600732600733|-202.93040293040292|-205.86080586080587|-205.86080586080587]
455,2026-02-26 22:17:30,[-183.88278388278388|-188.2783882783883|-182.41758241758242|-180.95238095238096|-181.6849816849817]
456,2026-02-26 22:17:30,[-175.0915750915751|-169.23076923076923|-168.4981684981685|-160.43956043956044|-153.1135531135531]
457,2026-02-26 22:17:30,[-150.91575091575092|-150.91575091575092|-148.71794871794873|-148.71794871794873|-145.05494505494505]
458,2026-02-26 22:17:30,[-142.85714285714286|-147.25274725274724|-144.32234432234432|-144.32234432234432|-133.33333333333334]
459,2026-02-26 22:17:30,[-130.4029304029304|-132.6007326007326|-126.73992673992674|-122.34432234432235|-118.68131868131869]
460,2026-02-26 22:17:30,[-112.08791208791209|-101.0989010989011|-103.2967032967033|-97.43589743589743|-53.47985347985348]
461,2026-02-26 22:17:30,[-28.571428571428573|-54.21245421245421|-82.78388278388279|-103.2967032967033|-123.07692307692308]
462,2026-02-26 22:17:30,[-144.32234432234432|-123.80952380952381|-112.08791208791209|-115.01831501831502|-104.76190476190476]
463,2026-02-26 22:17:30,[-126.00732600732601|-120.14652014652015|75.45787545787546|731.1355311355311|1499.6336996336997]
464,2026-02-26 22:17:30,[1499.6336996336997|158.97435897435898|-755.3113553113553|-592.6739926739926|-289.3772893772894]
465,2026-02-26 22:17:30,[-128.2051282051282|-100.36630036630036|-95.97069597069597|-83.51648351648352|-70.32967032967034]
466,2026-02-26 22:17:30,[-52.747252747252745|-35.8974358974359|-24.90842490842491|-13.91941391941392|-3.663003663003663]
467,2026-02-26 22:17:30,[29.304029304029303|29.304029304029303|43.956043956043956|60.8058608058608|90.10989010989012]
468,2026-02-26 22:17:30,[117.21611721611721|160.43956043956044|206.5934065934066|238.82783882783883|290.84249084249086]
469,2026-02-26 22:17:30,[345.7875457875458|413.1868131868132|466.6666666666667|512.0879120879121|543.5897435897435]
470,2026-02-26 22:17:30,[558.974358974359|541.3919413919414|495.23809523809524|405.86080586080584|296.7032967032967]
471,2026-02-26 22:17:30,[159.7069597069597|31.501831501831504|-72.52747252747253|-156.04395604395606|-208.05860805860806]
472,2026-02-26 22:17:31,[-249.8168498168498|-287.1794871794872|-302.56410256410254|-307.6923076923077|-311.35531135531136]
473,2026-02-26 22:17:31,[-311.35531135531136|-310.6227106227106|-298.16849816849816|-296.7032967032967|-287.9120879120879]
474,2026-02-26 22:17:31,[-277.65567765567766|-268.86446886446885|-261.53846153846155|-253.4798534798535|-242.49084249084248]
475,2026-02-26 22:17:31,[-241.02564102564102|-243.95604395604394|-235.16483516483515|-236.63003663003664|-241.02564102564102]
476,2026-02-26 22:17:31,[-239.56043956043956|-228.57142857142858|-217.58241758241758|-236.63003663003664|-253.4798534798535]
477,2026-02-26 22:17:31,[-253.4798534798535|-252.74725274725276|-251.28205128205127|-252.01465201465203|-252.01465201465203]
478,2026-02-26 22:17:31,[-249.8168498168498|-241.02564102564102|-235.16483516483515|-235.16483516483515|-237.36263736263737]
479,2026-02-26 22:17:31,[-235.16483516483515|-220.51282051282053|-226.37362637362637|-221.97802197802199|-213.1868131868132]
480,2026-02-26 22:17:31,[-219.78021978021977|-217.58241758241758|-208.7912087912088|-204.3956043956044|-192.67399267399267]
481,2026-02-26 22:17:31,[-197.06959706959708|-191.2087912087912|-179.48717948717947|-176.55677655677655|-181.6849816849817]
482,2026-02-26 22:17:31,[-170.6959706959707|-172.16117216117217|-164.83516483516485|-164.83516483516485|-157.50915750915752]
483,2026-02-26 22:17:31,[-160.43956043956044|-157.50915750915752|-153.1135531135531|-153.1135531135531|-145.78754578754578]
484,2026-02-26 22:17:31,[-145.05494505494505|-134.06593406593407|-135.53113553113553|-132.6007326007326|-123.80952380952381]
485,2026-02-26 22:17:31,[-112.08791208791209|-109.15750915750915|-100.36630036630036|-61.53846153846154|-48.35164835164835]
486,2026-02-26 22:17:31,[-56.41025641025641|-73.99267399267399|-87.17948717948718|-129.67032967032966|-134.7985347985348]
487,2026-02-26 22:17:31,[-134.06593406593407|-129.67032967032966|-126.73992673992674|-128.2051282051282|-123.07692307692308]
488,2026-02-26 22:17:31,[-84.24908424908425|90.10989010989012|618.3150183150183|1499.6336996336997|1499.6336996336997]
489,2026-02-26 22:17:31,[100.36630036630036|-739.1941391941392|-705.4945054945055|-408.05860805860806|-192.67399267399267]
490,2026-02-26 22:17:31,[-120.87912087912088|-107.6923076923077|-88.64468864468864|-65.93406593406593|-52.014652014652015]
491,2026-02-26 22:17:31,[-38.095238095238095|-38.827838827838825|-24.175824175824175|-2.93040293040293|15.384615384615385]
492,2026-02-26 22:17:31,[23.44322344322344|44.688644688644686|68.86446886446886|85.71428571428571|106.95970695970696]
493,2026-02-26 22:17:31,[134.06593406593407|173.62637362637363|217.58241758241758|264.46886446886447|318.68131868131866]
494,2026-02-26 22:17:31,[384.61538461538464|441.75824175824175|487.1794871794872|513.5531135531136|513.5531135531136]
495,2026-02-26 22:17:31,[498.16849816849816|463.003663003663|389.010989010989|261.53846153846155|135.53113553113553]
496,2026-02-26 22:17:31,[17.582417582417584|-76.92307692307692|-164.83516483516485|-226.37362637362637|-265.9340659340659]
497,2026-02-26 22:17:32,[-282.05128205128204|-298.16849816849816|-305.4945054945055|-305.4945054945055|-301.0989010989011]
498,2026-02-26 22:17:32,[-294.5054945054945|-287.9120879120879|-288.64468864468864|-282.05128205128204|-273.2600732600733]
499,2026-02-26 22:17:32,[-264.46886446886447|-258.6080586080586|-246.8864468864469|-248.35164835164835|-244.6886446886447]
500,2026-02-26 22:17:32,[-236.63003663003664|-227.83882783882783|-229.3040293040293|-239.56043956043956|-236.63003663003664]
501,2026-02-26 22:17:32,[-236.63003663003664|-246.15384615384616|-248.35164835164835|-246.8864468864469|-246.8864468864469]
502,2026-02-26 22:17:32,[-255.67765567765568|-254.94505494505495|-251.28205128205127|-247.61904761904762|-246.8864468864469]
503,2026-02-26 22:17:32,[-252.74725274725276|-248.35164835164835|-240.2930402930403|-240.2930402930403|-236.63003663003664]
504,2026-02-26 22:17:32,[-238.0952380952381|-249.08424908424908|-235.16483516483515|-227.1062271062271|-218.3150183150183]
505,2026-02-26 22:17:32,[-219.04761904761904|-213.1868131868132|-217.58241758241758|-217.58241758241758|-216.84981684981685]
506,2026-02-26 22:17:32,[-208.7912087912088|-202.93040293040292|-195.6043956043956|-195.6043956043956|-197.8021978021978]
507,2026-02-26 22:17:32,[-195.6043956043956|-175.0915750915751|-173.62637362637363|-173.62637362637363|-173.62637362637363]
508,2026-02-26 22:17:32,[-176.55677655677655|-170.6959706959707|-161.9047619047619|-170.6959706959707|-173.62637362637363]
509,2026-02-26 22:17:32,[-164.83516483516485|-154.57875457875457|-145.78754578754578|-134.06593406593407|-136.996336996337]
510,2026-02-26 22:17:32,[-117.94871794871794|-75.45787545787546|-73.99267399267399|-100.36630036630036|-108.42490842490842]
511,2026-02-26 22:17:32,[-145.05494505494505|-169.96336996336996|-160.43956043956044|-157.50915750915752|-156.04395604395606]
512,2026-02-26 22:17:32,[-148.71794871794873|-143.5897435897436|-142.85714285714286|-8.791208791208792|435.8974358974359]
513,2026-02-26 22:17:32,[1499.6336996336997|1499.6336996336997|526.7399267399268|-636.6300366300367|-735.5311355311355]
514,2026-02-26 22:17:32,[-427.1062271062271|-208.7912087912088|-144.32234432234432|-132.6007326007326|-122.34432234432235]
515,2026-02-26 22:17:32,[-99.63369963369964|-76.92307692307692|-71.06227106227107|-55.67765567765568|-38.095238095238095]
516,2026-02-26 22:17:32,[-24.90842490842491|-2.197802197802198|22.71062271062271|28.571428571428573|56.41025641025641]
517,2026-02-26 22:17:32,[75.45787545787546|97.43589743589743|126.73992673992674|150.1831501831502|196.33699633699635]
518,2026-02-26 22:17:32,[249.08424908424908|299.6336996336996|362.6373626373626|418.31501831501834|476.9230769230769]
519,2026-02-26 22:17:32,[520.8791208791209|536.996336996337|532.6007326007326|489.3772893772894|425.64102564102564]
520,2026-02-26 22:17:32,[314.2857142857143|178.02197802197801|52.747252747252745|-63.73626373626374|-156.7765567765568]
521,2026-02-26 22:17:32,[-216.11721611721612|-264.46886446886447|-295.23809523809524|-308.42490842490844|-317.2161172161172]
522,2026-02-26 22:17:32,[-321.61172161172163|-303.2967032967033|-313.5531135531136|-322.34432234432234|-311.35531135531136]
523,2026-02-26 22:17:33,[-286.4468864468864|-273.2600732600733|-286.4468864468864|-290.1098901098901|-283.5164835164835]
524,2026-02-26 22:17:33,[-272.5274725274725|-271.79487179487177|-263.7362637362637|-260.0732600732601|-242.49084249084248]
525,2026-02-26 22:17:33,[-246.15384615384616|-243.95604395604394|-236.63003663003664|-241.02564102564102|-239.56043956043956]
526,2026-02-26 22:17:33,[-239.56043956043956|-241.02564102564102|-238.82783882783883|-243.95604395604394|-248.35164835164835]
527,2026-02-26 22:17:33,[-249.08424908424908|-248.35164835164835|-239.56043956043956|-239.56043956043956|-238.0952380952381]
528,2026-02-26 22:17:33,[-238.0952380952381|-238.0952380952381|-236.63003663003664|-239.56043956043956|-221.24542124542126]
529,2026-02-26 22:17:33,[-216.11721611721612|-218.3150183150183|-216.84981684981685|-216.84981684981685|-204.3956043956044]
530,2026-02-26 22:17:33,[-202.93040293040292|-203.66300366300365|-200.0|-191.2087912087912|-188.2783882783883]
531,2026-02-26 22:17:33,[-178.02197802197801|-174.35897435897436|-167.76556776556777|-170.6959706959707|-177.28937728937728]
532,2026-02-26 22:17:33,[-167.76556776556777|-164.83516483516485|-157.50915750915752|-154.57875457875457|-154.57875457875457]
533,2026-02-26 22:17:33,[-136.996336996337|-145.05494505494505|-149.45054945054946|-144.32234432234432|-132.6007326007326]
534,2026-02-26 22:17:33,[-135.53113553113553|-144.32234432234432|-141.3919413919414|-132.6007326007326|-128.2051282051282]
535,2026-02-26 22:17:33,[-125.27472527472527|-122.34432234432235|-120.87912087912088|-121.6117216117216|-123.07692307692308]
536,2026-02-26 22:17:33,[-108.42490842490842|-98.16849816849818|-101.83150183150182|-100.36630036630036|-107.6923076923077]
537,2026-02-26 22:17:33,[-96.7032967032967|-43.223443223443226|-30.76923076923077|-59.34065934065934|-84.24908424908425]
538,2026-02-26 22:17:33,[-109.15750915750915|-123.07692307692308|-132.6007326007326|-125.27472527472527|-125.27472527472527]
539,2026-02-26 22:17:33,[-116.48351648351648|-112.82051282051282|-131.13553113553112|-40.29304029304029|339.1941391941392]
540,2026-02-26 22:17:33,[1443.956043956044|1499.6336996336997|960.4395604395604|-453.4798534798535|-683.5164835164835]
541,2026-02-26 22:17:33,[-358.24175824175825|-150.1831501831502|-106.22710622710623|-107.6923076923077|-97.43589743589743]
542,2026-02-26 22:17:33,[-71.06227106227107|-63.73626373626374|-53.47985347985348|-42.49084249084249|-40.29304029304029]
543,2026-02-26 22:17:33,[-25.641025641025642|-5.128205128205129|8.791208791208792|16.84981684981685|41.75824175824176]
544,2026-02-26 22:17:33,[65.93406593406593|87.91208791208791|116.48351648351648|154.57875457875457|205.12820512820514]
545,2026-02-26 22:17:33,[249.8168498168498|300.3663003663004|365.56776556776555|437.3626373626374|487.9120879120879]
546,2026-02-26 22:17:33,[528.9377289377289|545.7875457875458|556.7765567765567|538.4615384615385|495.23809523809524]
547,2026-02-26 22:17:34,[394.87179487179486|268.13186813186815|130.4029304029304|4.395604395604396|-106.22710622710623]
548,2026-02-26 22:17:34,[-178.02197802197801|-239.56043956043956|-277.65567765567766|-302.56410256410254|-308.42490842490844]
549,2026-02-26 22:17:34,[-312.8205128205128|-323.0769230769231|-323.8095238095238|-331.13553113553115|-322.34432234432234]
550,2026-02-26 22:17:34,[-311.35531135531136|-296.7032967032967|-290.1098901098901|-284.24908424908426|-273.2600732600733]
551,2026-02-26 22:17:34,[-260.8058608058608|-262.27106227106225|-254.21245421245422|-252.74725274725276|-246.8864468864469]
552,2026-02-26 22:17:34,[-249.08424908424908|-251.28205128205127|-246.8864468864469|-252.74725274725276|-255.67765567765568]
553,2026-02-26 22:17:34,[-252.74725274725276|-259.34065934065933|-263.7362637362637|-258.6080586080586|-259.34065934065933]
554,2026-02-26 22:17:34,[-258.6080586080586|-255.67765567765568|-252.74725274725276|-243.95604395604394|-242.49084249084248]
555,2026-02-26 22:17:34,[-242.49084249084248|-242.49084249084248|-238.82783882783883|-238.0952380952381|-220.51282051282053]
556,2026-02-26 22:17:34,[-209.52380952380952|-214.65201465201466|-201.46520146520146|-204.3956043956044|-216.84981684981685]
557,2026-02-26 22:17:34,[-205.86080586080587|-202.1978021978022|-199.26739926739927|-192.67399267399267|-178.02197802197801]
558,2026-02-26 22:17:34,[-182.41758241758242|-169.23076923076923|-169.96336996336996|-170.6959706959707|-157.50915750915752]
559,2026-02-26 22:17:34,[-157.50915750915752|-154.57875457875457|-153.1135531135531|-154.57875457875457|-145.78754578754578]
560,2026-02-26 22:17:34,[-142.12454212454213|-136.26373626373626|-141.3919413919414|-135.53113553113553|-124.54212454212454]
561,2026-02-26 22:17:34,[-121.6117216117216|-112.08791208791209|-99.63369963369964|-109.15750915750915|-108.42490842490842]
562,2026-02-26 22:17:34,[-109.15750915750915|-100.36630036630036|-95.97069597069597|-82.78388278388279|-94.50549450549451]
563,2026-02-26 22:17:34,[-71.7948717948718|-30.036630036630036|-27.106227106227106|-40.29304029304029|-60.8058608058608]
564,2026-02-26 22:17:34,[-100.36630036630036|-123.07692307692308|-123.80952380952381|-118.68131868131869|-106.95970695970696]
565,2026-02-26 22:17:34,[-99.63369963369964|-97.43589743589743|-95.97069597069597|39.56043956043956|488.64468864468864]
566,2026-02-26 22:17:34,[1499.6336996336997|1499.6336996336997|579.4871794871794|-616.1172161172161|-708.4249084249084]
567,2026-02-26 22:17:34,[-391.94139194139194|-147.98534798534797|-73.99267399267399|-79.12087912087912|-75.45787545787546]
568,2026-02-26 22:17:34,[-41.75824175824176|-9.523809523809524|-2.197802197802198|10.989010989010989|22.71062271062271]
569,2026-02-26 22:17:34,[34.43223443223443|34.43223443223443|54.94505494505494|76.92307692307692|84.24908424908425]
570,2026-02-26 22:17:34,[110.62271062271063|150.1831501831502|179.48717948717947|183.88278388278388|216.11721611721612]
571,2026-02-26 22:17:34,[275.45787545787545|315.75091575091574|383.1501831501831|450.54945054945057|506.2271062271062]
572,2026-02-26 22:17:35,[541.3919413919414|544.3223443223443|547.2527472527472|525.2747252747253|475.45787545787545]
573,2026-02-26 22:17:35,[371.42857142857144|244.6886446886447|107.6923076923077|19.047619047619047|-64.46886446886447]
574,2026-02-26 22:17:35,[-176.55677655677655|-240.2930402930403|-270.3296703296703|-305.4945054945055|-323.8095238095238]
575,2026-02-26 22:17:35,[-328.93772893772893|-328.93772893772893|-322.34432234432234|-331.13553113553115|-324.54212454212455]
576,2026-02-26 22:17:35,[-311.35531135531136|-295.97069597069594|-293.7728937728938|-283.5164835164835|-267.3992673992674]
577,2026-02-26 22:17:35,[-295.23809523809524|-290.1098901098901|-272.5274725274725|-273.992673992674|-271.79487179487177]
578,2026-02-26 22:17:35,[-266.6666666666667|-270.3296703296703|-264.46886446886447|-252.01465201465203|-250.54945054945054]
579,2026-02-26 22:17:35,[-258.6080586080586|-265.9340659340659|-276.9230769230769|-277.65567765567766|-287.9120879120879]
580,2026-02-26 22:17:35,[-272.5274725274725|-257.87545787545787|-255.67765567765568|-242.49084249084248|-239.56043956043956]
581,2026-02-26 22:17:35,[-235.16483516483515|-236.63003663003664|-229.3040293040293|-229.3040293040293|-219.04761904761904]
582,2026-02-26 22:17:35,[-219.04761904761904|-205.86080586080587|-206.5934065934066|-202.93040293040292|-191.2087912087912]
583,2026-02-26 22:17:35,[-190.47619047619048|-189.74358974358975|-183.88278388278388|-189.01098901098902|-189.74358974358975]
584,2026-02-26 22:17:35,[-164.83516483516485|-167.76556776556777|-166.3003663003663|-165.56776556776558|-160.43956043956044]
585,2026-02-26 22:17:35,[-146.5201465201465|-131.13553113553112|-122.34432234432235|-117.94871794871794|-119.41391941391942]
586,2026-02-26 22:17:35,[-97.43589743589743|-73.99267399267399|-77.65567765567765|-87.91208791208791|-114.28571428571429]
587,2026-02-26 22:17:35,[-147.25274725274724|-164.10256410256412|-154.57875457875457|-131.13553113553112|-115.75091575091575]
588,2026-02-26 22:17:35,[-106.22710622710623|-107.6923076923077|-54.94505494505494|183.88278388278388|810.989010989011]
589,2026-02-26 22:17:35,[1499.6336996336997|1202.1978021978023|-161.17216117216117|-800.7326007326008|-658.6080586080586]
590,2026-02-26 22:17:35,[-378.02197802197804|-180.21978021978023|-117.94871794871794|-105.49450549450549|-81.31868131868131]
591,2026-02-26 22:17:35,[-67.3992673992674|-51.282051282051285|-38.095238095238095|-30.76923076923077|-8.791208791208792]
592,2026-02-26 22:17:35,[5.86080586080586|16.117216117216117|31.501831501831504|52.747252747252745|63.73626373626374]
593,2026-02-26 22:17:35,[88.64468864468864|112.08791208791209|155.3113553113553|175.0915750915751|221.97802197802199]
594,2026-02-26 22:17:35,[274.72527472527474|342.12454212454213|416.8498168498169|456.4102564102564|484.98168498168496]
595,2026-02-26 22:17:35,[513.5531135531136|522.3443223443223|510.6227106227106|462.27106227106225|372.8937728937729]
596,2026-02-26 22:17:35,[250.54945054945054|112.82051282051282|-2.197802197802198|-112.08791208791209|-192.67399267399267]
597,2026-02-26 22:17:35,[-254.21245421245422|-290.84249084249086|-308.42490842490844|-333.3333333333333|-334.7985347985348]
598,2026-02-26 22:17:36,[-340.65934065934067|-333.3333333333333|-325.27472527472526|-319.4139194139194|-315.01831501831504]
599,2026-02-26 22:17:36,[-306.959706959707|-299.6336996336996|-293.7728937728938|-284.24908424908426|-267.3992673992674]
600,2026-02-26 22:17:36,[-261.53846153846155|-255.67765567765568|-251.28205128205127|-258.6080586080586|-260.0732600732601]
601,2026-02-26 22:17:36,[-260.8058608058608|-258.6080586080586|-265.9340659340659|-270.3296703296703|-270.3296703296703]
602,2026-02-26 22:17:36,[-276.9230769230769|-286.4468864468864|-284.98168498168496|-269.5970695970696|-267.3992673992674]
603,2026-02-26 22:17:36,[-272.5274725274725|-270.3296703296703|-258.6080586080586|-262.27106227106225|-254.94505494505495]
604,2026-02-26 22:17:36,[-249.8168498168498|-246.8864468864469|-246.8864468864469|-242.49084249084248|-252.01465201465203]
605,2026-02-26 22:17:36,[-246.8864468864469|-229.3040293040293|-224.9084249084249|-223.44322344322345|-223.44322344322345]
606,2026-02-26 22:17:36,[-213.91941391941393|-208.05860805860806|-202.93040293040292|-202.93040293040292|-189.74358974358975]
607,2026-02-26 22:17:36,[-175.0915750915751|-176.55677655677655|-136.996336996337|-122.34432234432235|-128.2051282051282]
608,2026-02-26 22:17:36,[-142.85714285714286|-154.57875457875457|-183.88278388278388|-205.12820512820514|-200.73260073260073]
609,2026-02-26 22:17:36,[-195.6043956043956|-190.47619047619048|-180.21978021978023|-191.2087912087912|-142.12454212454213]
610,2026-02-26 22:17:36,[78.3882783882784|756.7765567765567|1499.6336996336997|1414.6520146520147|-101.0989010989011]
611,2026-02-26 22:17:36,[-846.1538461538462|-652.014652014652|-353.84615384615387|-183.88278388278388|-155.3113553113553]
612,2026-02-26 22:17:36,[-150.1831501831502|-125.27472527472527|-106.22710622710623|-96.7032967032967|-79.85347985347985]
613,2026-02-26 22:17:36,[-65.93406593406593|-47.61904761904762|-33.6996336996337|-25.641025641025642|-8.791208791208792]
614,2026-02-26 22:17:36,[10.989010989010989|22.71062271062271|60.07326007326007|86.44688644688645|126.00732600732601]
615,2026-02-26 22:17:36,[170.6959706959707|221.97802197802199|273.992673992674|325.27472527472526|396.3369963369963]
616,2026-02-26 22:17:36,[459.34065934065933|495.97069597069594|521.6117216117216|526.7399267399268|507.6923076923077]
617,2026-02-26 22:17:36,[456.4102564102564|367.032967032967|254.21245421245422|126.00732600732601|5.86080586080586]
618,2026-02-26 22:17:36,[-109.15750915750915|-200.0|-258.6080586080586|-299.6336996336996|-312.0879120879121]
619,2026-02-26 22:17:36,[-330.4029304029304|-340.65934065934067|-336.996336996337|-334.0659340659341|-336.2637362637363]
620,2026-02-26 22:17:37,[-323.0769230769231|-318.68131868131866|-306.2271062271062|-293.7728937728938|-287.1794871794872]
621,2026-02-26 22:17:37,[-289.3772893772894|-273.2600732600733|-267.3992673992674|-268.86446886446885|-254.21245421245422]
622,2026-02-26 22:17:37,[-254.21245421245422|-249.08424908424908|-249.8168498168498|-249.8168498168498|-240.2930402930403]
623,2026-02-26 22:17:37,[-246.8864468864469|-249.8168498168498|-246.8864468864469|-242.49084249084248|-239.56043956043956]
624,2026-02-26 22:17:37,[-240.2930402930403|-243.95604395604394|-236.63003663003664|-241.02564102564102|-244.6886446886447]
625,2026-02-26 22:17:37,[-243.2234432234432|-235.16483516483515|-220.51282051282053|-224.9084249084249|-217.58241758241758]
626,2026-02-26 22:17:37,[-211.7216117216117|-208.7912087912088|-205.86080586080587|-200.73260073260073|-195.6043956043956]
627,2026-02-26 22:17:37,[-202.1978021978022|-197.06959706959708|-182.41758241758242|-180.95238095238096|-166.3003663003663]
628,2026-02-26 22:17:37,[-169.96336996336996|-158.24175824175825|-124.54212454212454|-110.62271062271063|-103.2967032967033]
629,2026-02-26 22:17:37,[-117.94871794871794|-142.85714285714286|-158.97435897435898|-179.48717948717947|-172.16117216117217]
630,2026-02-26 22:17:37,[-164.10256410256412|-153.1135531135531|-156.04395604395606|-173.62637362637363|-115.01831501831502]
631,2026-02-26 22:17:37,[169.23076923076923|1073.2600732600733|1499.6336996336997|1309.1575091575091|-309.15750915750914]
632,2026-02-26 22:17:37,[-811.7216117216117|-506.2271062271062|-220.51282051282053|-154.57875457875457|-153.1135531135531]
633,2026-02-26 22:17:37,[-145.78754578754578|-120.87912087912088|-95.97069597069597|-84.24908424908425|-70.32967032967034]
634,2026-02-26 22:17:37,[-60.07326007326007|-47.61904761904762|-30.036630036630036|-11.72161172161172|8.791208791208792]
635,2026-02-26 22:17:37,[29.304029304029303|43.223443223443226|67.3992673992674|90.84249084249085|135.53113553113553]
636,2026-02-26 22:17:37,[178.02197802197801|227.83882783882783|286.4468864468864|353.84615384615387|419.7802197802198]
637,2026-02-26 22:17:37,[475.45787545787545|511.35531135531136|534.065934065934|532.6007326007326|512.0879120879121]
638,2026-02-26 22:17:37,[447.6190476190476|345.05494505494505|213.91941391941393|68.13186813186813|-41.75824175824176]
639,2026-02-26 22:17:37,[-129.67032967032966|-214.65201465201466|-261.53846153846155|-295.23809523809524|-314.2857142857143]
640,2026-02-26 22:17:37,[-325.27472527472526|-331.86813186813185|-330.4029304029304|-331.86813186813185|-318.68131868131866]
641,2026-02-26 22:17:37,[-314.2857142857143|-308.42490842490844|-295.23809523809524|-287.1794871794872|-276.1904761904762]
642,2026-02-26 22:17:37,[-271.79487179487177|-258.6080586080586|-249.8168498168498|-249.08424908424908|-242.49084249084248]
643,2026-02-26 22:17:37,[-240.2930402930403|-238.0952380952381|-243.95604395604394|-240.2930402930403|-238.0952380952381]
644,2026-02-26 22:17:37,[-250.54945054945054|-261.53846153846155|-252.74725274725276|-254.21245421245422|-252.01465201465203]
645,2026-02-26 22:17:37,[-248.35164835164835|-241.75824175824175|-240.2930402930403|-237.36263736263737|-235.16483516483515]
646,2026-02-26 22:17:37,[-225.64102564102564|-217.58241758241758|-226.37362637362637|-230.76923076923077|-219.04761904761904]
647,2026-02-26 22:17:38,[-213.1868131868132|-208.7912087912088|-204.3956043956044|-205.12820512820514|-197.06959706959708]
648,2026-02-26 22:17:38,[-191.94139194139194|-192.67399267399267|-191.2087912087912|-190.47619047619048|-190.47619047619048]
649,2026-02-26 22:17:38,[-189.01098901098902|-173.62637362637363|-167.03296703296704|-160.43956043956044|-148.71794871794873]
650,2026-02-26 22:17:38,[-147.98534798534797|-136.26373626373626|-106.22710622710623|-79.85347985347985|-78.3882783882784]
651,2026-02-26 22:17:38,[-100.36630036630036|-126.73992673992674|-153.1135531135531|-169.23076923076923|-166.3003663003663]
652,2026-02-26 22:17:38,[-156.04395604395606|-147.98534798534797|-148.71794871794873|-156.04395604395606|-49.08424908424909]
653,2026-02-26 22:17:38,[290.84249084249086|1283.5164835164835|1499.6336996336997|816.8498168498169|-523.8095238095239]
654,2026-02-26 22:17:38,[-811.7216117216117|-494.5054945054945|-238.0952380952381|-132.6007326007326|-120.14652014652015]
655,2026-02-26 22:17:38,[-112.08791208791209|-100.36630036630036|-76.92307692307692|-54.94505494505494|-47.61904761904762]
656,2026-02-26 22:17:38,[-39.56043956043956|-28.571428571428573|-17.582417582417584|19.78021978021978|42.49084249084249]
657,2026-02-26 22:17:38,[63.73626373626374|87.17948717948718|112.08791208791209|133.33333333333334|163.36996336996336]
658,2026-02-26 22:17:38,[205.86080586080587|263.003663003663|309.8901098901099|372.8937728937729|427.83882783882785]
659,2026-02-26 22:17:38,[473.992673992674|505.4945054945055|521.6117216117216|525.2747252747253|495.23809523809524]
660,2026-02-26 22:17:38,[447.6190476190476|343.5897435897436|210.25641025641025|75.45787545787546|-31.501831501831504]
661,2026-02-26 22:17:38,[-122.34432234432235|-196.33699633699635|-248.35164835164835|-290.1098901098901|-309.8901098901099]
662,2026-02-26 22:17:38,[-317.2161172161172|-321.61172161172163|-301.0989010989011|-306.959706959707|-298.16849816849816]
663,2026-02-26 22:17:38,[-273.992673992674|-271.06227106227107|-264.46886446886447|-260.0732600732601|-239.56043956043956]
664,2026-02-26 22:17:38,[-235.16483516483515|-219.78021978021977|-219.78021978021977|-220.51282051282053|-220.51282051282053]
665,2026-02-26 22:17:38,[-217.58241758241758|-216.11721611721612|-220.51282051282053|-227.83882783882783|-227.83882783882783]
666,2026-02-26 22:17:38,[-238.82783882783883|-238.0952380952381|-236.63003663003664|-241.02564102564102|-235.16483516483515]
667,2026-02-26 22:17:38,[-234.43223443223442|-235.16483516483515|-235.16483516483515|-224.17582417582418|-224.9084249084249]
668,2026-02-26 22:17:38,[-219.04761904761904|-214.65201465201466|-209.52380952380952|-208.7912087912088|-211.7216117216117]
669,2026-02-26 22:17:38,[-208.7912087912088|-205.86080586080587|-201.46520146520146|-192.67399267399267|-190.47619047619048]
670,2026-02-26 22:17:38,[-190.47619047619048|-169.23076923076923|-158.97435897435898|-160.43956043956044|-135.53113553113553]
671,2026-02-26 22:17:38,[-109.89010989010988|-101.83150183150182|-112.08791208791209|-125.27472527472527|-158.97435897435898]
672,2026-02-26 22:17:38,[-177.28937728937728|-172.8937728937729|-169.23076923076923|-167.03296703296704|-156.7765567765568]
673,2026-02-26 22:17:39,[-150.1831501831502|-98.9010989010989|112.08791208791209|686.4468864468864|1499.6336996336997]
674,2026-02-26 22:17:39,[1298.901098901099|-100.36630036630036|-806.5934065934066|-731.8681318681319|-441.75824175824175]
675,2026-02-26 22:17:39,[-215.3846153846154|-134.7985347985348|-127.47252747252747|-111.35531135531136|-84.24908424908425]
676,2026-02-26 22:17:39,[-70.32967032967034|-55.67765567765568|-52.014652014652015|-27.106227106227106|-15.384615384615385]
677,2026-02-26 22:17:39,[8.058608058608058|19.047619047619047|40.29304029304029|56.41025641025641|87.17948717948718]
678,2026-02-26 22:17:39,[112.08791208791209|145.78754578754578|186.08058608058607|230.76923076923077|275.45787545787545]
679,2026-02-26 22:17:39,[333.3333333333333|396.3369963369963|448.35164835164835|476.1904761904762|488.64468864468864]
680,2026-02-26 22:17:39,[489.3772893772894|476.9230769230769|418.31501831501834|315.01831501831504|210.25641025641025]
681,2026-02-26 22:17:39,[78.3882783882784|-37.362637362637365|-134.06593406593407|-205.86080586080587|-250.54945054945054]
682,2026-02-26 22:17:39,[-289.3772893772894|-313.5531135531136|-321.61172161172163|-320.8791208791209|-321.61172161172163]
683,2026-02-26 22:17:39,[-321.61172161172163|-317.94871794871796|-305.4945054945055|-296.7032967032967|-290.84249084249086]
684,2026-02-26 22:17:39,[-282.05128205128204|-271.06227106227107|-260.8058608058608|-260.0732600732601|-260.8058608058608]
685,2026-02-26 22:17:39,[-261.53846153846155|-250.54945054945054|-249.8168498168498|-262.27106227106225|-260.0732600732601]
686,2026-02-26 22:17:39,[-264.46886446886447|-267.3992673992674|-265.2014652014652|-265.9340659340659|-271.06227106227107]
687,2026-02-26 22:17:39,[-270.3296703296703|-266.6666666666667|-276.1904761904762|-273.2600732600733|-273.2600732600733]
688,2026-02-26 22:17:39,[-277.65567765567766|-268.86446886446885|-274.72527472527474|-282.7838827838828|-267.3992673992674]
689,2026-02-26 22:17:39,[-262.27106227106225|-261.53846153846155|-252.74725274725276|-252.01465201465203|-251.28205128205127]
690,2026-02-26 22:17:39,[-254.21245421245422|-239.56043956043956|-236.63003663003664|-208.7912087912088|-175.0915750915751]
691,2026-02-26 22:17:39,[-166.3003663003663|-169.23076923076923|-188.2783882783883|-214.65201465201466|-229.3040293040293]
692,2026-02-26 22:17:39,[-236.63003663003664|-230.76923076923077|-224.9084249084249|-220.51282051282053|-216.11721611721612]
693,2026-02-26 22:17:39,[-207.32600732600733|-83.51648351648352|285.7142857142857|1295.2380952380952|1499.6336996336997]
694,2026-02-26 22:17:39,[572.1611721611722|-630.0366300366301|-844.6886446886447|-541.3919413919414|-298.16849816849816]
695,2026-02-26 22:17:39,[-199.26739926739927|-178.02197802197801|-169.23076923076923|-150.91575091575092|-129.67032967032966]
696,2026-02-26 22:17:39,[-115.01831501831502|-101.83150183150182|-79.85347985347985|-60.8058608058608|-60.8058608058608]
697,2026-02-26 22:17:40,[-38.827838827838825|-26.373626373626372|-5.128205128205129|21.245421245421245|52.747252747252745]
698,2026-02-26 22:17:40,[79.85347985347985|111.35531135531136|156.04395604395606|208.7912087912088|273.2600732600733]
699,2026-02-26 22:17:40,[333.3333333333333|393.4065934065934|443.2234432234432|473.992673992674|462.27106227106225]
700,2026-02-26 22:17:40,[460.0732600732601|430.03663003663|347.25274725274727|227.1062271062271|100.36630036630036]
701,2026-02-26 22:17:40,[-28.571428571428573|-123.07692307692308|-205.86080586080587|-268.86446886446885|-296.7032967032967]
702,2026-02-26 22:17:40,[-320.1465201465202|-330.4029304029304|-331.13553113553115|-341.3919413919414|-340.65934065934067]
703,2026-02-26 22:17:40,[-325.27472527472526|-313.5531135531136|-308.42490842490844|-302.56410256410254|-294.5054945054945]
704,2026-02-26 22:17:40,[-276.1904761904762|-282.05128205128204|-274.72527472527474|-261.53846153846155|-247.61904761904762]
705,2026-02-26 22:17:40,[-237.36263736263737|-243.95604395604394|-243.95604395604394|-246.8864468864469|-238.0952380952381]
706,2026-02-26 22:17:40,[-240.2930402930403|-238.82783882783883|-235.16483516483515|-239.56043956043956|-235.89743589743588]
707,2026-02-26 22:17:40,[-238.0952380952381|-239.56043956043956|-226.37362637362637|-229.3040293040293|-229.3040293040293]
708,2026-02-26 22:17:40,[-225.64102564102564|-221.24542124542126|-211.7216117216117|-216.84981684981685|-216.84981684981685]
709,2026-02-26 22:17:40,[-203.66300366300365|-202.93040293040292|-200.0|-201.46520146520146|-197.06959706959708]
710,2026-02-26 22:17:40,[-189.74358974358975|-181.6849816849817|-189.74358974358975|-188.2783882783883|-170.6959706959707]
711,2026-02-26 22:17:40,[-176.55677655677655|-173.62637362637363|-169.23076923076923|-158.97435897435898|-164.83516483516485]
712,2026-02-26 22:17:40,[-167.76556776556777|-153.84615384615384|-150.1831501831502|-156.04395604395606|-153.1135531135531]
713,2026-02-26 22:17:40,[-148.71794871794873|-130.4029304029304|-121.6117216117216|-126.00732600732601|-125.27472527472527]
714,2026-02-26 22:17:40,[-119.41391941391942|-100.36630036630036|-94.50549450549451|-98.16849816849818|-76.19047619047619]
715,2026-02-26 22:17:40,[-43.223443223443226|-29.304029304029303|-52.014652014652015|-71.7948717948718|-87.91208791208791]
716,2026-02-26 22:17:40,[-112.08791208791209|-123.80952380952381|-115.01831501831502|-120.87912087912088|-117.94871794871794]
717,2026-02-26 22:17:40,[-119.41391941391942|-142.85714285714286|-21.245421245421245|459.34065934065933|1499.6336996336997]
718,2026-02-26 22:17:40,[1499.6336996336997|721.6117216117216|-579.4871794871794|-638.8278388278388|-302.56410256410254]
719,2026-02-26 22:17:40,[-132.6007326007326|-106.22710622710623|-106.95970695970696|-90.10989010989012|-76.19047619047619]
720,2026-02-26 22:17:40,[-54.94505494505494|-40.29304029304029|-29.304029304029303|-21.978021978021978|-8.791208791208792]
721,2026-02-26 22:17:40,[6.593406593406593|26.373626373626372|41.75824175824176|63.73626373626374|85.71428571428571]
722,2026-02-26 22:17:41,[103.2967032967033|132.6007326007326|159.7069597069597|205.86080586080587|260.0732600732601]
723,2026-02-26 22:17:41,[311.35531135531136|373.6263736263736|438.82783882783883|477.65567765567766|506.2271062271062]
724,2026-02-26 22:17:41,[526.007326007326|520.1465201465202|495.97069597069594|428.57142857142856|332.6007326007326]
725,2026-02-26 22:17:41,[201.46520146520146|68.13186813186813|-32.967032967032964|-136.26373626373626|-208.7912087912088]
726,2026-02-26 22:17:41,[-254.21245421245422|-284.24908424908426|-296.7032967032967|-315.01831501831504|-320.1465201465202]
727,2026-02-26 22:17:41,[-318.68131868131866|-309.8901098901099|-305.4945054945055|-294.5054945054945|-287.9120879120879]
728,2026-02-26 22:17:41,[-284.24908424908426|-276.1904761904762|-265.9340659340659|-264.46886446886447|-262.27106227106225]
729,2026-02-26 22:17:41,[-261.53846153846155|-258.6080586080586|-251.28205128205127|-249.8168498168498|-241.02564102564102]
730,2026-02-26 22:17:41,[-238.0952380952381|-240.2930402930403|-242.49084249084248|-243.95604395604394|-241.02564102564102]
731,2026-02-26 22:17:41,[-249.08424908424908|-246.8864468864469|-246.8864468864469|-243.95604395604394|-242.49084249084248]
732,2026-02-26 22:17:41,[-243.95604395604394|-241.75824175824175|-235.89743589743588|-230.03663003663004|-219.78021978021977]
733,2026-02-26 22:17:41,[-217.58241758241758|-209.52380952380952|-217.58241758241758|-216.11721611721612|-207.32600732600733]
734,2026-02-26 22:17:41,[-197.06959706959708|-202.1978021978022|-201.46520146520146|-197.8021978021978|-191.2087912087912]
735,2026-02-26 22:17:41,[-182.41758241758242|-176.55677655677655|-170.6959706959707|-172.16117216117217|-169.23076923076923]
736,2026-02-26 22:17:41,[-154.57875457875457|-156.04395604395606|-155.3113553113553|-154.57875457875457|-148.71794871794873]
737,2026-02-26 22:17:41,[-148.71794871794873|-142.85714285714286|-131.86813186813185|-130.4029304029304|-131.86813186813185]
738,2026-02-26 22:17:41,[-129.67032967032966|-120.87912087912088|-115.01831501831502|-120.87912087912088|-114.28571428571429]
739,2026-02-26 22:17:41,[-109.89010989010988|-110.62271062271063|-112.08791208791209|-106.22710622710623|-97.43589743589743]
740,2026-02-26 22:17:41,[-88.64468864468864|-80.58608058608058|-78.3882783882784|-98.9010989010989|-60.8058608058608]
741,2026-02-26 22:17:41,[-19.78021978021978|-18.315018315018314|-44.688644688644686|-73.99267399267399|-89.37728937728937]
742,2026-02-26 22:17:41,[-120.14652014652015|-123.80952380952381|-110.62271062271063|-106.95970695970696|-105.49450549450549]
743,2026-02-26 22:17:41,[-106.95970695970696|-117.94871794871794|12.454212454212454|520.8791208791209|1499.6336996336997]
744,2026-02-26 22:17:41,[1499.6336996336997|526.7399267399268|-649.0842490842491|-612.4542124542124|-283.5164835164835]
745,2026-02-26 22:17:41,[-113.55311355311355|-106.22710622710623|-100.36630036630036|-78.3882783882784|-73.26007326007326]
746,2026-02-26 22:17:41,[-59.34065934065934|-41.02564102564103|-24.175824175824175|-15.384615384615385|-3.663003663003663]
747,2026-02-26 22:17:41,[-2.197802197802198|19.78021978021978|44.688644688644686|57.875457875457876|78.3882783882784]
748,2026-02-26 22:17:42,[93.04029304029304|128.2051282051282|170.6959706959707|207.32600732600733|260.0732600732601]
749,2026-02-26 22:17:42,[318.68131868131866|361.9047619047619|427.83882783882785|479.8534798534798|512.8205128205128]
750,2026-02-26 22:17:42,[531.8681318681319|523.0769230769231|498.9010989010989|425.64102564102564|333.3333333333333]
751,2026-02-26 22:17:42,[208.05860805860806|69.59706959706959|-56.41025641025641|-150.91575091575092|-213.91941391941393]
752,2026-02-26 22:17:42,[-261.53846153846155|-290.84249084249086|-317.94871794871796|-315.75091575091574|-323.0769230769231]
753,2026-02-26 22:17:42,[-331.13553113553115|-330.4029304029304|-318.68131868131866|-300.3663003663004|-274.72527472527474]
754,2026-02-26 22:17:42,[-264.46886446886447|-260.0732600732601|-260.8058608058608|-251.28205128205127|-243.2234432234432]
755,2026-02-26 22:17:42,[-249.8168498168498|-260.0732600732601|-262.27106227106225|-263.7362637362637|-254.94505494505495]
756,2026-02-26 22:17:42,[-272.5274725274725|-267.3992673992674|-264.46886446886447|-263.7362637362637|-263.003663003663]
757,2026-02-26 22:17:42,[-249.8168498168498|-247.61904761904762|-249.8168498168498|-242.49084249084248|-250.54945054945054]
758,2026-02-26 22:17:42,[-251.28205128205127|-240.2930402930403|-243.95604395604394|-239.56043956043956|-236.63003663003664]
759,2026-02-26 22:17:42,[-235.16483516483515|-230.76923076923077|-217.58241758241758|-220.51282051282053|-213.1868131868132]
760,2026-02-26 22:17:42,[-205.86080586080587|-202.93040293040292|-192.67399267399267|-195.6043956043956|-173.62637362637363]
761,2026-02-26 22:17:42,[-165.56776556776558|-174.35897435897436|-183.88278388278388|-182.41758241758242|-167.03296703296704]
762,2026-02-26 22:17:42,[-156.04395604395606|-153.1135531135531|-148.71794871794873|-144.32234432234432|-137.72893772893772]
763,2026-02-26 22:17:42,[-141.3919413919414|-131.86813186813185|-134.06593406593407|-134.7985347985348|-117.94871794871794]
764,2026-02-26 22:17:42,[-120.87912087912088|-115.75091575091575|-104.02930402930403|-110.62271062271063|-120.87912087912088]
765,2026-02-26 22:17:42,[-106.95970695970696|-88.64468864468864|-89.37728937728937|-66.66666666666667|-32.967032967032964]
766,2026-02-26 22:17:42,[-33.6996336996337|-50.54945054945055|-71.7948717948718|-109.15750915750915|-120.87912087912088]
767,2026-02-26 22:17:42,[-120.87912087912088|-120.87912087912088|-110.62271062271063|-106.22710622710623|-100.36630036630036]
768,2026-02-26 22:17:42,[-84.24908424908425|57.875457875457876|451.28205128205127|1499.6336996336997|1499.6336996336997]
769,2026-02-26 22:17:42,[447.6190476190476|-611.7216117216117|-737.7289377289377|-457.87545787545787|-213.1868131868132]
770,2026-02-26 22:17:42,[-101.83150183150182|-84.24908424908425|-72.52747252747253|-52.747252747252745|-32.967032967032964]
771,2026-02-26 22:17:42,[-14.652014652014651|-8.058608058608058|10.989010989010989|26.373626373626372|32.967032967032964]
772,2026-02-26 22:17:42,[46.15384615384615|63.73626373626374|81.31868131868131|103.2967032967033|121.6117216117216]
773,2026-02-26 22:17:43,[136.996336996337|171.42857142857142|207.32600732600733|255.67765567765568|314.2857142857143]
774,2026-02-26 22:17:43,[374.35897435897436|432.23443223443223|479.8534798534798|509.15750915750914|528.2051282051282]
775,2026-02-26 22:17:43,[514.2857142857143|490.1098901098901|435.8974358974359|340.65934065934067|207.32600732600733]
776,2026-02-26 22:17:43,[78.3882783882784|-37.362637362637365|-128.2051282051282|-191.94139194139194|-242.49084249084248]
777,2026-02-26 22:17:43,[-271.79487179487177|-288.64468864468864|-303.2967032967033|-309.15750915750914|-312.0879120879121]
778,2026-02-26 22:17:43,[-314.2857142857143|-300.3663003663004|-289.3772893772894|-286.4468864468864|-271.79487179487177]
779,2026-02-26 22:17:43,[-264.46886446886447|-263.7362637362637|-270.3296703296703|-263.003663003663|-251.28205128205127]
780,2026-02-26 22:17:43,[-246.8864468864469|-249.08424908424908|-241.75824175824175|-248.35164835164835|-254.94505494505495]
781,2026-02-26 22:17:43,[-260.0732600732601|-260.0732600732601|-258.6080586080586|-263.003663003663|-262.27106227106225]
782,2026-02-26 22:17:43,[-252.74725274725276|-265.9340659340659|-265.2014652014652|-265.2014652014652|-265.2014652014652]
783,2026-02-26 22:17:43,[-258.6080586080586|-254.21245421245422|-243.95604395604394|-239.56043956043956|-236.63003663003664]
784,2026-02-26 22:17:43,[-241.02564102564102|-239.56043956043956|-236.63003663003664|-237.36263736263737|-235.89743589743588]
785,2026-02-26 22:17:43,[-230.03663003663004|-220.51282051282053|-213.91941391941393|-205.86080586080587|-204.3956043956044]
786,2026-02-26 22:17:43,[-202.93040293040292|-200.0|-193.4065934065934|-187.54578754578753|-191.94139194139194]
787,2026-02-26 22:17:43,[-188.2783882783883|-181.6849816849817|-167.76556776556777|-170.6959706959707|-154.57875457875457]
788,2026-02-26 22:17:43,[-141.3919413919414|-153.1135531135531|-142.12454212454213|-98.16849816849818|-84.24908424908425]
789,2026-02-26 22:17:43,[-90.10989010989012|-112.08791208791209|-141.3919413919414|-170.6959706959707|-173.62637362637363]
790,2026-02-26 22:17:43,[-167.03296703296704|-166.3003663003663|-165.56776556776558|-157.50915750915752|-158.24175824175825]
791,2026-02-26 22:17:43,[-74.72527472527473|228.57142857142858|1120.14652014652|1499.6336996336997|910.6227106227107]
792,2026-02-26 22:17:43,[-416.8498168498169|-809.5238095238095|-523.0769230769231|-267.3992673992674|-158.97435897435898]
793,2026-02-26 22:17:43,[-141.3919413919414|-131.86813186813185|-122.34432234432235|-101.83150183150182|-79.85347985347985]
794,2026-02-26 22:17:43,[-68.13186813186813|-55.67765567765568|-33.6996336996337|-24.90842490842491|-3.663003663003663]
795,2026-02-26 22:17:43,[5.86080586080586|18.315018315018314|39.56043956043956|63.73626373626374|98.9010989010989]
796,2026-02-26 22:17:43,[123.80952380952381|172.16117216117217|223.44322344322345|273.2600732600733|326.007326007326]
797,2026-02-26 22:17:44,[384.61538461538464|435.8974358974359|484.24908424908426|497.43589743589746|506.2271062271062]
798,2026-02-26 22:17:44,[479.8534798534798|430.03663003663|321.61172161172163|194.13919413919413|66.66666666666667]
799,2026-02-26 22:17:44,[-56.41025641025641|-154.57875457875457|-220.51282051282053|-265.9340659340659|-290.84249084249086]
800,2026-02-26 22:17:44,[-306.959706959707|-321.61172161172163|-321.61172161172163|-323.0769230769231|-313.5531135531136]
801,2026-02-26 22:17:44,[-306.959706959707|-298.16849816849816|-296.7032967032967|-293.7728937728938|-276.1904761904762]
802,2026-02-26 22:17:44,[-263.003663003663|-266.6666666666667|-267.3992673992674|-255.67765567765568|-246.8864468864469]
803,2026-02-26 22:17:44,[-243.2234432234432|-235.16483516483515|-241.02564102564102|-238.82783882783883|-238.0952380952381]
804,2026-02-26 22:17:44,[-239.56043956043956|-243.95604395604394|-247.61904761904762|-258.6080586080586|-251.28205128205127]
805,2026-02-26 22:17:44,[-247.61904761904762|-239.56043956043956|-226.37362637362637|-236.63003663003664|-227.83882783882783]
806,2026-02-26 22:17:44,[-228.57142857142858|-235.89743589743588|-235.16483516483515|-226.37362637362637|-211.7216117216117]
807,2026-02-26 22:17:44,[-208.7912087912088|-214.65201465201466|-211.7216117216117|-205.86080586080587|-195.6043956043956]
808,2026-02-26 22:17:44,[-191.2087912087912|-189.74358974358975|-193.4065934065934|-194.87179487179486|-188.2783882783883]
809,2026-02-26 22:17:44,[-173.62637362637363|-182.41758241758242|-173.62637362637363|-170.6959706959707|-165.56776556776558]
810,2026-02-26 22:17:44,[-158.24175824175825|-147.25274725274724|-141.3919413919414|-136.996336996337|-129.67032967032966]
811,2026-02-26 22:17:44,[-125.27472527472527|-109.89010989010988|-120.14652014652015|-99.63369963369964|-54.21245421245421]
812,2026-02-26 22:17:44,[-64.46886446886447|-84.24908424908425|-98.9010989010989|-129.67032967032966|-148.71794871794873]
813,2026-02-26 22:17:44,[-148.71794871794873|-145.78754578754578|-155.3113553113553|-154.57875457875457|-157.50915750915752]
814,2026-02-26 22:17:44,[-148.71794871794873|26.373626373626372|649.8168498168499|1499.6336996336997|1499.6336996336997]
815,2026-02-26 22:17:44,[233.6996336996337|-777.2893772893773|-616.1172161172161|-284.98168498168496|-130.4029304029304]
816,2026-02-26 22:17:44,[-122.34432234432235|-120.87912087912088|-90.10989010989012|-78.3882783882784|-61.53846153846154]
817,2026-02-26 22:17:44,[-32.967032967032964|-28.571428571428573|-18.315018315018314|-9.523809523809524|-2.93040293040293]
818,2026-02-26 22:17:44,[21.978021978021978|43.223443223443226|63.73626373626374|87.17948717948718|116.48351648351648]
819,2026-02-26 22:17:44,[156.04395604395606|196.33699633699635|245.42124542124543|287.1794871794872|337.72893772893775]
820,2026-02-26 22:17:44,[408.05860805860806|465.2014652014652|509.15750915750914|545.7875457875458|557.5091575091575]
821,2026-02-26 22:17:44,[542.8571428571429|495.23809523809524|421.24542124542126|299.6336996336996|167.76556776556777]
822,2026-02-26 22:17:44,[31.501831501831504|-78.3882783882784|-164.83516483516485|-226.37362637362637|-276.1904761904762]
823,2026-02-26 22:17:45,[-315.01831501831504|-320.8791208791209|-331.13553113553115|-323.8095238095238|-320.1465201465202]
824,2026-02-26 22:17:45,[-320.8791208791209|-318.68131868131866|-309.15750915750914|-306.2271062271062|-298.16849816849816]
825,2026-02-26 22:17:45,[-282.7838827838828|-267.3992673992674|-268.13186813186815|-272.5274725274725|-260.8058608058608]
826,2026-02-26 22:17:45,[-252.74725274725276|-258.6080586080586|-263.003663003663|-260.8058608058608|-260.0732600732601]
827,2026-02-26 22:17:45,[-262.27106227106225|-263.7362637362637|-252.01465201465203|-258.6080586080586|-258.6080586080586]
828,2026-02-26 22:17:45,[-252.74725274725276|-249.8168498168498|-253.4798534798535|-255.67765567765568|-252.74725274725276]
829,2026-02-26 22:17:45,[-252.01465201465203|-246.8864468864469|-237.36263736263737|-246.15384615384616|-230.76923076923077]
830,2026-02-26 22:17:45,[-219.04761904761904|-219.04761904761904|-214.65201465201466|-205.86080586080587|-201.46520146520146]
831,2026-02-26 22:17:45,[-204.3956043956044|-201.46520146520146|-200.0|-201.46520146520146|-189.01098901098902]
832,2026-02-26 22:17:45,[-178.02197802197801|-170.6959706959707|-167.76556776556777|-156.04395604395606|-152.38095238095238]
833,2026-02-26 22:17:45,[-142.12454212454213|-145.78754578754578|-157.50915750915752|-150.1831501831502|-144.32234432234432]
834,2026-02-26 22:17:45,[-146.5201465201465|-147.25274725274724|-136.996336996337|-134.06593406593407|-129.67032967032966]
835,2026-02-26 22:17:45,[-143.5897435897436|-112.82051282051282|-71.06227106227107|-61.53846153846154|-78.3882783882784]
836,2026-02-26 22:17:45,[-100.36630036630036|-134.7985347985348|-164.10256410256412|-158.97435897435898|-145.78754578754578]
837,2026-02-26 22:17:45,[-142.85714285714286|-142.85714285714286|-136.996336996337|-135.53113553113553|8.058608058608058]
838,2026-02-26 22:17:45,[491.57509157509156|1499.6336996336997|1499.6336996336997|391.2087912087912|-729.6703296703297]
839,2026-02-26 22:17:45,[-686.4468864468864|-367.76556776556777|-174.35897435897436|-134.06593406593407|-126.00732600732601]
840,2026-02-26 22:17:45,[-115.01831501831502|-95.23809523809524|-73.99267399267399|-75.45787545787546|-52.747252747252745]
841,2026-02-26 22:17:45,[-32.234432234432234|-18.315018315018314|-5.86080586080586|10.989010989010989|31.501831501831504]
842,2026-02-26 22:17:45,[45.42124542124542|68.86446886446886|102.56410256410257|128.93772893772893|160.43956043956044]
843,2026-02-26 22:17:45,[208.7912087912088|260.0732600732601|316.4835164835165|381.68498168498166|447.6190476190476]
844,2026-02-26 22:17:45,[487.1794871794872|511.35531135531136|526.007326007326|529.6703296703297|500.3663003663004]
845,2026-02-26 22:17:45,[431.5018315018315|311.35531135531136|183.88278388278388|50.54945054945055|-62.27106227106227]
846,2026-02-26 22:17:45,[-145.05494505494505|-214.65201465201466|-260.0732600732601|-293.7728937728938|-310.6227106227106]
847,2026-02-26 22:17:45,[-325.27472527472526|-331.86813186813185|-324.54212454212455|-321.61172161172163|-308.42490842490844]
848,2026-02-26 22:17:46,[-299.6336996336996|-295.23809523809524|-290.84249084249086|-285.7142857142857|-276.9230769230769]
849,2026-02-26 22:17:46,[-267.3992673992674|-263.7362637362637|-265.9340659340659|-265.9340659340659|-265.2014652014652]
850,2026-02-26 22:17:46,[-258.6080586080586|-260.8058608058608|-250.54945054945054|-267.3992673992674|-271.79487179487177]
851,2026-02-26 22:17:46,[-275.45787545787545|-274.72527472527474|-275.45787545787545|-283.5164835164835|-273.2600732600733]
852,2026-02-26 22:17:46,[-270.3296703296703|-260.0732600732601|-252.74725274725276|-259.34065934065933|-243.95604395604394]
853,2026-02-26 22:17:46,[-246.15384615384616|-236.63003663003664|-238.0952380952381|-236.63003663003664|-229.3040293040293]
854,2026-02-26 22:17:46,[-224.17582417582418|-219.04761904761904|-217.58241758241758|-226.37362637362637|-219.04761904761904]
855,2026-02-26 22:17:46,[-216.84981684981685|-216.11721611721612|-202.93040293040292|-208.7912087912088|-204.3956043956044]
856,2026-02-26 22:17:46,[-188.2783882783883|-179.48717948717947|-180.95238095238096|-179.48717948717947|-159.7069597069597]
857,2026-02-26 22:17:46,[-145.05494505494505|-148.71794871794873|-156.04395604395606|-107.6923076923077|-82.78388278388279]
858,2026-02-26 22:17:46,[-88.64468864468864|-112.08791208791209|-136.26373626373626|-166.3003663003663|-173.62637362637363]
859,2026-02-26 22:17:46,[-169.96336996336996|-167.03296703296704|-164.10256410256412|-154.57875457875457|-155.3113553113553]
860,2026-02-26 22:17:46,[-88.64468864468864|128.2051282051282|731.8681318681319|1499.6336996336997|1379.4871794871794]
861,2026-02-26 22:17:46,[-93.77289377289377|-809.5238095238095|-690.8424908424909|-403.6630036630037|-200.0]
862,2026-02-26 22:17:46,[-132.6007326007326|-123.80952380952381|-112.82051282051282|-98.9010989010989|-66.66666666666667]
863,2026-02-26 22:17:46,[-71.06227106227107|-62.27106227106227|-30.036630036630036|-15.384615384615385|-8.058608058608058]
864,2026-02-26 22:17:46,[8.791208791208792|37.362637362637365|41.75824175824176|56.41025641025641|86.44688644688645]
865,2026-02-26 22:17:46,[119.41391941391942|154.57875457875457|201.46520146520146|249.8168498168498|306.959706959707]
866,2026-02-26 22:17:46,[358.97435897435895|425.64102564102564|462.27106227106225|479.8534798534798|487.1794871794872]
867,2026-02-26 22:17:46,[463.7362637362637|431.5018315018315|349.45054945054943|220.51282051282053|101.83150183150182]
868,2026-02-26 22:17:46,[-19.78021978021978|-108.42490842490842|-173.62637362637363|-235.16483516483515|-264.46886446886447]
869,2026-02-26 22:17:46,[-287.9120879120879|-310.6227106227106|-314.2857142857143|-318.68131868131866|-313.5531135531136]
870,2026-02-26 22:17:46,[-301.0989010989011|-296.7032967032967|-290.84249084249086|-287.1794871794872|-265.9340659340659]
871,2026-02-26 22:17:46,[-261.53846153846155|-254.21245421245422|-242.49084249084248|-238.0952380952381|-243.95604395604394]
872,2026-02-26 22:17:47,[-248.35164835164835|-241.02564102564102|-227.1062271062271|-225.64102564102564|-227.83882783882783]
873,2026-02-26 22:17:47,[-234.43223443223442|-229.3040293040293|-241.02564102564102|-249.08424908424908|-246.8864468864469]
874,2026-02-26 22:17:47,[-242.49084249084248|-236.63003663003664|-243.2234432234432|-248.35164835164835|-241.02564102564102]
875,2026-02-26 22:17:47,[-241.02564102564102|-239.56043956043956|-235.16483516483515|-235.89743589743588|-228.57142857142858]
876,2026-02-26 22:17:47,[-226.37362637362637|-223.44322344322345|-213.1868131868132|-216.11721611721612|-219.78021978021977]
877,2026-02-26 22:17:47,[-208.7912087912088|-205.12820512820514|-195.6043956043956|-190.47619047619048|-188.2783882783883]
878,2026-02-26 22:17:47,[-178.02197802197801|-172.8937728937729|-172.8937728937729|-171.42857142857142|-164.83516483516485]
879,2026-02-26 22:17:47,[-161.9047619047619|-150.1831501831502|-130.4029304029304|-125.27472527472527|-110.62271062271063]
880,2026-02-26 22:17:47,[-123.80952380952381|-86.44688644688645|-54.94505494505494|-52.747252747252745|-67.3992673992674]
881,2026-02-26 22:17:47,[-98.16849816849818|-133.33333333333334|-156.04395604395606|-157.50915750915752|-134.7985347985348]
882,2026-02-26 22:17:47,[-145.78754578754578|-148.71794871794873|-148.71794871794873|-122.34432234432235|88.64468864468864]
883,2026-02-26 22:17:47,[812.4542124542124|1499.6336996336997|1499.6336996336997|-60.8058608058608|-811.7216117216117]
884,2026-02-26 22:17:47,[-557.5091575091575|-263.003663003663|-154.57875457875457|-145.78754578754578|-130.4029304029304]
885,2026-02-26 22:17:47,[-103.2967032967033|-68.13186813186813|-47.61904761904762|-40.29304029304029|-27.106227106227106]
886,2026-02-26 22:17:47,[-8.058608058608058|5.128205128205129|22.71062271062271|50.54945054945055|65.93406593406593]
887,2026-02-26 22:17:47,[76.19047619047619|97.43589743589743|126.73992673992674|166.3003663003663|201.46520146520146]
888,2026-02-26 22:17:47,[229.3040293040293|276.9230769230769|336.996336996337|400.73260073260076|450.54945054945057]
889,2026-02-26 22:17:47,[485.7142857142857|507.6923076923077|515.018315018315|506.2271062271062|475.45787545787545]
890,2026-02-26 22:17:47,[393.4065934065934|267.3992673992674|126.73992673992674|-2.197802197802198|-98.9010989010989]
891,2026-02-26 22:17:47,[-179.48717948717947|-242.49084249084248|-276.1904761904762|-305.4945054945055|-320.1465201465202]
892,2026-02-26 22:17:47,[-325.27472527472526|-321.61172161172163|-319.4139194139194|-305.4945054945055|-306.2271062271062]
893,2026-02-26 22:17:47,[-301.0989010989011|-298.16849816849816|-284.24908424908426|-284.98168498168496|-274.72527472527474]
894,2026-02-26 22:17:47,[-261.53846153846155|-255.67765567765568|-249.8168498168498|-248.35164835164835|-241.02564102564102]
895,2026-02-26 22:17:47,[-243.2234432234432|-249.8168498168498|-261.53846153846155|-260.0732600732601|-258.6080586080586]
896,2026-02-26 22:17:47,[-254.21245421245422|-254.21245421245422|-243.95604395604394|-260.0732600732601|-273.2600732600733]
897,2026-02-26 22:17:47,[-260.0732600732601|-243.2234432234432|-239.56043956043956|-248.35164835164835|-240.2930402930403]
898,2026-02-26 22:17:48,[-227.83882783882783|-223.44322344322345|-219.04761904761904|-220.51282051282053|-208.7912087912088]
899,2026-02-26 22:17:48,[-213.1868131868132|-211.7216117216117|-202.93040293040292|-189.01098901098902|-194.13919413919413]
900,2026-02-26 22:17:48,[-202.1978021978022|-193.4065934065934|-170.6959706959707|-167.76556776556777|-167.76556776556777]
901,2026-02-26 22:17:48,[-173.62637362637363|-165.56776556776558|-157.50915750915752|-154.57875457875457|-153.1135531135531]
902,2026-02-26 22:17:48,[-141.3919413919414|-128.2051282051282|-132.6007326007326|-115.01831501831502|-78.3882783882784]
903,2026-02-26 22:17:48,[-67.3992673992674|-73.99267399267399|-94.50549450549451|-126.73992673992674|-154.57875457875457]
904,2026-02-26 22:17:48,[-153.1135531135531|-141.3919413919414|-142.85714285714286|-144.32234432234432|-142.85714285714286]
905,2026-02-26 22:17:48,[-143.5897435897436|-25.641025641025642|320.8791208791209|1339.194139194139|1499.6336996336997]
906,2026-02-26 22:17:48,[747.2527472527472|-533.3333333333334|-794.1391941391942|-495.23809523809524|-248.35164835164835]
907,2026-02-26 22:17:48,[-129.67032967032966|-117.94871794871794|-109.15750915750915|-80.58608058608058|-63.73626373626374]
908,2026-02-26 22:17:48,[-51.282051282051285|-40.29304029304029|-25.641025641025642|-9.523809523809524|19.78021978021978]
909,2026-02-26 22:17:48,[31.501831501831504|51.282051282051285|73.99267399267399|76.92307692307692|106.22710622710623]
910,2026-02-26 22:17:48,[134.7985347985348|169.23076923076923|207.32600732600733|249.08424908424908|301.0989010989011]
911,2026-02-26 22:17:48,[361.9047619047619|421.24542124542126|460.8058608058608|490.84249084249086|507.6923076923077]
912,2026-02-26 22:17:48,[511.35531135531136|495.97069597069594|440.2930402930403|336.2637362637363|214.65201465201466]
913,2026-02-26 22:17:48,[76.92307692307692|-27.106227106227106|-120.87912087912088|-197.06959706959708|-249.8168498168498]
914,2026-02-26 22:17:48,[-286.4468864468864|-298.9010989010989|-295.23809523809524|-301.0989010989011|-301.83150183150184]
915,2026-02-26 22:17:48,[-297.43589743589746|-286.4468864468864|-267.3992673992674|-265.9340659340659|-267.3992673992674]
916,2026-02-26 22:17:48,[-253.4798534798535|-251.28205128205127|-243.2234432234432|-246.8864468864469|-248.35164835164835]
917,2026-02-26 22:17:48,[-239.56043956043956|-249.8168498168498|-248.35164835164835|-248.35164835164835|-241.75824175824175]
918,2026-02-26 22:17:48,[-243.95604395604394|-251.28205128205127|-254.94505494505495|-264.46886446886447|-261.53846153846155]
919,2026-02-26 22:17:48,[-264.46886446886447|-271.79487179487177|-268.13186813186815|-268.13186813186815|-258.6080586080586]
920,2026-02-26 22:17:48,[-255.67765567765568|-255.67765567765568|-252.74725274725276|-249.8168498168498|-241.75824175824175]
921,2026-02-26 22:17:48,[-227.83882783882783|-229.3040293040293|-226.37362637362637|-219.78021978021977|-216.11721611721612]
922,2026-02-26 22:17:49,[-220.51282051282053|-223.44322344322345|-202.93040293040292|-201.46520146520146|-201.46520146520146]
923,2026-02-26 22:17:49,[-200.0|-195.6043956043956|-191.94139194139194|-189.74358974358975|-170.6959706959707]
924,2026-02-26 22:17:49,[-156.04395604395606|-164.10256410256412|-144.32234432234432|-100.36630036630036|-94.50549450549451]
925,2026-02-26 22:17:49,[-109.89010989010988|-144.32234432234432|-182.41758241758242|-205.12820512820514|-205.86080586080587]
926,2026-02-26 22:17:49,[-204.3956043956044|-192.67399267399267|-172.16117216117217|-174.35897435897436|-171.42857142857142]
927,2026-02-26 22:17:49,[-41.75824175824176|384.61538461538464|1499.6336996336997|1499.6336996336997|592.6739926739926]
928,2026-02-26 22:17:49,[-649.8168498168499|-753.8461538461538|-430.7692307692308|-202.93040293040292|-142.85714285714286]
929,2026-02-26 22:17:49,[-141.3919413919414|-125.27472527472527|-101.83150183150182|-95.97069597069597|-81.31868131868131]
930,2026-02-26 22:17:49,[-79.12087912087912|-63.00366300366301|-48.35164835164835|-31.501831501831504|-13.91941391941392]
931,2026-02-26 22:17:49,[12.454212454212454|28.571428571428573|56.41025641025641|82.05128205128206|107.6923076923077]
932,2026-02-26 22:17:49,[150.1831501831502|186.8131868131868|246.8864468864469|301.0989010989011|359.7069597069597]
933,2026-02-26 22:17:49,[416.8498168498169|475.45787545787545|504.02930402930406|507.6923076923077|490.84249084249086]
934,2026-02-26 22:17:49,[462.27106227106225|398.53479853479854|295.23809523809524|158.24175824175825|22.71062271062271]
935,2026-02-26 22:17:49,[-79.85347985347985|-169.96336996336996|-238.0952380952381|-277.65567765567766|-302.56410256410254]
936,2026-02-26 22:17:49,[-317.2161172161172|-315.75091575091574|-331.86813186813185|-342.12454212454213|-336.2637362637363]
937,2026-02-26 22:17:49,[-311.35531135531136|-312.8205128205128|-305.4945054945055|-290.84249084249086|-286.4468864468864]
938,2026-02-26 22:17:49,[-276.1904761904762|-276.9230769230769|-273.2600732600733|-263.003663003663|-260.8058608058608]
939,2026-02-26 22:17:49,[-253.4798534798535|-262.27106227106225|-259.34065934065933|-263.003663003663|-261.53846153846155]
940,2026-02-26 22:17:49,[-259.34065934065933|-264.46886446886447|-263.003663003663|-258.6080586080586|-249.08424908424908]
941,2026-02-26 22:17:49,[-260.8058608058608|-266.6666666666667|-258.6080586080586|-243.95604395604394|-243.95604395604394]
942,2026-02-26 22:17:49,[-242.49084249084248|-226.37362637362637|-216.11721611721612|-227.83882783882783|-226.37362637362637]
943,2026-02-26 22:17:49,[-219.78021978021977|-216.11721611721612|-212.45421245421247|-208.7912087912088|-201.46520146520146]
944,2026-02-26 22:17:49,[-191.94139194139194|-193.4065934065934|-195.6043956043956|-180.95238095238096|-173.62637362637363]
945,2026-02-26 22:17:49,[-175.0915750915751|-169.23076923076923|-158.97435897435898|-158.24175824175825|-150.1831501831502]
946,2026-02-26 22:17:49,[-131.13553113553112|-130.4029304029304|-147.25274725274724|-118.68131868131869|-73.26007326007326]
947,2026-02-26 22:17:50,[-72.52747252747253|-88.64468864468864|-111.35531135531136|-145.05494505494505|-158.97435897435898]
948,2026-02-26 22:17:50,[-154.57875457875457|-134.06593406593407|-135.53113553113553|-141.3919413919414|-130.4029304029304]
949,2026-02-26 22:17:50,[-134.06593406593407|44.688644688644686|654.2124542124542|1499.6336996336997|1499.6336996336997]
950,2026-02-26 22:17:50,[220.51282051282053|-781.6849816849817|-610.2564102564103|-276.9230769230769|-143.5897435897436]
951,2026-02-26 22:17:50,[-120.87912087912088|-133.33333333333334|-112.08791208791209|-87.91208791208791|-71.06227106227107]
952,2026-02-26 22:17:50,[-49.08424908424909|-49.08424908424909|-35.8974358974359|-18.315018315018314|-6.593406593406593]
953,2026-02-26 22:17:50,[18.315018315018314|30.036630036630036|63.00366300366301|91.57509157509158|115.75091575091575]
954,2026-02-26 22:17:50,[139.9267399267399|184.6153846153846|227.83882783882783|265.2014652014652|318.68131868131866]
955,2026-02-26 22:17:50,[391.94139194139194|449.0842490842491|501.83150183150184|514.2857142857143|529.6703296703297]
956,2026-02-26 22:17:50,[515.018315018315|465.2014652014652|386.0805860805861|260.0732600732601|125.27472527472527]
957,2026-02-26 22:17:50,[6.593406593406593|-99.63369963369964|-173.62637362637363|-244.6886446886447|-290.84249084249086]
958,2026-02-26 22:17:50,[-306.959706959707|-308.42490842490844|-324.54212454212455|-333.3333333333333|-333.3333333333333]
959,2026-02-26 22:17:50,[-334.7985347985348|-333.3333333333333|-318.68131868131866|-306.959706959707|-302.56410256410254]
960,2026-02-26 22:17:50,[-295.97069597069594|-290.1098901098901|-284.98168498168496|-284.98168498168496|-282.05128205128204]
961,2026-02-26 22:17:50,[-284.98168498168496|-282.05128205128204|-271.79487179487177|-260.0732600732601|-254.94505494505495]
962,2026-02-26 22:17:50,[-258.6080586080586|-268.13186813186815|-252.74725274725276|-249.8168498168498|-252.74725274725276]
963,2026-02-26 22:17:50,[-251.28205128205127|-257.87545787545787|-258.6080586080586|-242.49084249084248|-227.1062271062271]
964,2026-02-26 22:17:50,[-220.51282051282053|-220.51282051282053|-227.83882783882783|-226.37362637362637|-226.37362637362637]
965,2026-02-26 22:17:50,[-213.1868131868132|-213.1868131868132|-201.46520146520146|-204.3956043956044|-208.7912087912088]
966,2026-02-26 22:17:50,[-192.67399267399267|-190.47619047619048|-192.67399267399267|-194.87179487179486|-188.2783882783883]
967,2026-02-26 22:17:50,[-153.1135531135531|-129.67032967032966|-115.01831501831502|-129.67032967032966|-172.16117216117217]
968,2026-02-26 22:17:50,[-203.66300366300365|-215.3846153846154|-201.46520146520146|-187.54578754578753|-183.15018315018315]
969,2026-02-26 22:17:50,[-170.6959706959707|-176.55677655677655|-166.3003663003663|12.454212454212454|600.0]
970,2026-02-26 22:17:50,[1499.6336996336997|1499.6336996336997|181.6849816849817|-826.3736263736264|-673.2600732600732]
971,2026-02-26 22:17:50,[-328.93772893772893|-159.7069597069597|-129.67032967032966|-142.85714285714286|-122.34432234432235]
972,2026-02-26 22:17:50,[-101.83150183150182|-93.77289377289377|-72.52747252747253|-53.47985347985348|-38.827838827838825]
973,2026-02-26 22:17:51,[-28.571428571428573|-13.91941391941392|10.989010989010989|30.036630036630036|54.21245421245421]
974,2026-02-26 22:17:51,[72.52747252747253|85.71428571428571|104.76190476190476|157.50915750915752|210.25641025641025]
975,2026-02-26 22:17:51,[268.86446886446885|321.61172161172163|380.2197802197802|432.967032967033|475.45787545787545]
976,2026-02-26 22:17:51,[507.6923076923077|506.2271062271062|487.1794871794872|447.6190476190476|362.6373626373626]
977,2026-02-26 22:17:51,[230.76923076923077|95.97069597069597|-30.036630036630036|-125.27472527472527|-193.4065934065934]
978,2026-02-26 22:17:51,[-250.54945054945054|-285.7142857142857|-302.56410256410254|-313.5531135531136|-309.8901098901099]
979,2026-02-26 22:17:51,[-310.6227106227106|-309.8901098901099|-305.4945054945055|-293.040293040293|-294.5054945054945]
980,2026-02-26 22:17:51,[-286.4468864468864|-283.5164835164835|-273.2600732600733|-261.53846153846155|-260.0732600732601]
981,2026-02-26 22:17:51,[-249.8168498168498|-243.2234432234432|-248.35164835164835|-252.74725274725276|-252.01465201465203]
982,2026-02-26 22:17:51,[-251.28205128205127|-248.35164835164835|-242.49084249084248|-243.95604395604394|-246.8864468864469]
983,2026-02-26 22:17:51,[-243.95604395604394|-252.74725274725276|-243.2234432234432|-250.54945054945054|-242.49084249084248]
984,2026-02-26 22:17:51,[-235.16483516483515|-230.76923076923077|-236.63003663003664|-227.1062271062271|-216.11721611721612]
985,2026-02-26 22:17:51,[-208.7912087912088|-208.7912087912088|-208.7912087912088|-201.46520146520146|-191.2087912087912]
986,2026-02-26 22:17:51,[-202.93040293040292|-202.93040293040292|-191.2087912087912|-180.95238095238096|-161.9047619047619]
987,2026-02-26 22:17:51,[-160.43956043956044|-134.06593406593407|-110.62271062271063|-98.16849816849818|-110.62271062271063]
988,2026-02-26 22:17:51,[-134.06593406593407|-167.76556776556777|-164.83516483516485|-160.43956043956044|-156.04395604395606]
989,2026-02-26 22:17:51,[-157.50915750915752|-141.3919413919414|-134.7985347985348|-119.41391941391942|66.66666666666667]
990,2026-02-26 22:17:51,[632.2344322344322|1499.6336996336997|1499.6336996336997|104.76190476190476|-810.989010989011]
991,2026-02-26 22:17:51,[-719.4139194139194|-399.26739926739924|-188.2783882783883|-126.73992673992674|-109.15750915750915]
992,2026-02-26 22:17:51,[-95.23809523809524|-79.85347985347985|-54.94505494505494|-36.63003663003663|-24.175824175824175]
993,2026-02-26 22:17:51,[-17.582417582417584|-2.93040293040293|20.512820512820515|28.571428571428573|54.94505494505494]
994,2026-02-26 22:17:51,[77.65567765567765|104.76190476190476|136.26373626373626|150.1831501831502|186.8131868131868]
995,2026-02-26 22:17:51,[224.9084249084249|288.64468864468864|352.3809523809524|403.6630036630037|456.4102564102564]
996,2026-02-26 22:17:51,[495.97069597069594|515.018315018315|514.2857142857143|485.7142857142857|452.01465201465203]
997,2026-02-26 22:17:52,[350.9157509157509|240.2930402930403|119.41391941391942|-16.84981684981685|-106.22710622710623]
998,2026-02-26 22:17:52,[-180.95238095238096|-246.8864468864469|-272.5274725274725|-296.7032967032967|-306.959706959707]
999,2026-02-26 22:17:52,[-303.2967032967033|-299.6336996336996|-298.16849816849816|-295.23809523809524|-293.7728937728938]
1000,2026-02-26 22:17:52,[-273.2600732600733|-264.46886446886447|-254.94505494505495|-260.0732600732601|-258.6080586080586]
1001,2026-02-26 22:17:52,[-251.28205128205127|-250.54945054945054|-241.75824175824175|-241.02564102564102|-252.74725274725276]
1002,2026-02-26 22:17:52,[-253.4798534798535|-257.87545787545787|-259.34065934065933|-265.9340659340659|-260.0732600732601]
1003,2026-02-26 22:17:52,[-254.21245421245422|-258.6080586080586|-265.2014652014652|-267.3992673992674|-259.34065934065933]
1004,2026-02-26 22:17:52,[-251.28205128205127|-257.87545787545787|-264.46886446886447|-260.0732600732601|-252.74725274725276]
1005,2026-02-26 22:17:52,[-254.21245421245422|-251.28205128205127|-248.35164835164835|-239.56043956043956|-229.3040293040293]
1006,2026-02-26 22:17:52,[-223.44322344322345|-227.83882783882783|-228.57142857142858|-219.04761904761904|-220.51282051282053]
1007,2026-02-26 22:17:52,[-216.84981684981685|-216.11721611721612|-200.73260073260073|-196.33699633699635|-172.8937728937729]
1008,2026-02-26 22:17:52,[-133.33333333333334|-110.62271062271063|-115.01831501831502|-144.32234432234432|-164.83516483516485]
1009,2026-02-26 22:17:52,[-201.46520146520146|-208.7912087912088|-201.46520146520146|-199.26739926739927|-180.95238095238096]
1010,2026-02-26 22:17:52,[-169.23076923076923|-189.01098901098902|-65.2014652014652|343.5897435897436|1468.8644688644688]
1011,2026-02-26 22:17:52,[1499.6336996336997|605.8608058608058|-674.7252747252747|-787.5457875457876|-448.35164835164835]
1012,2026-02-26 22:17:52,[-208.7912087912088|-147.25274725274724|-141.3919413919414|-125.27472527472527|-117.94871794871794]
1013,2026-02-26 22:17:52,[-101.83150183150182|-93.77289377289377|-90.10989010989012|-74.72527472527473|-67.3992673992674]
1014,2026-02-26 22:17:52,[-49.08424908424909|-21.245421245421245|-5.128205128205129|15.384615384615385|38.095238095238095]
1015,2026-02-26 22:17:52,[69.59706959706959|110.62271062271063|145.78754578754578|186.8131868131868|233.6996336996337]
1016,2026-02-26 22:17:52,[295.23809523809524|339.1941391941392|408.7912087912088|456.4102564102564|484.24908424908426]
1017,2026-02-26 22:17:52,[483.5164835164835|468.13186813186815|444.6886446886447|362.6373626373626|253.4798534798535]
1018,2026-02-26 22:17:52,[132.6007326007326|-3.663003663003663|-97.43589743589743|-173.62637362637363|-229.3040293040293]
1019,2026-02-26 22:17:52,[-275.45787545787545|-299.6336996336996|-309.8901098901099|-314.2857142857143|-312.8205128205128]
1020,2026-02-26 22:17:52,[-309.8901098901099|-309.8901098901099|-300.3663003663004|-299.6336996336996|-289.3772893772894]
1021,2026-02-26 22:17:52,[-284.98168498168496|-273.2600732600733|-261.53846153846155|-258.6080586080586|-263.003663003663]
1022,2026-02-26 22:17:53,[-255.67765567765568|-260.0732600732601|-254.94505494505495|-252.01465201465203|-251.28205128205127]
1023,2026-02-26 22:17:53,[-246.8864468864469|-257.87545787545787|-254.21245421245422|-254.21245421245422|-254.21245421245422]
1024,2026-02-26 22:17:53,[-258.6080586080586|-263.003663003663|-258.6080586080586|-260.0732600732601|-253.4798534798535]
1025,2026-02-26 22:17:53,[-248.35164835164835|-249.8168498168498|-248.35164835164835|-252.74725274725276|-251.28205128205127]
1026,2026-02-26 22:17:53,[-236.63003663003664|-236.63003663003664|-227.83882783882783|-224.9084249084249|-217.58241758241758]
1027,2026-02-26 22:17:53,[-216.84981684981685|-214.65201465201466|-207.32600732600733|-206.5934065934066|-193.4065934065934]
1028,2026-02-26 22:17:53,[-191.94139194139194|-178.75457875457874|-171.42857142857142|-175.0915750915751|-161.17216117216117]
1029,2026-02-26 22:17:53,[-153.1135531135531|-142.12454212454213|-142.85714285714286|-130.4029304029304|-88.64468864468864]
1030,2026-02-26 22:17:53,[-53.47985347985348|-67.3992673992674|-85.71428571428571|-126.73992673992674|-155.3113553113553]
1031,2026-02-26 22:17:53,[-153.84615384615384|-150.1831501831502|-136.996336996337|-147.25274725274724|-142.85714285714286]
1032,2026-02-26 22:17:53,[-155.3113553113553|-61.53846153846154|309.8901098901099|1423.4432234432234|1499.6336996336997]
1033,2026-02-26 22:17:53,[889.3772893772893|-539.92673992674|-743.5897435897435|-408.05860805860806|-171.42857142857142]
1034,2026-02-26 22:17:53,[-111.35531135531136|-120.14652014652015|-101.83150183150182|-83.51648351648352|-71.06227106227107]
1035,2026-02-26 22:17:53,[-59.34065934065934|-56.41025641025641|-38.827838827838825|-28.571428571428573|-6.593406593406593]
1036,2026-02-26 22:17:53,[21.978021978021978|32.234432234432234|50.54945054945055|76.19047619047619|113.55311355311355]
1037,2026-02-26 22:17:53,[132.6007326007326|160.43956043956044|202.93040293040292|251.28205128205127|304.02930402930406]
1038,2026-02-26 22:17:53,[361.17216117216117|432.967032967033|476.1904761904762|500.3663003663004|509.8901098901099]
1039,2026-02-26 22:17:53,[520.8791208791209|487.9120879120879|402.1978021978022|277.65567765567766|160.43956043956044]
1040,2026-02-26 22:17:53,[59.34065934065934|-65.2014652014652|-142.85714285714286|-215.3846153846154|-261.53846153846155]
1041,2026-02-26 22:17:53,[-277.65567765567766|-301.83150183150184|-306.959706959707|-306.959706959707|-310.6227106227106]
1042,2026-02-26 22:17:53,[-299.6336996336996|-293.7728937728938|-295.97069597069594|-287.9120879120879|-263.7362637362637]
1043,2026-02-26 22:17:53,[-253.4798534798535|-261.53846153846155|-265.9340659340659|-241.02564102564102|-241.02564102564102]
1044,2026-02-26 22:17:53,[-240.2930402930403|-226.37362637362637|-216.11721611721612|-213.1868131868132|-236.63003663003664]
1045,2026-02-26 22:17:53,[-241.02564102564102|-242.49084249084248|-235.16483516483515|-235.16483516483515|-221.24542124542126]
1046,2026-02-26 22:17:53,[-224.9084249084249|-230.76923076923077|-217.58241758241758|-224.9084249084249|-217.58241758241758]
1047,2026-02-26 22:17:53,[-217.58241758241758|-223.44322344322345|-224.9084249084249|-211.7216117216117|-201.46520146520146]
1048,2026-02-26 22:17:54,[-205.86080586080587|-208.05860805860806|-213.91941391941393|-205.86080586080587|-203.66300366300365]
1049,2026-02-26 22:17:54,[-202.1978021978022|-202.93040293040292|-205.12820512820514|-197.06959706959708|-197.06959706959708]
1050,2026-02-26 22:17:54,[-158.97435897435898|-167.03296703296704|-164.83516483516485|-160.43956043956044|-172.16117216117217]
1051,2026-02-26 22:17:54,[-161.17216117216117|-147.25274725274724|-149.45054945054946|-153.1135531135531|-153.1135531135531]
1052,2026-02-26 22:17:54,[-147.98534798534797|-144.32234432234432|-117.94871794871794|-98.9010989010989|-124.54212454212454]
1053,2026-02-26 22:17:54,[-131.86813186813185|-88.64468864468864|-49.81684981684982|-49.08424908424909|-67.3992673992674]
1054,2026-02-26 22:17:54,[-98.9010989010989|-145.78754578754578|-148.71794871794873|-144.32234432234432|-142.85714285714286]
1055,2026-02-26 22:17:54,[-127.47252747252747|-123.07692307692308|-126.73992673992674|-112.08791208791209|43.223443223443226]
1056,2026-02-26 22:17:54,[602.9304029304029|1499.6336996336997|1499.6336996336997|229.3040293040293|-775.8241758241758]
1057,2026-02-26 22:17:54,[-619.047619047619|-320.1465201465202|-152.38095238095238|-85.71428571428571|-120.14652014652015]
1058,2026-02-26 22:17:54,[-71.06227106227107|-65.2014652014652|-50.54945054945055|-1.465201465201465|-37.362637362637365]
1059,2026-02-26 22:17:54,[17.582417582417584|28.571428571428573|21.245421245421245|60.8058608058608|44.688644688644686]
1060,2026-02-26 22:17:54,[88.64468864468864|112.82051282051282|131.86813186813185|194.13919413919413|197.06959706959708]
1061,2026-02-26 22:17:54,[264.46886446886447|295.23809523809524|347.25274725274727|437.3626373626374|447.6190476190476]
1062,2026-02-26 22:17:54,[525.2747252747253|544.3223443223443|535.5311355311355|546.5201465201466|472.5274725274725]
1063,2026-02-26 22:17:54,[427.1062271062271|287.9120879120879|139.9267399267399|62.27106227106227|-101.83150183150182]
1064,2026-02-26 22:17:54,[-147.25274725274724|-235.89743589743588|-276.1904761904762|-265.9340659340659|-330.4029304029304]
1065,2026-02-26 22:17:54,[-290.84249084249086|-314.2857142857143|-332.6007326007326|-282.05128205128204|-342.12454212454213]
1066,2026-02-26 22:17:54,[-284.98168498168496|-295.23809523809524|-309.8901098901099|-261.53846153846155|-314.2857142857143]
1067,2026-02-26 22:17:54,[-265.9340659340659|-282.05128205128204|-323.0769230769231|-270.3296703296703|-320.1465201465202]
1068,2026-02-26 22:17:54,[-287.1794871794872|-298.16849816849816|-336.2637362637363|-290.84249084249086|-348.71794871794873]
1069,2026-02-26 22:17:54,[-313.5531135531136|-306.959706959707|-349.45054945054943|-293.7728937728938|-342.85714285714283]
1070,2026-02-26 22:17:54,[-306.959706959707|-287.9120879120879|-340.65934065934067|-283.5164835164835|-321.61172161172163]
1071,2026-02-26 22:17:54,[-286.4468864468864|-274.72527472527474|-321.61172161172163|-255.67765567765568|-302.56410256410254]
1072,2026-02-26 22:17:55,[-267.3992673992674|-254.21245421245422|-297.43589743589746|-236.63003663003664|-273.2600732600733]
1073,2026-02-26 22:17:55,[-249.8168498168498|-241.02564102564102|-272.5274725274725|-211.7216117216117|-262.27106227106225]
1074,2026-02-26 22:17:55,[-225.64102564102564|-205.86080586080587|-249.8168498168498|-188.2783882783883|-228.57142857142858]
1075,2026-02-26 22:17:55,[-200.0|-169.96336996336996|-170.6959706959707|-90.10989010989012|-147.25274725274724]
1076,2026-02-26 22:17:55,[-135.53113553113553|-167.03296703296704|-243.95604395604394|-173.62637362637363|-213.91941391941393]
1077,2026-02-26 22:17:55,[-173.62637362637363|-166.3003663003663|-207.32600732600733|-154.57875457875457|-119.41391941391942]
1078,2026-02-26 22:17:55,[179.48717948717947|945.7875457875458|1499.6336996336997|1030.7692307692307|-378.02197802197804]
1079,2026-02-26 22:17:55,[-830.0366300366301|-594.1391941391942|-389.010989010989|-161.9047619047619|-172.16117216117217]
1080,2026-02-26 22:17:55,[-135.53113553113553|-101.83150183150182|-148.71794871794873|-74.72527472527473|-110.62271062271063]
1081,2026-02-26 22:17:55,[-76.92307692307692|-30.76923076923077|-79.12087912087912|-3.663003663003663|-28.571428571428573]
1082,2026-02-26 22:17:55,[8.791208791208792|63.73626373626374|30.036630036630036|121.6117216117216|106.22710622710623]
1083,2026-02-26 22:17:55,[161.17216117216117|233.6996336996337|224.9084249084249|348.71794871794873|350.1831501831502]
1084,2026-02-26 22:17:55,[438.82783882783883|499.6336996336996|438.0952380952381|509.8901098901099|441.02564102564105]
1085,2026-02-26 22:17:55,[413.1868131868132|327.4725274725275|145.05494505494505|84.24908424908425|-86.44688644688645]
1086,2026-02-26 22:17:55,[-153.1135531135531|-190.47619047619048|-302.56410256410254|-274.72527472527474|-340.65934065934067]
1087,2026-02-26 22:17:55,[-323.0769230769231|-301.83150183150184|-368.4981684981685|-299.6336996336996|-337.72893772893775]
1088,2026-02-26 22:17:55,[-319.4139194139194|-286.4468864468864|-334.7985347985348|-258.6080586080586|-293.7728937728938]
1089,2026-02-26 22:17:55,[-270.3296703296703|-238.0952380952381|-289.3772893772894|-211.7216117216117|-260.8058608058608]
1090,2026-02-26 22:17:55,[-243.2234432234432|-209.52380952380952|-284.98168498168496|-216.11721611721612|-261.53846153846155]
1091,2026-02-26 22:17:55,[-249.8168498168498|-218.3150183150183|-285.7142857142857|-219.78021978021977|-260.8058608058608]
1092,2026-02-26 22:17:55,[-238.0952380952381|-202.93040293040292|-265.9340659340659|-200.0|-236.63003663003664]
1093,2026-02-26 22:17:55,[-217.58241758241758|-194.13919413919413|-263.7362637362637|-193.4065934065934|-229.3040293040293]
1094,2026-02-26 22:17:55,[-205.12820512820514|-179.48717948717947|-235.16483516483515|-161.9047619047619|-208.7912087912088]
1095,2026-02-26 22:17:55,[-195.6043956043956|-153.84615384615384|-217.58241758241758|-154.57875457875457|-192.67399267399267]
1096,2026-02-26 22:17:55,[-169.96336996336996|-133.33333333333334|-208.7912087912088|-141.3919413919414|-178.02197802197801]
1097,2026-02-26 22:17:56,[-152.38095238095238|-112.08791208791209|-182.41758241758242|-112.08791208791209|-150.1831501831502]
1098,2026-02-26 22:17:56,[-156.7765567765568|-88.64468864468864|-108.42490842490842|-27.83882783882784|-103.2967032967033]
1099,2026-02-26 22:17:56,[-113.55311355311355|-103.2967032967033|-191.94139194139194|-119.41391941391942|-164.83516483516485]
1100,2026-02-26 22:17:56,[-146.5201465201465|-95.97069597069597|-179.48717948717947|-116.48351648351648|10.989010989010989]
1101,2026-02-26 22:17:56,[600.0|1499.6336996336997|1499.6336996336997|295.97069597069594|-758.2417582417582]
1102,2026-02-26 22:17:56,[-616.1172161172161|-246.8864468864469|-158.24175824175825|-76.92307692307692|-119.41391941391942]
1103,2026-02-26 22:17:56,[-101.83150183150182|-41.75824175824176|-98.9010989010989|-12.454212454212454|-41.75824175824176]
1104,2026-02-26 22:17:56,[-15.384615384615385|43.223443223443226|-24.90842490842491|63.73626373626374|30.036630036630036]
1105,2026-02-26 22:17:56,[54.94505494505494|119.41391941391942|73.99267399267399|175.82417582417582|160.43956043956044]
1106,2026-02-26 22:17:56,[214.65201465201466|302.56410256410254|287.9120879120879|421.24542124542126|436.6300366300366]
