Packet_Number,Timestamp,Data
1,2026-02-27 00:09:47,-284.98168498168496|-294.5054945054945|-277.65567765567766|-293.7728937728938|-276.1904761904762
2,2026-02-27 00:09:47,-276.1904761904762|-263.7362637362637|-254.21245421245422|-263.003663003663|-243.95604395604394
3,2026-02-27 00:09:47,-249.8168498168498|-258.6080586080586|-249.8168498168498|-262.27106227106225|-254.94505494505495
4,2026-02-27 00:09:47,-260.0732600732601|-264.46886446886447|-263.003663003663|-286.4468864468864|-270.3296703296703
5,2026-02-27 00:09:47,-267.3992673992674|-273.992673992674|-266.6666666666667|-290.1098901098901|-282.05128205128204
6,2026-02-27 00:09:47,-273.992673992674|-268.86446886446885|-265.9340659340659|-276.1904761904762|-261.53846153846155
7,2026-02-27 00:09:47,-258.6080586080586|-253.4798534798535|-238.0952380952381|-242.49084249084248|-236.63003663003664
8,2026-02-27 00:09:47,-241.02564102564102|-238.0952380952381|-219.78021978021977|-227.1062271062271|-217.58241758241758
9,2026-02-27 00:09:47,-204.3956043956044|-192.67399267399267|-182.41758241758242|-192.67399267399267|-180.95238095238096
10,2026-02-27 00:09:47,-183.88278388278388|-193.4065934065934|-173.62637362637363|-189.01098901098902|-170.6959706959707
11,2026-02-27 00:09:47,-166.3003663003663|-165.56776556776558|-158.97435897435898|-150.1831501831502|-160.43956043956044
12,2026-02-27 00:09:47,-157.50915750915752|-183.88278388278388|-161.17216117216117|-160.43956043956044|-136.996336996337
13,2026-02-27 00:09:47,-119.41391941391942|-124.54212454212454|-126.00732600732601|-95.23809523809524|-52.014652014652015
14,2026-02-27 00:09:47,-55.67765567765568|-84.98168498168498|-109.15750915750915|-153.84615384615384|-154.57875457875457
15,2026-02-27 00:09:47,-141.3919413919414|-132.6007326007326|-125.27472527472527|-132.6007326007326|-129.67032967032966
16,2026-02-27 00:09:47,-123.07692307692308|16.84981684981685|408.05860805860806|1499.6336996336997|1499.6336996336997
17,2026-02-27 00:09:47,698.1684981684982|-522.3443223443223|-765.5677655677656|-487.1794871794872|-249.08424908424908
18,2026-02-27 00:09:47,-147.25274725274724|-129.67032967032966|-109.15750915750915|-103.2967032967033|-73.99267399267399
19,2026-02-27 00:09:47,-73.26007326007326|-65.2014652014652|-40.29304029304029|-33.6996336996337|-9.523809523809524
20,2026-02-27 00:09:47,-5.128205128205129|17.582417582417584|38.827838827838825|66.66666666666667|93.04029304029304
21,2026-02-27 00:09:47,109.15750915750915|156.04395604395606|204.3956043956044|251.28205128205127|310.6227106227106
22,2026-02-27 00:09:47,347.98534798534797|412.45421245421244|478.38827838827837|496.7032967032967|512.0879120879121
23,2026-02-27 00:09:47,503.2967032967033|488.64468864468864|425.64102564102564|320.1465201465202|215.3846153846154
24,2026-02-27 00:09:48,78.3882783882784|-32.967032967032964|-129.67032967032966|-216.11721611721612|-259.34065934065933
25,2026-02-27 00:09:48,-286.4468864468864|-313.5531135531136|-320.8791208791209|-321.61172161172163|-308.42490842490844
26,2026-02-27 00:09:48,-309.8901098901099|-299.6336996336996|-284.98168498168496|-285.7142857142857|-274.72527472527474
27,2026-02-27 00:09:48,-276.1904761904762|-265.9340659340659|-256.4102564102564|-262.27106227106225|-252.01465201465203
28,2026-02-27 00:09:48,-259.34065934065933|-258.6080586080586|-253.4798534798535|-268.86446886446885|-263.7362637362637
29,2026-02-27 00:09:48,-274.72527472527474|-290.84249084249086|-290.1098901098901|-295.23809523809524|-276.9230769230769
30,2026-02-27 00:09:48,-276.1904761904762|-267.3992673992674|-254.21245421245422|-248.35164835164835|-237.36263736263737
31,2026-02-27 00:09:48,-224.17582417582418|-215.3846153846154|-213.1868131868132|-227.83882783882783|-213.91941391941393
32,2026-02-27 00:09:48,-215.3846153846154|-214.65201465201466|-208.7912087912088|-220.51282051282053|-214.65201465201466
33,2026-02-27 00:09:48,-216.11721611721612|-210.25641025641025|-202.93040293040292|-215.3846153846154|-203.66300366300365
34,2026-02-27 00:09:48,-204.3956043956044|-205.86080586080587|-192.67399267399267|-191.2087912087912|-176.55677655677655
35,2026-02-27 00:09:48,-179.48717948717947|-172.16117216117217|-167.03296703296704|-178.75457875457874|-153.1135531135531
36,2026-02-27 00:09:48,-153.84615384615384|-147.25274725274724|-145.78754578754578|-146.5201465201465|-87.17948717948718
37,2026-02-27 00:09:48,-76.19047619047619|-73.99267399267399|-94.50549450549451|-134.06593406593407|-153.1135531135531
38,2026-02-27 00:09:48,-167.76556776556777|-166.3003663003663|-154.57875457875457|-158.97435897435898|-144.32234432234432
39,2026-02-27 00:09:48,-148.71794871794873|-134.06593406593407|52.014652014652015|626.3736263736264|1499.6336996336997
40,2026-02-27 00:09:48,1499.6336996336997|401.46520146520146|-693.7728937728938|-690.1098901098901|-356.7765567765568
41,2026-02-27 00:09:48,-169.23076923076923|-132.6007326007326|-120.87912087912088|-123.07692307692308|-96.7032967032967
42,2026-02-27 00:09:48,-79.85347985347985|-71.7948717948718|-55.67765567765568|-49.08424908424909|-27.106227106227106
43,2026-02-27 00:09:48,-19.78021978021978|-1.465201465201465|28.571428571428573|40.29304029304029|68.86446886446886
44,2026-02-27 00:09:48,97.43589743589743|135.53113553113553|179.48717948717947|210.25641025641025|273.2600732600733
45,2026-02-27 00:09:48,326.7399267399267|391.94139194139194|460.8058608058608|502.56410256410254|542.1245421245421
46,2026-02-27 00:09:48,547.2527472527472|541.3919413919414|512.0879120879121|431.5018315018315|336.2637362637363
47,2026-02-27 00:09:48,201.46520146520146|67.3992673992674|-40.29304029304029|-142.12454212454213|-197.06959706959708
48,2026-02-27 00:09:48,-262.27106227106225|-297.43589743589746|-309.15750915750914|-336.2637362637363|-336.2637362637363
49,2026-02-27 00:09:49,-340.65934065934067|-333.3333333333333|-320.1465201465202|-314.2857142857143|-295.97069597069594
50,2026-02-27 00:09:49,-294.5054945054945|-289.3772893772894|-275.45787545787545|-282.05128205128204|-271.06227106227107
51,2026-02-27 00:09:49,-271.79487179487177|-267.3992673992674|-263.003663003663|-275.45787545787545|-264.46886446886447
52,2026-02-27 00:09:49,-273.992673992674|-271.79487179487177|-272.5274725274725|-287.1794871794872|-271.79487179487177
53,2026-02-27 00:09:49,-282.7838827838828|-282.05128205128204|-272.5274725274725|-274.72527472527474|-260.0732600732601
54,2026-02-27 00:09:49,-263.7362637362637|-255.67765567765568|-247.61904761904762|-258.6080586080586|-246.8864468864469
55,2026-02-27 00:09:49,-250.54945054945054|-246.8864468864469|-227.1062271062271|-219.04761904761904|-183.15018315018315
56,2026-02-27 00:09:49,-201.46520146520146|-221.24542124542126|-223.44322344322345|-229.3040293040293|-213.1868131868132
57,2026-02-27 00:09:49,-213.1868131868132|-205.86080586080587|-197.06959706959708|-202.93040293040292|-179.48717948717947
58,2026-02-27 00:09:49,-183.88278388278388|-194.13919413919413|-172.16117216117217|-169.23076923076923|-166.3003663003663
59,2026-02-27 00:09:49,-161.17216117216117|-172.16117216117217|-146.5201465201465|-102.56410256410257|-78.3882783882784
60,2026-02-27 00:09:49,-84.98168498168498|-119.41391941391942|-173.62637362637363|-189.74358974358975|-164.83516483516485
61,2026-02-27 00:09:49,-182.41758241758242|-175.0915750915751|-153.1135531135531|-146.5201465201465|-235.16483516483515
62,2026-02-27 00:09:49,10.989010989010989|76.19047619047619|882.7838827838827|1499.6336996336997|1098.901098901099
63,2026-02-27 00:09:49,-157.50915750915752|-838.8278388278388|-600.0|-283.5164835164835|-146.5201465201465
64,2026-02-27 00:09:49,-131.13553113553112|-125.27472527472527|-109.15750915750915|-102.56410256410257|-87.17948717948718
65,2026-02-27 00:09:49,-71.06227106227107|-36.63003663003663|-40.29304029304029|-48.35164835164835|-38.095238095238095
66,2026-02-27 00:09:49,-5.128205128205129|42.49084249084249|38.827838827838825|53.47985347985348|116.48351648351648
67,2026-02-27 00:09:49,131.86813186813185|167.76556776556777|244.6886446886447|309.8901098901099|338.46153846153845
68,2026-02-27 00:09:49,373.6263736263736|451.28205128205127|510.6227106227106|522.3443223443223|556.0439560439561
69,2026-02-27 00:09:49,534.7985347985348|535.5311355311355|404.3956043956044|263.7362637362637|175.0915750915751
70,2026-02-27 00:09:49,21.245421245421245|-62.27106227106227|-172.16117216117217|-311.35531135531136|-311.35531135531136
71,2026-02-27 00:09:49,-358.24175824175825|-346.5201465201465|-347.25274725274727|-361.17216117216117|-334.7985347985348
72,2026-02-27 00:09:49,-267.3992673992674|-311.35531135531136|-395.6043956043956|-381.68498168498166|-298.16849816849816
73,2026-02-27 00:09:49,-289.3772893772894|-310.6227106227106|-239.56043956043956|-274.72527472527474|-337.72893772893775
74,2026-02-27 00:09:49,-301.0989010989011|-249.8168498168498|-347.98534798534797|-336.2637362637363|-298.16849816849816
75,2026-02-27 00:09:50,-306.959706959707|-311.35531135531136|-332.6007326007326|-309.15750915750914|-282.05128205128204
76,2026-02-27 00:09:50,-293.7728937728938|-257.87545787545787|-267.3992673992674|-301.83150183150184|-326.007326007326
77,2026-02-27 00:09:50,-284.24908424908426|-263.003663003663|-271.79487179487177|-241.02564102564102|-224.9084249084249
78,2026-02-27 00:09:50,-295.97069597069594|-208.05860805860806|-216.84981684981685|-214.65201465201466|-216.84981684981685
79,2026-02-27 00:09:50,-214.65201465201466|-183.88278388278388|-308.42490842490844|-284.24908424908426|-220.51282051282053
80,2026-02-27 00:09:50,-216.11721611721612|-219.04761904761904|-216.11721611721612|-200.0|-178.02197802197801
81,2026-02-27 00:09:50,-223.44322344322345|-227.1062271062271|-249.8168498168498|-218.3150183150183|-191.2087912087912
82,2026-02-27 00:09:50,-214.65201465201466|-191.2087912087912|-168.4981684981685|-123.80952380952381|-121.6117216117216
83,2026-02-27 00:09:50,-131.13553113553112|-100.36630036630036|-177.28937728937728|-150.1831501831502|-183.88278388278388
84,2026-02-27 00:09:50,-180.21978021978023|-190.47619047619048|-158.97435897435898|-132.6007326007326|-219.78021978021977
85,2026-02-27 00:09:50,-142.12454212454213|271.79487179487177|1240.2930402930403|1499.6336996336997|849.0842490842491
86,2026-02-27 00:09:50,-443.2234432234432|-723.0769230769231|-462.27106227106225|-205.12820512820514|-76.19047619047619
87,2026-02-27 00:09:50,-178.02197802197801|-148.71794871794873|-114.28571428571429|-109.15750915750915|-73.26007326007326
88,2026-02-27 00:09:50,-122.34432234432235|-18.315018315018314|-72.52747252747253|-51.282051282051285|-29.304029304029303
89,2026-02-27 00:09:50,-49.81684981684982|10.989010989010989|30.76923076923077|65.2014652014652|122.34432234432235
90,2026-02-27 00:09:50,160.43956043956044|134.7985347985348|278.38827838827837|361.9047619047619|295.97069597069594
91,2026-02-27 00:09:50,355.3113553113553|452.01465201465203|506.2271062271062|547.2527472527472|498.9010989010989
92,2026-02-27 00:09:50,465.2014652014652|435.8974358974359|315.01831501831504|218.3150183150183|113.55311355311355
93,2026-02-27 00:09:50,55.67765567765568|-75.45787545787546|-230.76923076923077|-227.83882783882783|-251.28205128205127
94,2026-02-27 00:09:50,-290.84249084249086|-321.61172161172163|-352.3809523809524|-298.16849816849816|-251.28205128205127
95,2026-02-27 00:09:50,-306.959706959707|-289.3772893772894|-257.87545787545787|-196.33699633699635|-301.0989010989011
96,2026-02-27 00:09:50,-302.56410256410254|-267.3992673992674|-283.5164835164835|-248.35164835164835|-238.0952380952381
97,2026-02-27 00:09:50,-219.04761904761904|-227.83882783882783|-290.84249084249086|-301.0989010989011|-201.46520146520146
98,2026-02-27 00:09:50,-261.53846153846155|-311.35531135531136|-271.79487179487177|-204.3956043956044|-250.54945054945054
99,2026-02-27 00:09:51,-320.1465201465202|-287.1794871794872|-190.47619047619048|-242.49084249084248|-331.13553113553115
100,2026-02-27 00:09:51,-310.6227106227106|-287.9120879120879|-229.3040293040293|-204.3956043956044|-303.2967032967033
101,2026-02-27 00:09:51,-293.7728937728938|-201.46520146520146|-224.17582417582418|-282.05128205128204|-237.36263736263737
102,2026-02-27 00:09:51,-126.00732600732601|-249.8168498168498|-226.37362637362637|-153.1135531135531|-195.6043956043956
103,2026-02-27 00:09:51,-230.03663003663004|-208.05860805860806|-131.86813186813185|-117.94871794871794|-131.86813186813185
104,2026-02-27 00:09:51,-100.36630036630036|-123.07692307692308|-190.47619047619048|-214.65201465201466|-158.24175824175825
105,2026-02-27 00:09:51,-189.74358974358975|-164.83516483516485|-156.7765567765568|-191.2087912087912|-134.7985347985348
106,2026-02-27 00:09:51,-136.996336996337|147.98534798534797|828.5714285714286|1499.6336996336997|1193.4065934065934
107,2026-02-27 00:09:51,-202.93040293040292|-741.3919413919414|-646.8864468864468|-396.3369963369963|-123.80952380952381
108,2026-02-27 00:09:51,-103.2967032967033|-169.23076923076923|-211.7216117216117|-128.2051282051282|-74.72527472527473
109,2026-02-27 00:09:51,-47.61904761904762|-60.8058608058608|-109.15750915750915|-8.058608058608058|-9.523809523809524
110,2026-02-27 00:09:51,-16.84981684981685|10.989010989010989|81.31868131868131|38.095238095238095|92.3076923076923
111,2026-02-27 00:09:51,134.06593406593407|134.06593406593407|258.6080586080586|320.1465201465202|279.8534798534798
112,2026-02-27 00:09:51,381.68498168498166|416.8498168498169|484.98168498168496|452.01465201465203|453.4798534798535
113,2026-02-27 00:09:51,548.7179487179487|421.24542124542126|255.67765567765568|186.08058608058607|97.43589743589743
114,2026-02-27 00:09:51,38.095238095238095|-158.24175824175825|-223.44322344322345|-204.3956043956044|-274.72527472527474
115,2026-02-27 00:09:51,-330.4029304029304|-240.2930402930403|-276.1904761904762|-278.38827838827837|-301.0989010989011
116,2026-02-27 00:09:51,-325.27472527472526|-252.74725274725276|-275.45787545787545|-271.79487179487177|-261.53846153846155
117,2026-02-27 00:09:51,-226.37362637362637|-246.8864468864469|-235.89743589743588|-253.4798534798535|-261.53846153846155
118,2026-02-27 00:09:51,-220.51282051282053|-204.3956043956044|-296.7032967032967|-223.44322344322345|-235.16483516483515
119,2026-02-27 00:09:51,-262.27106227106225|-290.84249084249086|-254.94505494505495|-189.74358974358975|-248.35164835164835
120,2026-02-27 00:09:51,-287.9120879120879|-243.95604395604394|-246.15384615384616|-271.79487179487177|-274.72527472527474
121,2026-02-27 00:09:51,-246.8864468864469|-208.7912087912088|-240.2930402930403|-230.76923076923077|-227.83882783882783
122,2026-02-27 00:09:51,-227.83882783882783|-238.0952380952381|-208.05860805860806|-207.32600732600733|-208.7912087912088
123,2026-02-27 00:09:51,-165.56776556776558|-194.13919413919413|-249.08424908424908|-173.62637362637363|-183.88278388278388
124,2026-02-27 00:09:52,-213.1868131868132|-188.2783882783883|-132.6007326007326|-169.96336996336996|-226.37362637362637
125,2026-02-27 00:09:52,-143.5897435897436|-177.28937728937728|-131.13553113553112|-43.956043956043956|-100.36630036630036
126,2026-02-27 00:09:52,-203.66300366300365|-215.3846153846154|-148.71794871794873|-136.996336996337|-216.84981684981685
127,2026-02-27 00:09:52,-157.50915750915752|-156.04395604395606|-238.0952380952381|-169.23076923076923|89.37728937728937
128,2026-02-27 00:09:52,630.7692307692307|1499.6336996336997|1499.6336996336997|85.71428571428571|-790.4761904761905
129,2026-02-27 00:09:52,-541.3919413919414|-196.33699633699635|-154.57875457875457|-194.13919413919413|-119.41391941391942
130,2026-02-27 00:09:52,-76.92307692307692|-141.3919413919414|-97.43589743589743|-84.24908424908425|-53.47985347985348
131,2026-02-27 00:09:52,-119.41391941391942|-56.41025641025641|-13.186813186813186|10.989010989010989|8.058608058608058
132,2026-02-27 00:09:52,28.571428571428573|120.14652014652015|65.2014652014652|102.56410256410257|167.76556776556777
133,2026-02-27 00:09:52,195.6043956043956|238.0952380952381|314.2857142857143|393.4065934065934|393.4065934065934
134,2026-02-27 00:09:52,457.14285714285717|532.6007326007326|454.94505494505495|468.13186813186815|439.56043956043953
135,2026-02-27 00:09:52,339.1941391941392|213.91941391941393|123.07692307692308|30.036630036630036|-82.78388278388279
136,2026-02-27 00:09:52,-192.67399267399267|-246.8864468864469|-258.6080586080586|-283.5164835164835|-285.7142857142857
137,2026-02-27 00:09:52,-321.61172161172163|-285.7142857142857|-284.98168498168496|-301.0989010989011|-301.83150183150184
138,2026-02-27 00:09:52,-286.4468864468864|-251.28205128205127|-296.7032967032967|-268.86446886446885|-221.97802197802199
139,2026-02-27 00:09:52,-266.6666666666667|-263.7362637362637|-194.13919413919413|-216.11721611721612|-287.1794871794872
140,2026-02-27 00:09:52,-262.27106227106225|-266.6666666666667|-274.72527472527474|-263.7362637362637|-258.6080586080586
141,2026-02-27 00:09:52,-229.3040293040293|-273.2600732600733|-290.84249084249086|-252.74725274725276|-258.6080586080586
142,2026-02-27 00:09:52,-263.003663003663|-208.7912087912088|-254.21245421245422|-270.3296703296703|-195.6043956043956
143,2026-02-27 00:09:52,-224.9084249084249|-275.45787545787545|-249.8168498168498|-202.93040293040292|-204.3956043956044
144,2026-02-27 00:09:52,-216.11721611721612|-246.8864468864469|-214.65201465201466|-167.03296703296704|-220.51282051282053
145,2026-02-27 00:09:52,-194.13919413919413|-192.67399267399267|-212.45421245421247|-200.0|-180.95238095238096
146,2026-02-27 00:09:52,-189.01098901098902|-171.42857142857142|-197.8021978021978|-146.5201465201465|-164.83516483516485
147,2026-02-27 00:09:52,-197.06959706959708|-156.04395604395606|-97.43589743589743|-66.66666666666667|-114.28571428571429
148,2026-02-27 00:09:52,-85.71428571428571|-71.06227106227107|-166.3003663003663|-180.21978021978023|-123.07692307692308
149,2026-02-27 00:09:52,-170.6959706959707|-172.8937728937729|-143.5897435897436|-109.15750915750915|-211.7216117216117
150,2026-02-27 00:09:53,-183.88278388278388|119.41391941391942|955.3113553113553|1499.6336996336997|1364.8351648351647
151,2026-02-27 00:09:53,-111.35531135531136|-693.040293040293|-438.82783882783883|-213.1868131868132|-135.53113553113553
152,2026-02-27 00:09:53,-105.49450549450549|-115.01831501831502|-107.6923076923077|-37.362637362637365|-78.3882783882784
153,2026-02-27 00:09:53,-40.29304029304029|-68.13186813186813|-52.747252747252745|-21.245421245421245|-41.02564102564103
154,2026-02-27 00:09:53,-7.326007326007326|15.384615384615385|60.8058608058608|85.71428571428571|71.7948717948718
155,2026-02-27 00:09:53,173.62637362637363|164.83516483516485|232.23443223443223|289.3772893772894|299.6336996336996
156,2026-02-27 00:09:53,380.2197802197802|465.2014652014652|494.5054945054945|531.8681318681319|462.27106227106225
157,2026-02-27 00:09:53,486.4468864468864|491.57509157509156|347.25274725274727|249.8168498168498|79.12087912087912
158,2026-02-27 00:09:53,-38.095238095238095|-71.06227106227107|-178.02197802197801|-202.1978021978022|-311.35531135531136
159,2026-02-27 00:09:53,-284.98168498168496|-287.9120879120879|-340.65934065934067|-305.4945054945055|-313.5531135531136
160,2026-02-27 00:09:53,-290.84249084249086|-289.3772893772894|-294.5054945054945|-282.05128205128204|-254.94505494505495
161,2026-02-27 00:09:53,-289.3772893772894|-226.37362637362637|-298.16849816849816|-263.003663003663|-241.02564102564102
162,2026-02-27 00:09:53,-260.0732600732601|-262.27106227106225|-259.34065934065933|-260.0732600732601|-265.9340659340659
163,2026-02-27 00:09:53,-190.47619047619048|-273.2600732600733|-334.0659340659341|-286.4468864468864|-254.21245421245422
164,2026-02-27 00:09:53,-267.3992673992674|-263.003663003663|-276.1904761904762|-251.28205128205127|-241.75824175824175
165,2026-02-27 00:09:53,-253.4798534798535|-238.0952380952381|-270.3296703296703|-237.36263736263737|-260.0732600732601
166,2026-02-27 00:09:53,-240.2930402930403|-260.0732600732601|-242.49084249084248|-197.06959706959708|-228.57142857142858
167,2026-02-27 00:09:53,-227.83882783882783|-238.82783882783883|-200.0|-147.98534798534797|-265.9340659340659
168,2026-02-27 00:09:53,-225.64102564102564|-195.6043956043956|-205.86080586080587|-180.21978021978023|-170.6959706959707
169,2026-02-27 00:09:53,-188.2783882783883|-214.65201465201466|-128.2051282051282|-171.42857142857142|-216.84981684981685
170,2026-02-27 00:09:53,-131.13553113553112|-150.1831501831502|-219.04761904761904|-155.3113553113553|-147.98534798534797
171,2026-02-27 00:09:53,-158.97435897435898|-154.57875457875457|-112.82051282051282|-100.36630036630036|-115.01831501831502
172,2026-02-27 00:09:53,-170.6959706959707|-98.16849816849818|-48.35164835164835|-62.27106227106227|-95.97069597069597
173,2026-02-27 00:09:53,-83.51648351648352|-134.06593406593407|-182.41758241758242|-142.12454212454213|-123.80952380952381
174,2026-02-27 00:09:53,-112.08791208791209|-131.13553113553112|-129.67032967032966|-119.41391941391942|-113.55311355311355
175,2026-02-27 00:09:54,205.86080586080587|1189.7435897435898|1499.6336996336997|990.4761904761905|-346.5201465201465
176,2026-02-27 00:09:54,-639.5604395604396|-344.32234432234435|-153.1135531135531|-41.02564102564103|-103.2967032967033
177,2026-02-27 00:09:54,-156.04395604395606|-108.42490842490842|-38.827838827838825|-66.66666666666667|-82.78388278388279
178,2026-02-27 00:09:54,-12.454212454212454|-2.197802197802198|-54.94505494505494|-13.91941391941392|68.13186813186813
179,2026-02-27 00:09:54,46.15384615384615|42.49084249084249|128.2051282051282|117.21611721611721|111.35531135531136
180,2026-02-27 00:09:54,198.53479853479854|249.8168498168498|275.45787545787545|402.1978021978022|392.6739926739927
181,2026-02-27 00:09:54,402.9304029304029|476.9230769230769|509.15750915750914|525.2747252747253|522.3443223443223
182,2026-02-27 00:09:54,425.64102564102564|350.9157509157509|210.98901098901098|73.99267399267399|6.593406593406593
183,2026-02-27 00:09:54,-75.45787545787546|-157.50915750915752|-128.2051282051282|-252.74725274725276|-296.7032967032967
184,2026-02-27 00:09:54,-309.8901098901099|-276.1904761904762|-286.4468864468864|-328.93772893772893|-266.6666666666667
185,2026-02-27 00:09:54,-272.5274725274725|-259.34065934065933|-273.2600732600733|-274.72527472527474|-236.63003663003664
186,2026-02-27 00:09:54,-200.73260073260073|-207.32600732600733|-249.8168498168498|-188.2783882783883|-204.3956043956044
187,2026-02-27 00:09:54,-282.05128205128204|-243.95604395604394|-218.3150183150183|-207.32600732600733|-166.3003663003663
188,2026-02-27 00:09:54,-259.34065934065933|-296.7032967032967|-203.66300366300365|-276.1904761904762|-261.53846153846155
189,2026-02-27 00:09:54,-229.3040293040293|-221.97802197802199|-205.86080586080587|-239.56043956043956|-246.8864468864469
190,2026-02-27 00:09:54,-252.74725274725276|-240.2930402930403|-217.58241758241758|-216.84981684981685|-182.41758241758242
191,2026-02-27 00:09:54,-173.62637362637363|-200.0|-242.49084249084248|-159.7069597069597|-156.04395604395606
192,2026-02-27 00:09:54,-131.13553113553112|-223.44322344322345|-226.37362637362637|-168.4981684981685|-157.50915750915752
193,2026-02-27 00:09:54,-187.54578754578753|-203.66300366300365|-147.98534798534797|-85.71428571428571|-226.37362637362637
194,2026-02-27 00:09:54,-188.2783882783883|-181.6849816849817|-166.3003663003663|-120.14652014652015|-195.6043956043956
195,2026-02-27 00:09:54,-205.86080586080587|-171.42857142857142|-95.97069597069597|-183.15018315018315|-213.1868131868132
196,2026-02-27 00:09:54,-164.83516483516485|-144.32234432234432|-114.28571428571429|-108.42490842490842|-158.97435897435898
197,2026-02-27 00:09:54,-164.83516483516485|-135.53113553113553|-99.63369963369964|-64.46886446886447|-64.46886446886447
198,2026-02-27 00:09:54,-72.52747252747253|-90.10989010989012|-135.53113553113553|-146.5201465201465|-143.5897435897436
199,2026-02-27 00:09:55,-117.94871794871794|-126.73992673992674|-143.5897435897436|-129.67032967032966|-147.25274725274724
200,2026-02-27 00:09:55,-124.54212454212454|101.83150183150182|708.4249084249084|1499.6336996336997|1499.6336996336997
201,2026-02-27 00:09:55,134.06593406593407|-718.6813186813187|-619.047619047619|-308.42490842490844|-145.78754578754578
202,2026-02-27 00:09:55,-101.83150183150182|-106.22710622710623|-79.85347985347985|-47.61904761904762|-47.61904761904762
203,2026-02-27 00:09:55,-12.454212454212454|-8.058608058608058|4.395604395604396|37.362637362637365|29.304029304029303
204,2026-02-27 00:09:55,44.688644688644686|85.71428571428571|113.55311355311355|115.01831501831502|134.06593406593407
205,2026-02-27 00:09:55,178.75457875457874|224.9084249084249|261.53846153846155|314.2857142857143|371.42857142857144
206,2026-02-27 00:09:55,441.75824175824175|506.2271062271062|542.1245421245421|570.6959706959707|558.974358974359
207,2026-02-27 00:09:55,549.4505494505495|520.8791208791209|447.6190476190476|334.7985347985348|195.6043956043956
208,2026-02-27 00:09:55,76.92307692307692|-25.641025641025642|-123.80952380952381|-202.93040293040292|-251.28205128205127
209,2026-02-27 00:09:55,-265.9340659340659|-287.1794871794872|-299.6336996336996|-293.7728937728938|-300.3663003663004
210,2026-02-27 00:09:55,-296.7032967032967|-296.7032967032967|-284.98168498168496|-263.003663003663|-265.9340659340659
211,2026-02-27 00:09:55,-254.21245421245422|-242.49084249084248|-248.35164835164835|-238.0952380952381|-243.95604395604394
212,2026-02-27 00:09:55,-239.56043956043956|-241.75824175824175|-254.21245421245422|-227.83882783882783|-229.3040293040293
213,2026-02-27 00:09:55,-216.84981684981685|-229.3040293040293|-246.8864468864469|-239.56043956043956|-235.16483516483515
214,2026-02-27 00:09:55,-241.75824175824175|-238.0952380952381|-235.16483516483515|-216.11721611721612|-208.05860805860806
215,2026-02-27 00:09:55,-206.5934065934066|-205.86080586080587|-213.1868131868132|-197.06959706959708|-192.67399267399267
216,2026-02-27 00:09:55,-190.47619047619048|-188.2783882783883|-190.47619047619048|-189.01098901098902|-191.2087912087912
217,2026-02-27 00:09:55,-182.41758241758242|-174.35897435897436|-180.95238095238096|-182.41758241758242|-183.15018315018315
218,2026-02-27 00:09:55,-172.8937728937729|-158.97435897435898|-154.57875457875457|-148.71794871794873|-153.1135531135531
219,2026-02-27 00:09:55,-149.45054945054946|-150.1831501831502|-155.3113553113553|-153.1135531135531|-156.04395604395606
220,2026-02-27 00:09:55,-157.50915750915752|-154.57875457875457|-149.45054945054946|-142.85714285714286|-131.13553113553112
221,2026-02-27 00:09:55,-125.27472527472527|-122.34432234432235|-132.6007326007326|-137.72893772893772|-102.56410256410257
222,2026-02-27 00:09:55,-64.46886446886447|-59.34065934065934|-87.17948717948718|-122.34432234432235|-153.84615384615384
223,2026-02-27 00:09:55,-172.8937728937729|-170.6959706959707|-168.4981684981685|-167.76556776556777|-164.10256410256412
224,2026-02-27 00:09:55,-135.53113553113553|-150.1831501831502|-38.827838827838825|349.45054945054943|1393.4065934065934
225,2026-02-27 00:09:56,1499.6336996336997|873.992673992674|-437.3626373626374|-720.1465201465202|-421.97802197802196
226,2026-02-27 00:09:56,-208.05860805860806|-129.67032967032966|-124.54212454212454|-108.42490842490842|-112.08791208791209
227,2026-02-27 00:09:56,-84.24908424908425|-72.52747252747253|-79.12087912087912|-72.52747252747253|-60.8058608058608
228,2026-02-27 00:09:56,-34.43223443223443|-8.058608058608058|10.989010989010989|60.8058608058608|68.13186813186813
229,2026-02-27 00:09:56,84.98168498168498|125.27472527472527|161.9047619047619|213.91941391941393|263.003663003663
230,2026-02-27 00:09:56,321.61172161172163|393.4065934065934|454.2124542124542|522.3443223443223|555.3113553113553
231,2026-02-27 00:09:56,575.0915750915751|568.4981684981685|526.007326007326|473.992673992674|383.1501831501831
232,2026-02-27 00:09:56,249.08424908424908|115.01831501831502|-5.128205128205129|-98.16849816849818|-178.02197802197801
233,2026-02-27 00:09:56,-239.56043956043956|-254.94505494505495|-295.97069597069594|-318.68131868131866|-328.93772893772893
234,2026-02-27 00:09:56,-317.94871794871796|-318.68131868131866|-320.1465201465202|-299.6336996336996|-289.3772893772894
235,2026-02-27 00:09:56,-309.15750915750914|-287.1794871794872|-277.65567765567766|-268.13186813186815|-266.6666666666667
236,2026-02-27 00:09:56,-260.8058608058608|-251.28205128205127|-255.67765567765568|-252.74725274725276|-251.28205128205127
237,2026-02-27 00:09:56,-248.35164835164835|-248.35164835164835|-255.67765567765568|-253.4798534798535|-263.003663003663
238,2026-02-27 00:09:56,-270.3296703296703|-271.79487179487177|-270.3296703296703|-262.27106227106225|-254.21245421245422
239,2026-02-27 00:09:56,-254.21245421245422|-254.21245421245422|-258.6080586080586|-243.95604395604394|-246.8864468864469
240,2026-02-27 00:09:56,-238.0952380952381|-228.57142857142858|-228.57142857142858|-219.78021978021977|-223.44322344322345
241,2026-02-27 00:09:56,-224.9084249084249|-220.51282051282053|-218.3150183150183|-216.11721611721612|-207.32600732600733
242,2026-02-27 00:09:56,-202.93040293040292|-207.32600732600733|-202.1978021978022|-191.2087912087912|-183.88278388278388
243,2026-02-27 00:09:56,-180.95238095238096|-180.95238095238096|-191.2087912087912|-168.4981684981685|-157.50915750915752
244,2026-02-27 00:09:56,-158.24175824175825|-157.50915750915752|-154.57875457875457|-149.45054945054946|-153.1135531135531
245,2026-02-27 00:09:56,-148.71794871794873|-144.32234432234432|-153.1135531135531|-145.78754578754578|-136.996336996337
246,2026-02-27 00:09:56,-129.67032967032966|-126.73992673992674|-136.996336996337|-123.07692307692308|-115.01831501831502
247,2026-02-27 00:09:56,-122.34432234432235|-82.78388278388279|-41.02564102564103|-28.571428571428573|-64.46886446886447
248,2026-02-27 00:09:56,-87.17948717948718|-112.08791208791209|-135.53113553113553|-125.27472527472527|-123.07692307692308
249,2026-02-27 00:09:56,-120.87912087912088|-115.01831501831502|-112.08791208791209|-122.34432234432235|-27.106227106227106
250,2026-02-27 00:09:57,356.04395604395603|1404.3956043956043|1499.6336996336997|1022.7106227106227|-379.4871794871795
251,2026-02-27 00:09:57,-744.3223443223443|-442.4908424908425|-207.32600732600733|-112.82051282051282|-125.27472527472527
252,2026-02-27 00:09:57,-115.75091575091575|-94.50549450549451|-72.52747252747253|-59.34065934065934|-49.81684981684982
253,2026-02-27 00:09:57,-37.362637362637365|-30.036630036630036|-16.84981684981685|14.652014652014651|18.315018315018314
254,2026-02-27 00:09:57,40.29304029304029|68.86446886446886|87.91208791208791|115.01831501831502|151.64835164835165
255,2026-02-27 00:09:57,197.06959706959708|250.54945054945054|308.42490842490844|380.2197802197802|436.6300366300366
256,2026-02-27 00:09:57,491.57509157509156|541.3919413919414|548.7179487179487|548.7179487179487|533.3333333333334
257,2026-02-27 00:09:57,489.3772893772894|402.1978021978022|277.65567765567766|145.78754578754578|8.058608058608058
258,2026-02-27 00:09:57,-94.50549450549451|-174.35897435897436|-238.0952380952381|-270.3296703296703|-299.6336996336996
259,2026-02-27 00:09:57,-321.61172161172163|-333.3333333333333|-344.32234432234435|-336.996336996337|-340.65934065934067
260,2026-02-27 00:09:57,-324.54212454212455|-321.61172161172163|-317.2161172161172|-306.959706959707|-307.6923076923077
261,2026-02-27 00:09:57,-294.5054945054945|-275.45787545787545|-289.3772893772894|-282.7838827838828|-277.65567765567766
262,2026-02-27 00:09:57,-273.2600732600733|-273.2600732600733|-273.2600732600733|-262.27106227106225|-276.1904761904762
263,2026-02-27 00:09:57,-264.46886446886447|-261.53846153846155|-276.1904761904762|-271.79487179487177|-276.9230769230769
264,2026-02-27 00:09:57,-277.65567765567766|-267.3992673992674|-271.79487179487177|-275.45787545787545|-265.9340659340659
265,2026-02-27 00:09:57,-263.7362637362637|-266.6666666666667|-258.6080586080586|-241.02564102564102|-246.8864468864469
266,2026-02-27 00:09:57,-241.02564102564102|-238.0952380952381|-208.7912087912088|-204.3956043956044|-228.57142857142858
267,2026-02-27 00:09:57,-209.52380952380952|-214.65201465201466|-214.65201465201466|-208.7912087912088|-214.65201465201466
268,2026-02-27 00:09:57,-201.46520146520146|-191.2087912087912|-197.06959706959708|-182.41758241758242|-191.2087912087912
269,2026-02-27 00:09:57,-169.96336996336996|-170.6959706959707|-170.6959706959707|-156.04395604395606|-160.43956043956044
270,2026-02-27 00:09:57,-148.71794871794873|-154.57875457875457|-155.3113553113553|-153.1135531135531|-148.71794871794873
271,2026-02-27 00:09:57,-144.32234432234432|-131.13553113553112|-131.13553113553112|-123.80952380952381|-131.86813186813185
272,2026-02-27 00:09:57,-122.34432234432235|-118.68131868131869|-115.75091575091575|-94.50549450549451|-87.17948717948718
273,2026-02-27 00:09:57,-90.10989010989012|-73.99267399267399|-32.967032967032964|-20.512820512820515|-38.827838827838825
274,2026-02-27 00:09:58,-64.46886446886447|-100.36630036630036|-125.27472527472527|-123.80952380952381|-112.08791208791209
275,2026-02-27 00:09:58,-106.22710622710623|-108.42490842490842|-105.49450549450549|-108.42490842490842|-50.54945054945055
276,2026-02-27 00:09:58,226.37362637362637|1060.0732600732601|1499.6336996336997|1433.6996336996338|-87.91208791208791
277,2026-02-27 00:09:58,-764.8351648351648|-541.3919413919414|-264.46886446886447|-120.87912087912088|-108.42490842490842
278,2026-02-27 00:09:58,-89.37728937728937|-73.26007326007326|-55.67765567765568|-34.43223443223443|-32.967032967032964
279,2026-02-27 00:09:58,-19.047619047619047|-12.454212454212454|14.652014652014651|35.16483516483517|50.54945054945055
280,2026-02-27 00:09:58,81.31868131868131|90.10989010989012|110.62271062271063|145.05494505494505|170.6959706959707
281,2026-02-27 00:09:58,219.04761904761904|266.6666666666667|311.35531135531136|373.6263736263736|425.64102564102564
282,2026-02-27 00:09:58,490.1098901098901|546.5201465201466|575.0915750915751|580.2197802197802|547.2527472527472
283,2026-02-27 00:09:58,509.15750915750914|438.82783882783883|321.61172161172163|200.73260073260073|65.2014652014652
284,2026-02-27 00:09:58,-48.35164835164835|-142.85714285714286|-214.65201465201466|-255.67765567765568|-301.83150183150184
285,2026-02-27 00:09:58,-295.23809523809524|-298.9010989010989|-323.0769230769231|-326.007326007326|-331.86813186813185
286,2026-02-27 00:09:58,-319.4139194139194|-306.959706959707|-301.0989010989011|-286.4468864468864|-276.1904761904762
287,2026-02-27 00:09:58,-268.13186813186815|-266.6666666666667|-268.13186813186815|-267.3992673992674|-271.79487179487177
288,2026-02-27 00:09:58,-264.46886446886447|-268.86446886446885|-264.46886446886447|-254.94505494505495|-278.38827838827837
289,2026-02-27 00:09:58,-285.7142857142857|-287.9120879120879|-296.7032967032967|-294.5054945054945|-298.16849816849816
290,2026-02-27 00:09:58,-297.43589743589746|-288.64468864468864|-293.7728937728938|-286.4468864468864|-284.24908424908426
291,2026-02-27 00:09:58,-276.1904761904762|-273.2600732600733|-254.21245421245422|-251.28205128205127|-252.74725274725276
292,2026-02-27 00:09:58,-242.49084249084248|-249.08424908424908|-249.8168498168498|-230.76923076923077|-229.3040293040293
293,2026-02-27 00:09:58,-225.64102564102564|-226.37362637362637|-228.57142857142858|-216.84981684981685|-219.78021978021977
294,2026-02-27 00:09:58,-208.7912087912088|-208.7912087912088|-202.93040293040292|-192.67399267399267|-194.87179487179486
295,2026-02-27 00:09:58,-191.94139194139194|-191.2087912087912|-193.4065934065934|-188.2783882783883|-180.95238095238096
296,2026-02-27 00:09:58,-178.02197802197801|-182.41758241758242|-173.62637362637363|-166.3003663003663|-168.4981684981685
297,2026-02-27 00:09:58,-160.43956043956044|-156.04395604395606|-144.32234432234432|-131.13553113553112|-134.7985347985348
298,2026-02-27 00:09:58,-133.33333333333334|-103.2967032967033|-63.73626373626374|-60.8058608058608|-84.98168498168498
299,2026-02-27 00:09:58,-100.36630036630036|-129.67032967032966|-153.1135531135531|-147.25274725274724|-156.04395604395606
300,2026-02-27 00:09:59,-147.25274725274724|-147.25274725274724|-142.85714285714286|-134.7985347985348|-52.014652014652015
301,2026-02-27 00:09:59,264.46886446886447|1146.5201465201465|1499.6336996336997|1111.3553113553114|-260.8058608058608
302,2026-02-27 00:09:59,-778.7545787545788|-528.9377289377289|-267.3992673992674|-144.32234432234432|-129.67032967032966
303,2026-02-27 00:09:59,-113.55311355311355|-100.36630036630036|-85.71428571428571|-65.2014652014652|-56.41025641025641
304,2026-02-27 00:09:59,-21.245421245421245|-24.90842490842491|-18.315018315018314|6.593406593406593|13.91941391941392
305,2026-02-27 00:09:59,38.827838827838825|60.8058608058608|79.85347985347985|112.82051282051282|132.6007326007326
306,2026-02-27 00:09:59,167.76556776556777|214.65201465201466|268.86446886446885|340.65934065934067|393.4065934065934
307,2026-02-27 00:09:59,452.74725274725273|497.43589743589746|526.7399267399268|532.6007326007326|507.6923076923077
308,2026-02-27 00:09:59,479.8534798534798|391.2087912087912|264.46886446886447|136.996336996337|7.326007326007326
309,2026-02-27 00:09:59,-90.10989010989012|-179.48717948717947|-254.94505494505495|-289.3772893772894|-320.1465201465202
310,2026-02-27 00:09:59,-324.54212454212455|-334.0659340659341|-333.3333333333333|-331.13553113553115|-323.0769230769231
311,2026-02-27 00:09:59,-306.2271062271062|-299.6336996336996|-278.38827838827837|-272.5274725274725|-287.9120879120879
312,2026-02-27 00:09:59,-265.9340659340659|-255.67765567765568|-257.87545787545787|-257.87545787545787|-253.4798534798535
313,2026-02-27 00:09:59,-238.0952380952381|-247.61904761904762|-254.21245421245422|-254.94505494505495|-267.3992673992674
314,2026-02-27 00:09:59,-254.21245421245422|-254.21245421245422|-260.0732600732601|-261.53846153846155|-260.0732600732601
315,2026-02-27 00:09:59,-241.02564102564102|-236.63003663003664|-220.51282051282053|-228.57142857142858|-229.3040293040293
316,2026-02-27 00:09:59,-226.37362637362637|-227.1062271062271|-220.51282051282053|-217.58241758241758|-213.1868131868132
317,2026-02-27 00:09:59,-216.84981684981685|-221.24542124542126|-218.3150183150183|-214.65201465201466|-213.91941391941393
318,2026-02-27 00:09:59,-206.5934065934066|-200.73260073260073|-203.66300366300365|-200.0|-201.46520146520146
319,2026-02-27 00:09:59,-195.6043956043956|-189.74358974358975|-191.2087912087912|-183.88278388278388|-195.6043956043956
320,2026-02-27 00:09:59,-180.95238095238096|-178.75457875457874|-172.16117216117217|-170.6959706959707|-169.96336996336996
321,2026-02-27 00:09:59,-158.24175824175825|-164.83516483516485|-159.7069597069597|-153.1135531135531|-156.04395604395606
322,2026-02-27 00:09:59,-147.25274725274724|-147.98534798534797|-136.26373626373626|-145.78754578754578|-144.32234432234432
323,2026-02-27 00:09:59,-125.27472527472527|-125.27472527472527|-133.33333333333334|-115.75091575091575|-79.12087912087912
324,2026-02-27 00:09:59,-51.282051282051285|-73.26007326007326|-98.9010989010989|-122.34432234432235|-146.5201465201465
325,2026-02-27 00:10:00,-123.80952380952381|-119.41391941391942|-131.13553113553112|-131.13553113553112|-135.53113553113553
326,2026-02-27 00:10:00,-142.85714285714286|-78.3882783882784|197.06959706959708|1025.6410256410256|1499.6336996336997
327,2026-02-27 00:10:00,1389.010989010989|-112.08791208791209|-766.3003663003662|-528.9377289377289|-268.13186813186815
328,2026-02-27 00:10:00,-132.6007326007326|-126.73992673992674|-123.80952380952381|-100.36630036630036|-95.97069597069597
329,2026-02-27 00:10:00,-76.19047619047619|-68.13186813186813|-56.41025641025641|-28.571428571428573|-11.72161172161172
330,2026-02-27 00:10:00,18.315018315018314|31.501831501831504|54.94505494505494|74.72527472527473|98.9010989010989
331,2026-02-27 00:10:00,132.6007326007326|163.36996336996336|201.46520146520146|252.74725274725276|301.0989010989011
332,2026-02-27 00:10:00,358.97435897435895|419.7802197802198|482.7838827838828|525.2747252747253|550.1831501831501
333,2026-02-27 00:10:00,568.4981684981685|547.985347985348|503.2967032967033|431.5018315018315|315.75091575091574
334,2026-02-27 00:10:00,197.06959706959708|52.747252747252745|-64.46886446886447|-157.50915750915752|-239.56043956043956
335,2026-02-27 00:10:00,-282.05128205128204|-317.2161172161172|-328.93772893772893|-336.2637362637363|-345.7875457875458
336,2026-02-27 00:10:00,-335.53113553113553|-339.9267399267399|-311.35531135531136|-314.2857142857143|-324.54212454212455
337,2026-02-27 00:10:00,-309.8901098901099|-307.6923076923077|-299.6336996336996|-305.4945054945055|-297.43589743589746
338,2026-02-27 00:10:00,-284.98168498168496|-285.7142857142857|-278.38827838827837|-276.1904761904762|-289.3772893772894
339,2026-02-27 00:10:00,-283.5164835164835|-284.98168498168496|-284.98168498168496|-264.46886446886447|-282.05128205128204
340,2026-02-27 00:10:00,-284.98168498168496|-286.4468864468864|-282.05128205128204|-265.9340659340659|-267.3992673992674
341,2026-02-27 00:10:00,-268.86446886446885|-261.53846153846155|-258.6080586080586|-258.6080586080586|-260.0732600732601
342,2026-02-27 00:10:00,-247.61904761904762|-250.54945054945054|-249.8168498168498|-238.0952380952381|-235.16483516483515
343,2026-02-27 00:10:00,-221.97802197802199|-221.24542124542126|-217.58241758241758|-212.45421245421247|-213.1868131868132
344,2026-02-27 00:10:00,-202.93040293040292|-205.86080586080587|-202.93040293040292|-192.67399267399267|-189.74358974358975
345,2026-02-27 00:10:00,-173.62637362637363|-176.55677655677655|-173.62637362637363|-173.62637362637363|-165.56776556776558
346,2026-02-27 00:10:00,-153.1135531135531|-154.57875457875457|-147.98534798534797|-141.3919413919414|-150.1831501831502
347,2026-02-27 00:10:00,-142.85714285714286|-136.996336996337|-126.73992673992674|-123.80952380952381|-128.2051282051282
348,2026-02-27 00:10:00,-117.94871794871794|-112.08791208791209|-86.44688644688645|-98.9010989010989|-90.10989010989012
349,2026-02-27 00:10:01,-47.61904761904762|-34.43223443223443|-49.08424908424909|-68.13186813186813|-103.2967032967033
350,2026-02-27 00:10:01,-115.01831501831502|-122.34432234432235|-110.62271062271063|-112.82051282051282|-123.80952380952381
351,2026-02-27 00:10:01,-112.08791208791209|-115.01831501831502|-53.47985347985348|186.08058608058607|823.4432234432235
352,2026-02-27 00:10:01,1499.6336996336997|1499.6336996336997|110.62271062271063|-728.9377289377289|-642.4908424908425
353,2026-02-27 00:10:01,-336.996336996337|-150.1831501831502|-95.23809523809524|-79.12087912087912|-74.72527472527473
354,2026-02-27 00:10:01,-50.54945054945055|-49.08424908424909|-27.106227106227106|-13.186813186813186|10.989010989010989
355,2026-02-27 00:10:01,32.234432234432234|27.106227106227106|41.75824175824176|65.2014652014652|88.64468864468864
356,2026-02-27 00:10:01,111.35531135531136|136.996336996337|169.23076923076923|206.5934065934066|247.61904761904762
357,2026-02-27 00:10:01,309.8901098901099|365.56776556776555|439.56043956043953|487.1794871794872|523.8095238095239
358,2026-02-27 00:10:01,568.4981684981685|569.2307692307693|558.974358974359|526.007326007326|452.01465201465203
359,2026-02-27 00:10:01,349.45054945054943|219.78021978021977|87.91208791208791|-30.76923076923077|-126.73992673992674
360,2026-02-27 00:10:01,-201.46520146520146|-258.6080586080586|-284.98168498168496|-306.959706959707|-317.2161172161172
361,2026-02-27 00:10:01,-313.5531135531136|-320.1465201465202|-315.75091575091574|-302.56410256410254|-288.64468864468864
362,2026-02-27 00:10:01,-283.5164835164835|-290.84249084249086|-290.1098901098901|-271.06227106227107|-263.003663003663
363,2026-02-27 00:10:01,-254.21245421245422|-252.74725274725276|-254.21245421245422|-249.8168498168498|-252.01465201465203
364,2026-02-27 00:10:01,-252.74725274725276|-264.46886446886447|-263.003663003663|-262.27106227106225|-263.003663003663
365,2026-02-27 00:10:01,-261.53846153846155|-276.1904761904762|-265.2014652014652|-263.7362637362637|-268.86446886446885
366,2026-02-27 00:10:01,-260.0732600732601|-252.74725274725276|-246.8864468864469|-252.74725274725276|-260.0732600732601
367,2026-02-27 00:10:01,-250.54945054945054|-254.21245421245422|-243.95604395604394|-237.36263736263737|-227.83882783882783
368,2026-02-27 00:10:01,-217.58241758241758|-207.32600732600733|-208.7912087912088|-208.7912087912088|-214.65201465201466
369,2026-02-27 00:10:01,-208.05860805860806|-203.66300366300365|-196.33699633699635|-197.06959706959708|-195.6043956043956
370,2026-02-27 00:10:01,-188.2783882783883|-200.73260073260073|-193.4065934065934|-182.41758241758242|-176.55677655677655
371,2026-02-27 00:10:01,-170.6959706959707|-172.16117216117217|-152.38095238095238|-159.7069597069597|-164.83516483516485
372,2026-02-27 00:10:01,-157.50915750915752|-154.57875457875457|-135.53113553113553|-125.27472527472527|-126.73992673992674
373,2026-02-27 00:10:01,-117.94871794871794|-84.24908424908425|-66.66666666666667|-68.13186813186813|-98.16849816849818
374,2026-02-27 00:10:01,-119.41391941391942|-156.04395604395606|-166.3003663003663|-156.04395604395606|-156.04395604395606
375,2026-02-27 00:10:02,-147.25274725274724|-135.53113553113553|-136.996336996337|-101.83150183150182|116.48351648351648
376,2026-02-27 00:10:02,812.4542124542124|1499.6336996336997|1499.6336996336997|87.91208791208791|-766.3003663003662
377,2026-02-27 00:10:02,-618.3150183150183|-311.35531135531136|-142.12454212454213|-123.07692307692308|-117.94871794871794
378,2026-02-27 00:10:02,-90.10989010989012|-87.91208791208791|-63.00366300366301|-52.014652014652015|-53.47985347985348
379,2026-02-27 00:10:02,-30.036630036630036|-19.047619047619047|-3.663003663003663|25.641025641025642|38.827838827838825
380,2026-02-27 00:10:02,68.13186813186813|85.71428571428571|120.14652014652015|158.24175824175825|195.6043956043956
381,2026-02-27 00:10:02,241.02564102564102|289.3772893772894|357.5091575091575|427.1062271062271|490.1098901098901
382,2026-02-27 00:10:02,541.3919413919414|561.9047619047619|581.6849816849817|575.8241758241758|522.3443223443223
383,2026-02-27 00:10:02,450.54945054945057|336.996336996337|205.86080586080587|76.92307692307692|-35.8974358974359
384,2026-02-27 00:10:02,-131.86813186813185|-211.7216117216117|-258.6080586080586|-295.23809523809524|-317.2161172161172
385,2026-02-27 00:10:02,-311.35531135531136|-323.8095238095238|-336.2637362637363|-332.6007326007326|-331.13553113553115
386,2026-02-27 00:10:02,-317.2161172161172|-314.2857142857143|-301.0989010989011|-283.5164835164835|-282.05128205128204
387,2026-02-27 00:10:02,-271.79487179487177|-282.05128205128204|-274.72527472527474|-276.1904761904762|-271.06227106227107
388,2026-02-27 00:10:02,-263.7362637362637|-268.86446886446885|-265.2014652014652|-273.2600732600733|-274.72527472527474
389,2026-02-27 00:10:02,-274.72527472527474|-274.72527472527474|-276.1904761904762|-285.7142857142857|-287.1794871794872
390,2026-02-27 00:10:02,-276.1904761904762|-274.72527472527474|-268.13186813186815|-267.3992673992674|-261.53846153846155
391,2026-02-27 00:10:02,-251.28205128205127|-260.0732600732601|-252.74725274725276|-252.74725274725276|-252.74725274725276
392,2026-02-27 00:10:02,-239.56043956043956|-243.95604395604394|-230.76923076923077|-224.9084249084249|-216.11721611721612
393,2026-02-27 00:10:02,-202.93040293040292|-207.32600732600733|-203.66300366300365|-203.66300366300365|-201.46520146520146
394,2026-02-27 00:10:02,-191.94139194139194|-191.94139194139194|-182.41758241758242|-181.6849816849817|-176.55677655677655
395,2026-02-27 00:10:02,-167.76556776556777|-166.3003663003663|-161.9047619047619|-166.3003663003663|-158.24175824175825
396,2026-02-27 00:10:02,-150.1831501831502|-154.57875457875457|-136.26373626373626|-136.996336996337|-135.53113553113553
397,2026-02-27 00:10:02,-120.87912087912088|-123.07692307692308|-106.22710622710623|-76.19047619047619|-53.47985347985348
398,2026-02-27 00:10:02,-59.34065934065934|-85.71428571428571|-109.89010989010988|-147.98534798534797|-153.1135531135531
399,2026-02-27 00:10:03,-147.25274725274724|-141.3919413919414|-135.53113553113553|-132.6007326007326|-141.3919413919414
400,2026-02-27 00:10:03,-129.67032967032966|49.08424908424909|625.6410256410256|1499.6336996336997|1499.6336996336997
401,2026-02-27 00:10:03,356.7765567765568|-704.7619047619048|-660.07326007326|-328.93772893772893|-150.1831501831502
402,2026-02-27 00:10:03,-114.28571428571429|-113.55311355311355|-84.24908424908425|-72.52747252747253|-62.27106227106227
403,2026-02-27 00:10:03,-36.63003663003663|-19.78021978021978|4.395604395604396|15.384615384615385|21.245421245421245
404,2026-02-27 00:10:03,34.43223443223443|41.02564102564103|63.73626373626374|81.31868131868131|112.08791208791209
405,2026-02-27 00:10:03,154.57875457875457|184.6153846153846|229.3040293040293|279.1208791208791|338.46153846153845
406,2026-02-27 00:10:03,406.5934065934066|463.003663003663|532.6007326007326|560.4395604395604|575.0915750915751
407,2026-02-27 00:10:03,578.021978021978|534.065934065934|463.7362637362637|349.45054945054943|221.97802197802199
408,2026-02-27 00:10:03,93.04029304029304|-32.234432234432234|-123.80952380952381|-205.12820512820514|-254.94505494505495
409,2026-02-27 00:10:03,-287.9120879120879|-323.0769230769231|-331.86813186813185|-333.3333333333333|-337.72893772893775
410,2026-02-27 00:10:03,-324.54212454212455|-317.2161172161172|-308.42490842490844|-300.3663003663004|-295.23809523809524
411,2026-02-27 00:10:03,-287.9120879120879|-286.4468864468864|-276.1904761904762|-273.2600732600733|-274.72527472527474
412,2026-02-27 00:10:03,-271.79487179487177|-266.6666666666667|-258.6080586080586|-264.46886446886447|-251.28205128205127
413,2026-02-27 00:10:03,-261.53846153846155|-271.06227106227107|-259.34065934065933|-267.3992673992674|-270.3296703296703
414,2026-02-27 00:10:03,-262.27106227106225|-268.13186813186815|-262.27106227106225|-271.79487179487177|-268.13186813186815
415,2026-02-27 00:10:03,-260.0732600732601|-260.0732600732601|-252.74725274725276|-252.74725274725276|-241.02564102564102
416,2026-02-27 00:10:03,-235.16483516483515|-236.63003663003664|-221.97802197802199|-220.51282051282053|-217.58241758241758
417,2026-02-27 00:10:03,-208.05860805860806|-210.25641025641025|-182.41758241758242|-188.2783882783883|-191.2087912087912
418,2026-02-27 00:10:03,-178.02197802197801|-188.2783882783883|-182.41758241758242|-168.4981684981685|-167.76556776556777
419,2026-02-27 00:10:03,-172.16117216117217|-172.16117216117217|-166.3003663003663|-165.56776556776558|-156.04395604395606
420,2026-02-27 00:10:03,-143.5897435897436|-155.3113553113553|-146.5201465201465|-155.3113553113553|-153.1135531135531
421,2026-02-27 00:10:03,-144.32234432234432|-135.53113553113553|-125.27472527472527|-120.87912087912088|-117.94871794871794
422,2026-02-27 00:10:03,-117.94871794871794|-109.15750915750915|-63.73626373626374|-50.54945054945055|-50.54945054945055
423,2026-02-27 00:10:03,-63.73626373626374|-102.56410256410257|-123.80952380952381|-135.53113553113553|-131.13553113553112
424,2026-02-27 00:10:04,-125.27472527472527|-121.6117216117216|-101.83150183150182|-103.2967032967033|-94.50549450549451
425,2026-02-27 00:10:04,57.875457875457876|491.57509157509156|1499.6336996336997|1499.6336996336997|695.2380952380952
426,2026-02-27 00:10:04,-542.8571428571429|-718.6813186813187|-395.6043956043956|-147.25274725274724|-78.3882783882784
427,2026-02-27 00:10:04,-80.58608058608058|-75.45787545787546|-49.08424908424909|-32.234432234432234|-26.373626373626372
428,2026-02-27 00:10:04,-15.384615384615385|-5.128205128205129|20.512820512820515|41.75824175824176|57.875457875457876
429,2026-02-27 00:10:04,76.92307692307692|92.3076923076923|115.01831501831502|131.13553113553112|167.03296703296704
430,2026-02-27 00:10:04,206.5934065934066|239.56043956043956|298.16849816849816|354.57875457875457|418.31501831501834
431,2026-02-27 00:10:04,487.9120879120879|541.3919413919414|582.4175824175824|597.0695970695971|614.6520146520146
432,2026-02-27 00:10:04,576.5567765567765|503.2967032967033|413.9194139194139|271.79487179487177|136.996336996337
433,2026-02-27 00:10:04,17.582417582417584|-87.17948717948718|-165.56776556776558|-228.57142857142858|-262.27106227106225
434,2026-02-27 00:10:04,-286.4468864468864|-310.6227106227106|-320.1465201465202|-315.75091575091574|-311.35531135531136
435,2026-02-27 00:10:04,-302.56410256410254|-296.7032967032967|-276.1904761904762|-277.65567765567766|-273.2600732600733
436,2026-02-27 00:10:04,-273.2600732600733|-273.2600732600733|-264.46886446886447|-264.46886446886447|-255.67765567765568
437,2026-02-27 00:10:04,-251.28205128205127|-260.8058608058608|-263.7362637362637|-267.3992673992674|-274.72527472527474
438,2026-02-27 00:10:04,-284.98168498168496|-285.7142857142857|-282.05128205128204|-286.4468864468864|-276.1904761904762
439,2026-02-27 00:10:04,-271.79487179487177|-272.5274725274725|-264.46886446886447|-265.9340659340659|-260.0732600732601
440,2026-02-27 00:10:04,-258.6080586080586|-258.6080586080586|-247.61904761904762|-246.8864468864469|-243.95604395604394
441,2026-02-27 00:10:04,-241.75824175824175|-239.56043956043956|-226.37362637362637|-230.03663003663004|-226.37362637362637
442,2026-02-27 00:10:04,-224.9084249084249|-223.44322344322345|-197.06959706959708|-201.46520146520146|-207.32600732600733
443,2026-02-27 00:10:04,-208.05860805860806|-207.32600732600733|-200.0|-196.33699633699635|-188.2783882783883
444,2026-02-27 00:10:04,-190.47619047619048|-199.26739926739927|-189.74358974358975|-189.74358974358975|-183.88278388278388
445,2026-02-27 00:10:04,-178.75457875457874|-167.76556776556777|-155.3113553113553|-147.25274725274724|-131.13553113553112
446,2026-02-27 00:10:04,-135.53113553113553|-112.82051282051282|-72.52747252747253|-76.19047619047619|-86.44688644688645
447,2026-02-27 00:10:04,-100.36630036630036|-141.3919413919414|-156.04395604395606|-165.56776556776558|-156.04395604395606
448,2026-02-27 00:10:04,-145.05494505494505|-156.04395604395606|-145.78754578754578|-148.71794871794873|-72.52747252747253
449,2026-02-27 00:10:04,178.02197802197801|901.0989010989011|1499.6336996336997|1421.978021978022|-38.827838827838825
450,2026-02-27 00:10:05,-778.7545787545788|-629.3040293040293|-323.0769230769231|-167.76556776556777|-132.6007326007326
451,2026-02-27 00:10:05,-119.41391941391942|-108.42490842490842|-85.71428571428571|-76.92307692307692|-64.46886446886447
452,2026-02-27 00:10:05,-43.223443223443226|-35.8974358974359|-13.91941391941392|-6.593406593406593|15.384615384615385
453,2026-02-27 00:10:05,42.49084249084249|64.46886446886447|90.10989010989012|112.08791208791209|147.25274725274724
454,2026-02-27 00:10:05,185.34798534798534|221.97802197802199|287.9120879120879|345.7875457875458|409.5238095238095
455,2026-02-27 00:10:05,479.1208791208791|526.7399267399268|555.3113553113553|553.1135531135532|535.5311355311355
456,2026-02-27 00:10:05,490.1098901098901|402.1978021978022|289.3772893772894|136.996336996337|18.315018315018314
457,2026-02-27 00:10:05,-95.97069597069597|-180.95238095238096|-242.49084249084248|-293.7728937728938|-314.2857142857143
458,2026-02-27 00:10:05,-331.86813186813185|-336.2637362637363|-339.9267399267399|-347.98534798534797|-340.65934065934067
459,2026-02-27 00:10:05,-334.0659340659341|-324.54212454212455|-311.35531135531136|-312.0879120879121|-298.16849816849816
460,2026-02-27 00:10:05,-287.1794871794872|-289.3772893772894|-265.9340659340659|-267.3992673992674|-259.34065934065933
461,2026-02-27 00:10:05,-251.28205128205127|-258.6080586080586|-251.28205128205127|-251.28205128205127|-251.28205128205127
462,2026-02-27 00:10:05,-263.7362637362637|-265.2014652014652|-263.003663003663|-272.5274725274725|-258.6080586080586
463,2026-02-27 00:10:05,-265.9340659340659|-267.3992673992674|-260.0732600732601|-261.53846153846155|-252.01465201465203
464,2026-02-27 00:10:05,-237.36263736263737|-246.8864468864469|-243.95604395604394|-243.95604395604394|-235.16483516483515
465,2026-02-27 00:10:05,-229.3040293040293|-235.89743589743588|-220.51282051282053|-225.64102564102564|-213.1868131868132
466,2026-02-27 00:10:05,-200.73260073260073|-197.06959706959708|-194.87179487179486|-203.66300366300365|-195.6043956043956
467,2026-02-27 00:10:05,-189.74358974358975|-183.15018315018315|-164.83516483516485|-179.48717948717947|-172.8937728937729
468,2026-02-27 00:10:05,-167.76556776556777|-172.8937728937729|-169.23076923076923|-177.28937728937728|-157.50915750915752
469,2026-02-27 00:10:05,-160.43956043956044|-161.9047619047619|-145.05494505494505|-145.78754578754578|-135.53113553113553
470,2026-02-27 00:10:05,-125.27472527472527|-125.27472527472527|-119.41391941391942|-114.28571428571429|-114.28571428571429
471,2026-02-27 00:10:05,-116.48351648351648|-120.87912087912088|-115.01831501831502|-117.94871794871794|-111.35531135531136
472,2026-02-27 00:10:05,-117.94871794871794|-110.62271062271063|-100.36630036630036|-95.23809523809524|-76.92307692307692
473,2026-02-27 00:10:05,-72.52747252747253|-78.3882783882784|-79.85347985347985|-55.67765567765568|-15.384615384615385
474,2026-02-27 00:10:06,-16.84981684981685|-43.223443223443226|-66.66666666666667|-107.6923076923077|-120.14652014652015
475,2026-02-27 00:10:06,-109.15750915750915|-106.22710622710623|-101.83150183150182|-117.94871794871794|-101.83150183150182
476,2026-02-27 00:10:06,-125.27472527472527|-54.94505494505494|260.0732600732601|1205.128205128205|1499.6336996336997
477,2026-02-27 00:10:06,1270.3296703296703|-200.0|-720.8791208791209|-455.67765567765565|-200.0
478,2026-02-27 00:10:06,-108.42490842490842|-101.83150183150182|-79.85347985347985|-76.92307692307692|-62.27106227106227
479,2026-02-27 00:10:06,-53.47985347985348|-41.75824175824176|-25.641025641025642|-25.641025641025642|-8.791208791208792
480,2026-02-27 00:10:06,13.186813186813186|37.362637362637365|52.747252747252745|63.73626373626374|97.43589743589743
481,2026-02-27 00:10:06,126.73992673992674|154.57875457875457|204.3956043956044|242.49084249084248|290.84249084249086
482,2026-02-27 00:10:06,349.45054945054943|419.7802197802198|488.64468864468864|523.0769230769231|556.7765567765567
483,2026-02-27 00:10:06,570.6959706959707|545.7875457875458|509.8901098901099|435.8974358974359|322.34432234432234
484,2026-02-27 00:10:06,183.15018315018315|50.54945054945055|-60.07326007326007|-157.50915750915752|-216.11721611721612
485,2026-02-27 00:10:06,-258.6080586080586|-296.7032967032967|-309.8901098901099|-323.0769230769231|-330.4029304029304
486,2026-02-27 00:10:06,-326.007326007326|-331.13553113553115|-317.94871794871796|-323.0769230769231|-317.94871794871796
487,2026-02-27 00:10:06,-298.16849816849816|-298.16849816849816|-293.7728937728938|-295.23809523809524|-278.38827838827837
488,2026-02-27 00:10:06,-268.86446886446885|-276.1904761904762|-264.46886446886447|-272.5274725274725|-271.79487179487177
489,2026-02-27 00:10:06,-271.79487179487177|-275.45787545787545|-273.2600732600733|-284.98168498168496|-282.7838827838828
490,2026-02-27 00:10:06,-284.98168498168496|-286.4468864468864|-273.992673992674|-282.7838827838828|-282.05128205128204
491,2026-02-27 00:10:06,-276.1904761904762|-273.2600732600733|-263.003663003663|-276.1904761904762|-264.46886446886447
492,2026-02-27 00:10:06,-262.27106227106225|-255.67765567765568|-251.28205128205127|-251.28205128205127|-246.8864468864469
493,2026-02-27 00:10:06,-239.56043956043956|-242.49084249084248|-246.8864468864469|-257.87545787545787|-227.83882783882783
494,2026-02-27 00:10:06,-223.44322344322345|-217.58241758241758|-207.32600732600733|-208.05860805860806|-197.06959706959708
495,2026-02-27 00:10:06,-188.2783882783883|-183.88278388278388|-180.95238095238096|-182.41758241758242|-170.6959706959707
496,2026-02-27 00:10:06,-179.48717948717947|-169.96336996336996|-167.76556776556777|-167.03296703296704|-156.04395604395606
497,2026-02-27 00:10:06,-153.84615384615384|-148.71794871794873|-136.996336996337|-147.25274725274724|-136.996336996337
498,2026-02-27 00:10:06,-131.13553113553112|-124.54212454212454|-119.41391941391942|-125.27472527472527|-113.55311355311355
499,2026-02-27 00:10:07,-101.83150183150182|-107.6923076923077|-101.83150183150182|-115.01831501831502|-101.0989010989011
500,2026-02-27 00:10:07,-95.23809523809524|-94.50549450549451|-80.58608058608058|-90.10989010989012|-88.64468864468864
501,2026-02-27 00:10:07,-84.24908424908425|-83.51648351648352|-73.26007326007326|-83.51648351648352|-78.3882783882784
502,2026-02-27 00:10:07,-80.58608058608058|-74.72527472527473|-73.99267399267399|-76.19047619047619|-54.94505494505494
503,2026-02-27 00:10:07,-43.223443223443226|-54.94505494505494|-27.83882783882784|-3.663003663003663|10.989010989010989
504,2026-02-27 00:10:07,-3.663003663003663|-29.304029304029303|-50.54945054945055|-82.78388278388279|-82.78388278388279
505,2026-02-27 00:10:07,-71.7948717948718|-73.99267399267399|-68.13186813186813|-76.19047619047619|-70.32967032967034
506,2026-02-27 00:10:07,-32.234432234432234|181.6849816849817|866.6666666666666|1499.6336996336997|1499.6336996336997
507,2026-02-27 00:10:07,172.16117216117217|-680.5860805860806|-552.3809523809524|-273.992673992674|-112.08791208791209
508,2026-02-27 00:10:07,-76.92307692307692|-71.7948717948718|-52.747252747252745|-38.095238095238095|-25.641025641025642
509,2026-02-27 00:10:07,-27.83882783882784|-17.582417582417584|6.593406593406593|18.315018315018314|37.362637362637365
510,2026-02-27 00:10:07,44.688644688644686|63.73626373626374|91.57509157509158|111.35531135531136|138.46153846153845
511,2026-02-27 00:10:07,173.62637362637363|204.3956043956044|254.21245421245422|298.16849816849816|368.4981684981685
512,2026-02-27 00:10:07,430.03663003663|498.9010989010989|558.2417582417582|584.6153846153846|600.0
513,2026-02-27 00:10:07,589.7435897435897|560.4395604395604|500.3663003663004|393.4065934065934|268.86446886446885
514,2026-02-27 00:10:07,125.27472527472527|-2.197802197802198|-96.7032967032967|-180.95238095238096|-236.63003663003664
515,2026-02-27 00:10:07,-277.65567765567766|-309.15750915750914|-314.2857142857143|-328.93772893772893|-330.4029304029304
516,2026-02-27 00:10:07,-323.8095238095238|-323.0769230769231|-308.42490842490844|-308.42490842490844|-296.7032967032967
517,2026-02-27 00:10:07,-302.56410256410254|-294.5054945054945|-282.05128205128204|-282.05128205128204|-271.79487179487177
518,2026-02-27 00:10:07,-266.6666666666667|-261.53846153846155|-257.87545787545787|-257.87545787545787|-243.95604395604394
519,2026-02-27 00:10:07,-258.6080586080586|-264.46886446886447|-259.34065934065933|-265.9340659340659|-270.3296703296703
520,2026-02-27 00:10:07,-277.65567765567766|-282.05128205128204|-273.2600732600733|-274.72527472527474|-267.3992673992674
521,2026-02-27 00:10:07,-273.2600732600733|-277.65567765567766|-263.7362637362637|-260.0732600732601|-239.56043956043956
522,2026-02-27 00:10:07,-249.8168498168498|-248.35164835164835|-244.6886446886447|-246.8864468864469|-238.82783882783883
523,2026-02-27 00:10:07,-228.57142857142858|-229.3040293040293|-214.65201465201466|-216.11721611721612|-213.91941391941393
524,2026-02-27 00:10:07,-208.7912087912088|-197.06959706959708|-176.55677655677655|-189.74358974358975|-192.67399267399267
525,2026-02-27 00:10:08,-197.06959706959708|-188.2783882783883|-179.48717948717947|-192.67399267399267|-179.48717948717947
526,2026-02-27 00:10:08,-173.62637362637363|-176.55677655677655|-175.0915750915751|-176.55677655677655|-164.83516483516485
527,2026-02-27 00:10:08,-164.83516483516485|-168.4981684981685|-164.83516483516485|-166.3003663003663|-154.57875457875457
528,2026-02-27 00:10:08,-156.7765567765568|-157.50915750915752|-144.32234432234432|-148.71794871794873|-144.32234432234432
529,2026-02-27 00:10:08,-141.3919413919414|-147.25274725274724|-136.996336996337|-142.85714285714286|-130.4029304029304
530,2026-02-27 00:10:08,-123.07692307692308|-121.6117216117216|-120.14652014652015|-90.10989010989012|-52.014652014652015
531,2026-02-27 00:10:08,-60.8058608058608|-84.98168498168498|-102.56410256410257|-136.996336996337|-141.3919413919414
532,2026-02-27 00:10:08,-150.1831501831502|-145.78754578754578|-134.06593406593407|-134.06593406593407|-119.41391941391942
533,2026-02-27 00:10:08,-131.13553113553112|-43.223443223443226|279.1208791208791|1225.6410256410256|1499.6336996336997
534,2026-02-27 00:10:08,1115.7509157509157|-265.2014652014652|-743.5897435897435|-476.9230769230769|-223.44322344322345
535,2026-02-27 00:10:08,-120.14652014652015|-117.94871794871794|-105.49450549450549|-94.50549450549451|-72.52747252747253
536,2026-02-27 00:10:08,-63.73626373626374|-46.88644688644688|-31.501831501831504|-20.512820512820515|10.989010989010989
537,2026-02-27 00:10:08,21.978021978021978|30.036630036630036|49.08424908424909|66.66666666666667|106.95970695970696
538,2026-02-27 00:10:08,113.55311355311355|154.57875457875457|202.93040293040292|244.6886446886447|299.6336996336996
539,2026-02-27 00:10:08,356.7765567765568|428.57142857142856|488.64468864468864|533.3333333333334|576.5567765567765
540,2026-02-27 00:10:08,583.8827838827839|576.5567765567765|534.065934065934|443.2234432234432|355.3113553113553
541,2026-02-27 00:10:08,202.93040293040292|53.47985347985348|-64.46886446886447|-167.76556776556777|-229.3040293040293
542,2026-02-27 00:10:08,-283.5164835164835|-307.6923076923077|-334.7985347985348|-347.98534798534797|-345.05494505494505
543,2026-02-27 00:10:08,-352.3809523809524|-349.45054945054943|-345.05494505494505|-346.5201465201465|-333.3333333333333
544,2026-02-27 00:10:08,-323.0769230769231|-310.6227106227106|-296.7032967032967|-286.4468864468864|-282.7838827838828
545,2026-02-27 00:10:08,-284.98168498168496|-273.2600732600733|-270.3296703296703|-277.65567765567766|-272.5274725274725
546,2026-02-27 00:10:08,-275.45787545787545|-273.992673992674|-267.3992673992674|-277.65567765567766|-277.65567765567766
547,2026-02-27 00:10:08,-276.1904761904762|-288.64468864468864|-286.4468864468864|-290.84249084249086|-277.65567765567766
548,2026-02-27 00:10:08,-282.7838827838828|-271.79487179487177|-258.6080586080586|-260.0732600732601|-249.8168498168498
549,2026-02-27 00:10:08,-243.95604395604394|-238.0952380952381|-238.0952380952381|-238.0952380952381|-220.51282051282053
550,2026-02-27 00:10:09,-235.16483516483515|-228.57142857142858|-223.44322344322345|-219.04761904761904|-204.3956043956044
551,2026-02-27 00:10:09,-204.3956043956044|-205.12820512820514|-194.13919413919413|-197.06959706959708|-182.41758241758242
552,2026-02-27 00:10:09,-188.2783882783883|-173.62637362637363|-167.76556776556777|-169.23076923076923|-158.97435897435898
553,2026-02-27 00:10:09,-156.04395604395606|-166.3003663003663|-158.97435897435898|-155.3113553113553|-141.3919413919414
554,2026-02-27 00:10:09,-142.85714285714286|-145.05494505494505|-134.06593406593407|-135.53113553113553|-129.67032967032966
555,2026-02-27 00:10:09,-131.86813186813185|-127.47252747252747|-125.27472527472527|-125.27472527472527|-119.41391941391942
556,2026-02-27 00:10:09,-124.54212454212454|-114.28571428571429|-110.62271062271063|-119.41391941391942|-110.62271062271063
557,2026-02-27 00:10:09,-107.6923076923077|-98.9010989010989|-87.91208791208791|-89.37728937728937|-56.41025641025641
558,2026-02-27 00:10:09,-25.641025641025642|-18.315018315018314|-40.29304029304029|-75.45787545787546|-107.6923076923077
559,2026-02-27 00:10:09,-120.14652014652015|-120.87912087912088|-110.62271062271063|-115.01831501831502|-102.56410256410257
560,2026-02-27 00:10:09,-109.15750915750915|-113.55311355311355|-18.315018315018314|314.2857142857143|1299.6336996336997
561,2026-02-27 00:10:09,1499.6336996336997|1158.2417582417581|-267.3992673992674|-730.4029304029305|-434.43223443223445
562,2026-02-27 00:10:09,-192.67399267399267|-100.36630036630036|-96.7032967032967|-96.7032967032967|-75.45787545787546
563,2026-02-27 00:10:09,-62.27106227106227|-59.34065934065934|-51.282051282051285|-47.61904761904762|-25.641025641025642
564,2026-02-27 00:10:09,-16.84981684981685|12.454212454212454|27.106227106227106|40.29304029304029|71.06227106227107
565,2026-02-27 00:10:09,101.83150183150182|127.47252747252747|161.9047619047619|200.0|249.8168498168498
566,2026-02-27 00:10:09,295.23809523809524|367.032967032967|435.8974358974359|488.64468864468864|550.1831501831501
567,2026-02-27 00:10:09,579.4871794871794|592.6739926739926|591.2087912087912|542.1245421245421|473.992673992674
568,2026-02-27 00:10:09,339.1941391941392|209.52380952380952|75.45787545787546|-50.54945054945055|-135.53113553113553
569,2026-02-27 00:10:09,-221.97802197802199|-271.79487179487177|-302.56410256410254|-333.3333333333333|-340.65934065934067
570,2026-02-27 00:10:09,-346.5201465201465|-361.17216117216117|-377.2893772893773|-367.032967032967|-355.3113553113553
571,2026-02-27 00:10:09,-336.2637362637363|-340.65934065934067|-302.56410256410254|-293.7728937728938|-276.9230769230769
572,2026-02-27 00:10:09,-277.65567765567766|-268.13186813186815|-263.7362637362637|-263.003663003663|-252.01465201465203
573,2026-02-27 00:10:09,-258.6080586080586|-255.67765567765568|-252.74725274725276|-254.94505494505495|-252.74725274725276
574,2026-02-27 00:10:10,-273.2600732600733|-264.46886446886447|-260.0732600732601|-266.6666666666667|-254.94505494505495
575,2026-02-27 00:10:10,-262.27106227106225|-260.0732600732601|-249.8168498168498|-246.8864468864469|-238.82783882783883
576,2026-02-27 00:10:10,-246.8864468864469|-241.02564102564102|-235.89743589743588|-237.36263736263737|-227.1062271062271
577,2026-02-27 00:10:10,-236.63003663003664|-226.37362637362637|-225.64102564102564|-229.3040293040293|-208.7912087912088
578,2026-02-27 00:10:10,-205.86080586080587|-195.6043956043956|-193.4065934065934|-194.13919413919413|-180.95238095238096
579,2026-02-27 00:10:10,-183.88278388278388|-176.55677655677655|-174.35897435897436|-173.62637362637363|-160.43956043956044
580,2026-02-27 00:10:10,-164.10256410256412|-159.7069597069597|-158.97435897435898|-155.3113553113553|-142.85714285714286
581,2026-02-27 00:10:10,-145.78754578754578|-134.7985347985348|-134.7985347985348|-145.78754578754578|-133.33333333333334
582,2026-02-27 00:10:10,-125.27472527472527|-117.94871794871794|-117.94871794871794|-122.34432234432235|-112.08791208791209
583,2026-02-27 00:10:10,-114.28571428571429|-112.82051282051282|-108.42490842490842|-99.63369963369964|-85.71428571428571
584,2026-02-27 00:10:10,-101.83150183150182|-75.45787545787546|-32.967032967032964|-32.967032967032964|-37.362637362637365
585,2026-02-27 00:10:10,-72.52747252747253|-100.36630036630036|-118.68131868131869|-125.27472527472527|-112.08791208791209
586,2026-02-27 00:10:10,-122.34432234432235|-113.55311355311355|-106.22710622710623|-112.08791208791209|-47.61904761904762
587,2026-02-27 00:10:10,185.34798534798534|871.0622710622711|1499.6336996336997|1482.051282051282|40.29304029304029
588,2026-02-27 00:10:10,-734.7985347985348|-621.978021978022|-332.6007326007326|-141.3919413919414|-86.44688644688645
589,2026-02-27 00:10:10,-79.85347985347985|-66.66666666666667|-48.35164835164835|-41.02564102564103|-28.571428571428573
590,2026-02-27 00:10:10,-26.373626373626372|-6.593406593406593|10.989010989010989|17.582417582417584|37.362637362637365
591,2026-02-27 00:10:10,52.014652014652015|78.3882783882784|98.9010989010989|113.55311355311355|159.7069597069597
592,2026-02-27 00:10:10,186.8131868131868|232.23443223443223|280.5860805860806|347.98534798534797|413.9194139194139
593,2026-02-27 00:10:10,463.003663003663|530.4029304029305|560.4395604395604|578.021978021978|576.5567765567765
594,2026-02-27 00:10:10,538.4615384615385|481.31868131868134|371.42857142857144|232.23443223443223|110.62271062271063
595,2026-02-27 00:10:10,-12.454212454212454|-124.54212454212454|-205.86080586080587|-266.6666666666667|-296.7032967032967
596,2026-02-27 00:10:10,-322.34432234432234|-336.2637362637363|-347.98534798534797|-354.57875457875457|-344.32234432234435
597,2026-02-27 00:10:10,-331.86813186813185|-312.8205128205128|-314.2857142857143|-312.8205128205128|-302.56410256410254
598,2026-02-27 00:10:10,-296.7032967032967|-293.7728937728938|-288.64468864468864|-290.84249084249086|-276.1904761904762
599,2026-02-27 00:10:10,-276.1904761904762|-271.79487179487177|-274.72527472527474|-284.98168498168496|-286.4468864468864
600,2026-02-27 00:10:11,-287.9120879120879|-277.65567765567766|-284.98168498168496|-296.7032967032967|-293.7728937728938
601,2026-02-27 00:10:11,-293.7728937728938|-283.5164835164835|-284.98168498168496|-287.1794871794872|-274.72527472527474
602,2026-02-27 00:10:11,-273.992673992674|-263.7362637362637|-261.53846153846155|-265.9340659340659|-252.74725274725276
603,2026-02-27 00:10:11,-261.53846153846155|-258.6080586080586|-254.94505494505495|-248.35164835164835|-237.36263736263737
604,2026-02-27 00:10:11,-248.35164835164835|-230.76923076923077|-226.37362637362637|-226.37362637362637|-220.51282051282053
605,2026-02-27 00:10:11,-219.04761904761904|-211.7216117216117|-205.86080586080587|-204.3956043956044|-200.0
606,2026-02-27 00:10:11,-204.3956043956044|-196.33699633699635|-189.01098901098902|-189.74358974358975|-177.28937728937728
607,2026-02-27 00:10:11,-173.62637362637363|-171.42857142857142|-169.23076923076923|-165.56776556776558|-153.1135531135531
608,2026-02-27 00:10:11,-154.57875457875457|-149.45054945054946|-142.12454212454213|-125.27472527472527|-123.80952380952381
609,2026-02-27 00:10:11,-131.13553113553112|-76.92307692307692|-54.94505494505494|-72.52747252747253|-86.44688644688645
610,2026-02-27 00:10:11,-117.94871794871794|-144.32234432234432|-160.43956043956044|-150.1831501831502|-141.3919413919414
611,2026-02-27 00:10:11,-147.25274725274724|-133.33333333333334|-142.85714285714286|-131.86813186813185|38.095238095238095
612,2026-02-27 00:10:11,513.5531135531136|1499.6336996336997|1499.6336996336997|475.45787545787545|-627.8388278388278
613,2026-02-27 00:10:11,-699.6336996336996|-389.010989010989|-174.35897435897436|-118.68131868131869|-102.56410256410257
614,2026-02-27 00:10:11,-101.83150183150182|-76.19047619047619|-71.06227106227107|-60.8058608058608|-41.75824175824176
615,2026-02-27 00:10:11,-31.501831501831504|-15.384615384615385|-8.791208791208792|8.058608058608058|45.42124542124542
616,2026-02-27 00:10:11,54.94505494505494|78.3882783882784|101.83150183150182|126.73992673992674|169.23076923076923
617,2026-02-27 00:10:11,205.12820512820514|254.94505494505495|315.75091575091574|384.61538461538464|452.01465201465203
618,2026-02-27 00:10:11,501.83150183150184|561.9047619047619|592.6739926739926|583.8827838827839|570.6959706959707
619,2026-02-27 00:10:11,512.0879120879121|426.3736263736264|295.23809523809524|146.5201465201465|16.84981684981685
620,2026-02-27 00:10:11,-97.43589743589743|-173.62637362637363|-242.49084249084248|-295.97069597069594|-312.8205128205128
621,2026-02-27 00:10:11,-331.86813186813185|-342.12454212454213|-347.25274725274727|-347.98534798534797|-341.3919413919414
622,2026-02-27 00:10:11,-343.5897435897436|-321.61172161172163|-312.0879120879121|-306.959706959707|-295.97069597069594
623,2026-02-27 00:10:12,-302.56410256410254|-283.5164835164835|-282.05128205128204|-273.2600732600733|-265.9340659340659
624,2026-02-27 00:10:12,-267.3992673992674|-261.53846153846155|-264.46886446886447|-266.6666666666667|-260.0732600732601
625,2026-02-27 00:10:12,-263.003663003663|-263.7362637362637|-273.2600732600733|-274.72527472527474|-262.27106227106225
626,2026-02-27 00:10:12,-261.53846153846155|-261.53846153846155|-266.6666666666667|-262.27106227106225|-251.28205128205127
627,2026-02-27 00:10:12,-254.94505494505495|-243.95604395604394|-242.49084249084248|-243.95604395604394|-238.82783882783883
628,2026-02-27 00:10:12,-242.49084249084248|-230.03663003663004|-228.57142857142858|-220.51282051282053|-211.7216117216117
629,2026-02-27 00:10:12,-204.3956043956044|-204.3956043956044|-205.86080586080587|-205.12820512820514|-205.86080586080587
630,2026-02-27 00:10:12,-204.3956043956044|-191.2087912087912|-191.2087912087912|-191.2087912087912|-176.55677655677655
631,2026-02-27 00:10:12,-174.35897435897436|-175.0915750915751|-176.55677655677655|-169.96336996336996|-158.97435897435898
632,2026-02-27 00:10:12,-158.97435897435898|-150.1831501831502|-150.1831501831502|-150.1831501831502|-142.85714285714286
633,2026-02-27 00:10:12,-145.78754578754578|-132.6007326007326|-121.6117216117216|-124.54212454212454|-128.2051282051282
634,2026-02-27 00:10:12,-107.6923076923077|-60.07326007326007|-59.34065934065934|-73.99267399267399|-95.97069597069597
635,2026-02-27 00:10:12,-136.996336996337|-145.05494505494505|-148.71794871794873|-134.7985347985348|-126.00732600732601
636,2026-02-27 00:10:12,-135.53113553113553|-126.73992673992674|-132.6007326007326|-49.81684981684982|273.992673992674
637,2026-02-27 00:10:12,1250.5494505494505|1499.6336996336997|1142.1245421245421|-312.8205128205128|-767.032967032967
638,2026-02-27 00:10:12,-484.24908424908426|-219.04761904761904|-129.67032967032966|-127.47252747252747|-119.41391941391942
639,2026-02-27 00:10:12,-109.15750915750915|-73.99267399267399|-59.34065934065934|-37.362637362637365|-16.84981684981685
640,2026-02-27 00:10:12,-11.72161172161172|10.989010989010989|25.641025641025642|41.75824175824176|60.8058608058608
641,2026-02-27 00:10:12,75.45787545787546|103.2967032967033|128.2051282051282|167.03296703296704|210.25641025641025
642,2026-02-27 00:10:12,255.67765567765568|311.35531135531136|366.3003663003663|431.5018315018315|498.9010989010989
643,2026-02-27 00:10:12,550.1831501831501|579.4871794871794|585.3479853479854|576.5567765567765|532.6007326007326
644,2026-02-27 00:10:12,453.4798534798535|349.45054945054943|205.86080586080587|66.66666666666667|-47.61904761904762
645,2026-02-27 00:10:12,-150.1831501831502|-213.1868131868132|-272.5274725274725|-309.8901098901099|-321.61172161172163
646,2026-02-27 00:10:12,-340.65934065934067|-336.996336996337|-341.3919413919414|-342.12454212454213|-340.65934065934067
647,2026-02-27 00:10:12,-336.2637362637363|-314.2857142857143|-301.83150183150184|-284.98168498168496|-277.65567765567766
648,2026-02-27 00:10:12,-299.6336996336996|-290.84249084249086|-293.7728937728938|-284.98168498168496|-284.24908424908426
649,2026-02-27 00:10:13,-284.98168498168496|-282.7838827838828|-286.4468864468864|-273.992673992674|-276.9230769230769
650,2026-02-27 00:10:13,-296.7032967032967|-287.1794871794872|-298.16849816849816|-293.7728937728938|-289.3772893772894
651,2026-02-27 00:10:13,-295.97069597069594|-277.65567765567766|-284.98168498168496|-286.4468864468864|-266.6666666666667
652,2026-02-27 00:10:13,-273.2600732600733|-260.0732600732601|-252.01465201465203|-254.21245421245422|-249.8168498168498
653,2026-02-27 00:10:13,-246.8864468864469|-238.0952380952381|-226.37362637362637|-226.37362637362637|-227.1062271062271
654,2026-02-27 00:10:13,-225.64102564102564|-213.1868131868132|-212.45421245421247|-200.73260073260073|-192.67399267399267
655,2026-02-27 00:10:13,-197.06959706959708|-197.06959706959708|-200.0|-192.67399267399267|-188.2783882783883
656,2026-02-27 00:10:13,-187.54578754578753|-159.7069597069597|-160.43956043956044|-159.7069597069597|-154.57875457875457
657,2026-02-27 00:10:13,-155.3113553113553|-153.1135531135531|-157.50915750915752|-154.57875457875457|-153.84615384615384
658,2026-02-27 00:10:13,-153.1135531135531|-122.34432234432235|-122.34432234432235|-97.43589743589743|-63.73626373626374
659,2026-02-27 00:10:13,-56.41025641025641|-56.41025641025641|-85.71428571428571|-114.28571428571429|-127.47252747252747
660,2026-02-27 00:10:13,-141.3919413919414|-131.13553113553112|-127.47252747252747|-120.14652014652015|-106.95970695970696
661,2026-02-27 00:10:13,-109.89010989010988|-65.2014652014652|147.98534798534797|788.2783882783883|1499.6336996336997
662,2026-02-27 00:10:13,1499.6336996336997|182.41758241758242|-726.7399267399268|-648.3516483516484|-347.25274725274727
663,2026-02-27 00:10:13,-156.04395604395606|-95.97069597069597|-90.10989010989012|-78.3882783882784|-60.8058608058608
664,2026-02-27 00:10:13,-53.47985347985348|-28.571428571428573|-20.512820512820515|-6.593406593406593|13.91941391941392
665,2026-02-27 00:10:13,27.106227106227106|52.014652014652015|73.99267399267399|96.7032967032967|115.01831501831502
666,2026-02-27 00:10:13,134.7985347985348|172.16117216117217|203.66300366300365|250.54945054945054|309.8901098901099
667,2026-02-27 00:10:13,379.4871794871795|438.82783882783883|498.16849816849816|556.7765567765567|592.6739926739926
668,2026-02-27 00:10:13,602.9304029304029|601.4652014652015|571.4285714285714|498.9010989010989|393.4065934065934
669,2026-02-27 00:10:13,254.21245421245422|115.01831501831502|-14.652014652014651|-107.6923076923077|-181.6849816849817
670,2026-02-27 00:10:13,-242.49084249084248|-276.1904761904762|-311.35531135531136|-320.8791208791209|-330.4029304029304
671,2026-02-27 00:10:13,-336.2637362637363|-326.007326007326|-317.2161172161172|-309.15750915750914|-308.42490842490844
672,2026-02-27 00:10:13,-298.16849816849816|-277.65567765567766|-273.2600732600733|-265.9340659340659|-263.7362637362637
673,2026-02-27 00:10:13,-271.79487179487177|-262.27106227106225|-263.003663003663|-262.27106227106225|-264.46886446886447
674,2026-02-27 00:10:13,-271.79487179487177|-265.9340659340659|-266.6666666666667|-273.2600732600733|-273.2600732600733
675,2026-02-27 00:10:14,-282.05128205128204|-276.1904761904762|-282.7838827838828|-286.4468864468864|-283.5164835164835
676,2026-02-27 00:10:14,-284.24908424908426|-263.7362637362637|-271.06227106227107|-263.7362637362637|-258.6080586080586
677,2026-02-27 00:10:14,-260.8058608058608|-259.34065934065933|-252.01465201465203|-242.49084249084248|-239.56043956043956
678,2026-02-27 00:10:14,-243.2234432234432|-235.16483516483515|-241.75824175824175|-238.0952380952381|-221.97802197802199
679,2026-02-27 00:10:14,-211.7216117216117|-208.05860805860806|-213.1868131868132|-202.1978021978022|-196.33699633699635
680,2026-02-27 00:10:14,-201.46520146520146|-189.74358974358975|-189.01098901098902|-189.01098901098902|-191.2087912087912
681,2026-02-27 00:10:14,-192.67399267399267|-179.48717948717947|-176.55677655677655|-164.83516483516485|-150.91575091575092
682,2026-02-27 00:10:14,-166.3003663003663|-141.3919413919414|-95.97069597069597|-84.24908424908425|-95.97069597069597
683,2026-02-27 00:10:14,-119.41391941391942|-142.85714285714286|-173.62637362637363|-181.6849816849817|-172.16117216117217
684,2026-02-27 00:10:14,-172.16117216117217|-161.17216117216117|-160.43956043956044|-153.84615384615384|-125.27472527472527
685,2026-02-27 00:10:14,66.66666666666667|591.2087912087912|1499.6336996336997|1499.6336996336997|378.75457875457874
686,2026-02-27 00:10:14,-680.5860805860806|-715.7509157509157|-410.989010989011|-192.67399267399267|-136.26373626373626
687,2026-02-27 00:10:14,-126.73992673992674|-110.62271062271063|-98.16849816849818|-84.24908424908425|-73.99267399267399
688,2026-02-27 00:10:14,-49.08424908424909|-36.63003663003663|-30.76923076923077|-12.454212454212454|15.384615384615385
689,2026-02-27 00:10:14,30.036630036630036|52.014652014652015|65.2014652014652|101.83150183150182|128.93772893772893
690,2026-02-27 00:10:14,161.9047619047619|210.98901098901098|260.0732600732601|326.007326007326|389.010989010989
691,2026-02-27 00:10:14,456.4102564102564|509.15750915750914|548.7179487179487|575.0915750915751|567.7655677655678
692,2026-02-27 00:10:14,534.065934065934|485.7142857142857|367.76556776556777|227.83882783882783|98.9010989010989
693,2026-02-27 00:10:14,-32.967032967032964|-134.7985347985348|-216.84981684981685|-273.2600732600733|-309.15750915750914
694,2026-02-27 00:10:14,-339.9267399267399|-343.5897435897436|-356.04395604395603|-353.84615384615387|-343.5897435897436
695,2026-02-27 00:10:14,-342.12454212454213|-330.4029304029304|-325.27472527472526|-320.1465201465202|-308.42490842490844
696,2026-02-27 00:10:14,-296.7032967032967|-282.05128205128204|-282.05128205128204|-273.2600732600733|-271.06227106227107
697,2026-02-27 00:10:14,-260.0732600732601|-260.0732600732601|-267.3992673992674|-255.67765567765568|-261.53846153846155
698,2026-02-27 00:10:14,-276.1904761904762|-272.5274725274725|-270.3296703296703|-268.13186813186815|-267.3992673992674
699,2026-02-27 00:10:15,-274.72527472527474|-271.79487179487177|-274.72527472527474|-264.46886446886447|-262.27106227106225
700,2026-02-27 00:10:15,-265.9340659340659|-249.8168498168498|-253.4798534798535|-254.94505494505495|-250.54945054945054
701,2026-02-27 00:10:15,-240.2930402930403|-234.43223443223442|-238.0952380952381|-219.04761904761904|-211.7216117216117
702,2026-02-27 00:10:15,-213.1868131868132|-202.93040293040292|-202.93040293040292|-191.2087912087912|-193.4065934065934
703,2026-02-27 00:10:15,-181.6849816849817|-183.88278388278388|-189.74358974358975|-175.0915750915751|-174.35897435897436
704,2026-02-27 00:10:15,-179.48717948717947|-172.16117216117217|-175.0915750915751|-166.3003663003663|-166.3003663003663
705,2026-02-27 00:10:15,-159.7069597069597|-148.71794871794873|-154.57875457875457|-148.71794871794873|-147.25274725274724
706,2026-02-27 00:10:15,-152.38095238095238|-135.53113553113553|-142.85714285714286|-134.7985347985348|-129.67032967032966
707,2026-02-27 00:10:15,-117.94871794871794|-101.83150183150182|-120.87912087912088|-88.64468864468864|-48.35164835164835
708,2026-02-27 00:10:15,-47.61904761904762|-62.27106227106227|-95.97069597069597|-115.01831501831502|-141.3919413919414
709,2026-02-27 00:10:15,-145.05494505494505|-142.85714285714286|-137.72893772893772|-131.13553113553112|-130.4029304029304
710,2026-02-27 00:10:15,-141.3919413919414|-101.83150183150182|109.15750915750915|813.1868131868132|1499.6336996336997
711,2026-02-27 00:10:15,1499.6336996336997|194.13919413919413|-733.3333333333334|-579.4871794871794|-278.38827838827837
712,2026-02-27 00:10:15,-131.86813186813185|-109.89010989010988|-109.89010989010988|-87.91208791208791|-66.66666666666667
713,2026-02-27 00:10:15,-56.41025641025641|-40.29304029304029|-31.501831501831504|-15.384615384615385|-8.058608058608058
714,2026-02-27 00:10:15,5.128205128205129|29.304029304029303|50.54945054945055|66.66666666666667|88.64468864468864
715,2026-02-27 00:10:15,125.27472527472527|150.91575091575092|173.62637362637363|233.6996336996337|281.31868131868134
716,2026-02-27 00:10:15,336.2637362637363|405.12820512820514|465.2014652014652|533.3333333333334|571.4285714285714
717,2026-02-27 00:10:15,592.6739926739926|591.2087912087912|549.4505494505495|488.64468864468864|389.010989010989
718,2026-02-27 00:10:15,240.2930402930403|109.89010989010988|-21.245421245421245|-121.6117216117216|-202.93040293040292
719,2026-02-27 00:10:15,-263.003663003663|-293.7728937728938|-314.2857142857143|-336.2637362637363|-343.5897435897436
720,2026-02-27 00:10:15,-331.86813186813185|-320.1465201465202|-333.3333333333333|-321.61172161172163|-314.2857142857143
721,2026-02-27 00:10:15,-298.16849816849816|-300.3663003663004|-298.9010989010989|-284.98168498168496|-268.86446886446885
722,2026-02-27 00:10:15,-271.79487179487177|-264.46886446886447|-264.46886446886447|-258.6080586080586|-264.46886446886447
723,2026-02-27 00:10:15,-263.7362637362637|-261.53846153846155|-266.6666666666667|-261.53846153846155|-265.9340659340659
724,2026-02-27 00:10:16,-283.5164835164835|-271.06227106227107|-275.45787545787545|-273.2600732600733|-267.3992673992674
725,2026-02-27 00:10:16,-263.003663003663|-263.7362637362637|-265.2014652014652|-260.0732600732601|-258.6080586080586
726,2026-02-27 00:10:16,-254.94505494505495|-239.56043956043956|-239.56043956043956|-235.16483516483515|-236.63003663003664
727,2026-02-27 00:10:16,-226.37362637362637|-217.58241758241758|-221.97802197802199|-209.52380952380952|-200.73260073260073
728,2026-02-27 00:10:16,-195.6043956043956|-191.2087912087912|-194.13919413919413|-179.48717948717947|-176.55677655677655
729,2026-02-27 00:10:16,-172.16117216117217|-169.23076923076923|-176.55677655677655|-169.23076923076923|-173.62637362637363
730,2026-02-27 00:10:16,-170.6959706959707|-156.7765567765568|-157.50915750915752|-148.71794871794873|-153.1135531135531
731,2026-02-27 00:10:16,-153.1135531135531|-135.53113553113553|-141.3919413919414|-131.13553113553112|-125.27472527472527
732,2026-02-27 00:10:16,-119.41391941391942|-123.07692307692308|-123.80952380952381|-115.01831501831502|-107.6923076923077
733,2026-02-27 00:10:16,-97.43589743589743|-99.63369963369964|-95.97069597069597|-95.97069597069597|-82.78388278388279
734,2026-02-27 00:10:16,-75.45787545787546|-87.91208791208791|-87.17948717948718|-72.52747252747253|-78.3882783882784
735,2026-02-27 00:10:16,-52.747252747252745|-13.91941391941392|-18.315018315018314|-28.571428571428573|-56.41025641025641
736,2026-02-27 00:10:16,-84.98168498168498|-98.9010989010989|-95.97069597069597|-84.24908424908425|-87.91208791208791
737,2026-02-27 00:10:16,-90.10989010989012|-85.71428571428571|-90.10989010989012|-60.8058608058608|101.83150183150182
738,2026-02-27 00:10:16,603.6630036630037|1499.6336996336997|1499.6336996336997|463.003663003663|-590.4761904761905
739,2026-02-27 00:10:16,-673.992673992674|-368.4981684981685|-172.16117216117217|-84.24908424908425|-75.45787545787546
740,2026-02-27 00:10:16,-62.27106227106227|-53.47985347985348|-32.967032967032964|-19.78021978021978|-18.315018315018314
741,2026-02-27 00:10:16,-8.058608058608058|15.384615384615385|27.106227106227106|44.688644688644686|54.94505494505494
742,2026-02-27 00:10:16,69.59706959706959|102.56410256410257|128.2051282051282|158.24175824175825|180.95238095238096
743,2026-02-27 00:10:16,221.97802197802199|278.38827838827837|334.0659340659341|404.3956043956044|464.46886446886447
744,2026-02-27 00:10:16,522.3443223443223|572.1611721611722|592.6739926739926|590.4761904761905|556.7765567765567
745,2026-02-27 00:10:16,523.8095238095239|438.82783882783883|290.1098901098901|150.1831501831502|29.304029304029303
746,2026-02-27 00:10:16,-72.52747252747253|-161.9047619047619|-238.0952380952381|-275.45787545787545|-307.6923076923077
747,2026-02-27 00:10:16,-323.8095238095238|-333.3333333333333|-342.85714285714283|-332.6007326007326|-331.86813186813185
748,2026-02-27 00:10:16,-323.8095238095238|-315.75091575091574|-312.8205128205128|-298.16849816849816|-289.3772893772894
749,2026-02-27 00:10:16,-282.05128205128204|-273.2600732600733|-278.38827838827837|-263.7362637362637|-265.9340659340659
750,2026-02-27 00:10:17,-261.53846153846155|-261.53846153846155|-282.05128205128204|-267.3992673992674|-275.45787545787545
751,2026-02-27 00:10:17,-288.64468864468864|-271.79487179487177|-289.3772893772894|-296.7032967032967|-295.23809523809524
752,2026-02-27 00:10:17,-293.7728937728938|-293.7728937728938|-290.84249084249086|-286.4468864468864|-284.24908424908426
753,2026-02-27 00:10:17,-270.3296703296703|-260.8058608058608|-273.2600732600733|-271.79487179487177|-267.3992673992674
754,2026-02-27 00:10:17,-265.9340659340659|-260.0732600732601|-260.0732600732601|-255.67765567765568|-258.6080586080586
755,2026-02-27 00:10:17,-252.74725274725276|-250.54945054945054|-249.08424908424908|-230.76923076923077|-229.3040293040293
756,2026-02-27 00:10:17,-221.24542124542126|-217.58241758241758|-216.84981684981685|-212.45421245421247|-197.06959706959708
757,2026-02-27 00:10:17,-183.88278388278388|-179.48717948717947|-177.28937728937728|-171.42857142857142|-167.76556776556777
758,2026-02-27 00:10:17,-166.3003663003663|-167.76556776556777|-167.03296703296704|-155.3113553113553|-160.43956043956044
759,2026-02-27 00:10:17,-156.04395604395606|-153.1135531135531|-160.43956043956044|-145.78754578754578|-141.3919413919414
760,2026-02-27 00:10:17,-131.86813186813185|-134.06593406593407|-133.33333333333334|-125.27472527472527|-115.01831501831502
761,2026-02-27 00:10:17,-103.2967032967033|-112.08791208791209|-108.42490842490842|-52.747252747252745|-41.75824175824176
762,2026-02-27 00:10:17,-52.014652014652015|-74.72527472527473|-115.01831501831502|-134.06593406593407|-150.1831501831502
763,2026-02-27 00:10:17,-147.25274725274724|-125.27472527472527|-126.73992673992674|-123.07692307692308|-126.73992673992674
764,2026-02-27 00:10:17,-122.34432234432235|30.036630036630036|503.2967032967033|1499.6336996336997|1499.6336996336997
765,2026-02-27 00:10:17,672.5274725274726|-544.3223443223443|-683.5164835164835|-352.3809523809524|-156.04395604395606
766,2026-02-27 00:10:17,-97.43589743589743|-95.97069597069597|-82.78388278388279|-61.53846153846154|-50.54945054945055
767,2026-02-27 00:10:17,-38.827838827838825|-27.83882783882784|-25.641025641025642|-9.523809523809524|8.058608058608058
768,2026-02-27 00:10:17,28.571428571428573|46.15384615384615|66.66666666666667|90.10989010989012|113.55311355311355
769,2026-02-27 00:10:17,147.25274725274724|177.28937728937728|216.11721611721612|267.3992673992674|318.68131868131866
770,2026-02-27 00:10:17,393.4065934065934|461.53846153846155|515.018315018315|570.6959706959707|597.8021978021978
771,2026-02-27 00:10:17,602.9304029304029|589.7435897435897|537.7289377289377|454.94505494505495|321.61172161172163
772,2026-02-27 00:10:17,186.8131868131868|52.014652014652015|-60.8058608058608|-148.71794871794873|-223.44322344322345
773,2026-02-27 00:10:17,-274.72527472527474|-305.4945054945055|-331.13553113553115|-334.7985347985348|-353.84615384615387
774,2026-02-27 00:10:18,-355.3113553113553|-353.1135531135531|-353.1135531135531|-338.46153846153845|-334.7985347985348
775,2026-02-27 00:10:18,-330.4029304029304|-328.93772893772893|-322.34432234432234|-301.0989010989011|-296.7032967032967
776,2026-02-27 00:10:18,-268.13186813186815|-274.72527472527474|-288.64468864468864|-284.98168498168496|-290.84249084249086
777,2026-02-27 00:10:18,-287.9120879120879|-284.98168498168496|-289.3772893772894|-290.84249084249086|-295.97069597069594
778,2026-02-27 00:10:18,-284.24908424908426|-295.23809523809524|-301.0989010989011|-284.98168498168496|-287.1794871794872
779,2026-02-27 00:10:18,-283.5164835164835|-274.72527472527474|-276.1904761904762|-272.5274725274725|-282.05128205128204
780,2026-02-27 00:10:18,-265.2014652014652|-258.6080586080586|-252.74725274725276|-243.95604395604394|-249.8168498168498
781,2026-02-27 00:10:18,-241.02564102564102|-238.0952380952381|-238.82783882783883|-228.57142857142858|-230.03663003663004
782,2026-02-27 00:10:18,-224.17582417582418|-216.11721611721612|-213.91941391941393|-202.93040293040292|-211.7216117216117
783,2026-02-27 00:10:18,-203.66300366300365|-200.73260073260073|-205.86080586080587|-200.0|-200.0
784,2026-02-27 00:10:18,-191.94139194139194|-191.2087912087912|-183.88278388278388|-173.62637362637363|-172.8937728937729
785,2026-02-27 00:10:18,-166.3003663003663|-161.17216117216117|-164.83516483516485|-157.50915750915752|-164.83516483516485
786,2026-02-27 00:10:18,-156.04395604395606|-152.38095238095238|-148.71794871794873|-134.06593406593407|-136.26373626373626
787,2026-02-27 00:10:18,-131.13553113553112|-131.13553113553112|-140.65934065934067|-129.67032967032966|-127.47252747252747
788,2026-02-27 00:10:18,-126.73992673992674|-115.01831501831502|-115.01831501831502|-106.22710622710623|-109.15750915750915
789,2026-02-27 00:10:18,-115.01831501831502|-86.44688644688645|-40.29304029304029|-34.43223443223443|-59.34065934065934
790,2026-02-27 00:10:18,-85.71428571428571|-112.08791208791209|-130.4029304029304|-129.67032967032966|-132.6007326007326
791,2026-02-27 00:10:18,-123.07692307692308|-119.41391941391942|-119.41391941391942|-123.07692307692308|-84.24908424908425
792,2026-02-27 00:10:18,172.16117216117217|936.996336996337|1499.6336996336997|1499.6336996336997|19.047619047619047
793,2026-02-27 00:10:18,-733.3333333333334|-522.3443223443223|-238.0952380952381|-112.08791208791209|-106.22710622710623
794,2026-02-27 00:10:18,-98.16849816849818|-79.85347985347985|-65.2014652014652|-49.08424908424909|-38.827838827838825
795,2026-02-27 00:10:18,-24.175824175824175|-12.454212454212454|5.128205128205129|19.78021978021978|34.43223443223443
796,2026-02-27 00:10:18,55.67765567765568|78.3882783882784|101.0989010989011|128.2051282051282|156.7765567765568
797,2026-02-27 00:10:18,201.46520146520146|242.49084249084248|291.57509157509156|359.7069597069597|427.1062271062271
798,2026-02-27 00:10:18,496.7032967032967|553.1135531135532|592.6739926739926|624.1758241758242|616.8498168498169
799,2026-02-27 00:10:19,593.4065934065934|533.3333333333334|430.7692307692308|310.6227106227106|168.4981684981685
800,2026-02-27 00:10:19,38.095238095238095|-76.19047619047619|-166.3003663003663|-220.51282051282053|-273.2600732600733
801,2026-02-27 00:10:19,-308.42490842490844|-315.75091575091574|-321.61172161172163|-320.8791208791209|-329.6703296703297
802,2026-02-27 00:10:19,-310.6227106227106|-308.42490842490844|-299.6336996336996|-283.5164835164835|-284.98168498168496
803,2026-02-27 00:10:19,-265.9340659340659|-265.2014652014652|-271.79487179487177|-265.9340659340659|-266.6666666666667
804,2026-02-27 00:10:19,-252.74725274725276|-258.6080586080586|-262.27106227106225|-264.46886446886447|-266.6666666666667
805,2026-02-27 00:10:19,-271.06227106227107|-268.86446886446885|-273.2600732600733|-271.79487179487177|-268.13186813186815
806,2026-02-27 00:10:19,-267.3992673992674|-271.79487179487177|-265.9340659340659|-264.46886446886447|-271.06227106227107
807,2026-02-27 00:10:19,-259.34065934065933|-257.87545787545787|-255.67765567765568|-248.35164835164835|-254.21245421245422
808,2026-02-27 00:10:19,-247.61904761904762|-246.8864468864469|-238.0952380952381|-221.24542124542126|-221.24542124542126
809,2026-02-27 00:10:19,-220.51282051282053|-223.44322344322345|-217.58241758241758|-205.12820512820514|-205.86080586080587
810,2026-02-27 00:10:19,-197.06959706959708|-194.13919413919413|-180.95238095238096|-172.8937728937729|-172.16117216117217
811,2026-02-27 00:10:19,-172.16117216117217|-180.95238095238096|-180.95238095238096|-167.76556776556777|-169.96336996336996
812,2026-02-27 00:10:19,-158.97435897435898|-150.1831501831502|-153.1135531135531|-149.45054945054946|-146.5201465201465
813,2026-02-27 00:10:19,-142.85714285714286|-134.7985347985348|-130.4029304029304|-126.73992673992674|-131.13553113553112
814,2026-02-27 00:10:19,-123.80952380952381|-123.80952380952381|-121.6117216117216|-115.01831501831502|-107.6923076923077
815,2026-02-27 00:10:19,-98.9010989010989|-108.42490842490842|-76.19047619047619|-32.967032967032964|-47.61904761904762
816,2026-02-27 00:10:19,-52.014652014652015|-86.44688644688645|-120.87912087912088|-134.7985347985348|-132.6007326007326
817,2026-02-27 00:10:19,-128.2051282051282|-119.41391941391942|-120.14652014652015|-120.87912087912088|-123.80952380952381
818,2026-02-27 00:10:19,-21.245421245421245|241.75824175824175|1002.1978021978022|1499.6336996336997|1247.6190476190477
819,2026-02-27 00:10:19,-136.996336996337|-745.054945054945|-580.2197802197802|-293.7728937728938|-123.07692307692308
820,2026-02-27 00:10:19,-87.17948717948718|-88.64468864468864|-62.27106227106227|-43.223443223443226|-47.61904761904762
821,2026-02-27 00:10:19,-32.967032967032964|-19.78021978021978|-6.593406593406593|15.384615384615385|30.036630036630036
822,2026-02-27 00:10:19,43.223443223443226|62.27106227106227|79.85347985347985|107.6923076923077|126.73992673992674
823,2026-02-27 00:10:19,163.36996336996336|195.6043956043956|240.2930402930403|296.7032967032967|336.996336996337
824,2026-02-27 00:10:19,419.7802197802198|484.98168498168496|531.1355311355311|567.032967032967|569.2307692307693
825,2026-02-27 00:10:20,567.7655677655678|524.5421245421245|454.2124542124542|353.84615384615387|217.58241758241758
826,2026-02-27 00:10:20,99.63369963369964|-29.304029304029303|-143.5897435897436|-213.1868131868132|-276.9230769230769
827,2026-02-27 00:10:20,-306.959706959707|-333.3333333333333|-345.05494505494505|-349.45054945054943|-357.5091575091575
828,2026-02-27 00:10:20,-349.45054945054943|-348.71794871794873|-336.996336996337|-320.1465201465202|-315.01831501831504
829,2026-02-27 00:10:20,-301.0989010989011|-295.23809523809524|-289.3772893772894|-267.3992673992674|-260.8058608058608
830,2026-02-27 00:10:20,-258.6080586080586|-261.53846153846155|-260.0732600732601|-252.74725274725276|-262.27106227106225
831,2026-02-27 00:10:20,-267.3992673992674|-273.2600732600733|-266.6666666666667|-271.79487179487177|-275.45787545787545
832,2026-02-27 00:10:20,-261.53846153846155|-273.2600732600733|-273.2600732600733|-264.46886446886447|-271.79487179487177
833,2026-02-27 00:10:20,-265.9340659340659|-249.08424908424908|-248.35164835164835|-252.01465201465203|-254.94505494505495
834,2026-02-27 00:10:20,-251.28205128205127|-241.02564102564102|-239.56043956043956|-238.0952380952381|-238.0952380952381
835,2026-02-27 00:10:20,-221.97802197802199|-223.44322344322345|-206.5934065934066|-205.86080586080587|-215.3846153846154
836,2026-02-27 00:10:20,-204.3956043956044|-203.66300366300365|-196.33699633699635|-194.13919413919413|-197.06959706959708
837,2026-02-27 00:10:20,-180.95238095238096|-176.55677655677655|-176.55677655677655|-177.28937728937728|-180.21978021978023
838,2026-02-27 00:10:20,-164.83516483516485|-167.76556776556777|-164.83516483516485|-160.43956043956044|-160.43956043956044
839,2026-02-27 00:10:20,-141.3919413919414|-130.4029304029304|-126.00732600732601|-126.73992673992674|-134.7985347985348
840,2026-02-27 00:10:20,-118.68131868131869|-112.08791208791209|-103.2967032967033|-106.22710622710623|-103.2967032967033
841,2026-02-27 00:10:20,-62.27106227106227|-53.47985347985348|-59.34065934065934|-79.85347985347985|-117.94871794871794
842,2026-02-27 00:10:20,-132.6007326007326|-134.7985347985348|-131.13553113553112|-130.4029304029304|-132.6007326007326
843,2026-02-27 00:10:20,-123.80952380952381|-142.85714285714286|-88.64468864468864|162.63736263736263|884.2490842490843
844,2026-02-27 00:10:20,1499.6336996336997|1499.6336996336997|69.59706959706959|-734.7985347985348|-545.7875457875458
845,2026-02-27 00:10:20,-249.8168498168498|-122.34432234432235|-109.89010989010988|-108.42490842490842|-98.16849816849818
846,2026-02-27 00:10:20,-76.92307692307692|-71.7948717948718|-55.67765567765568|-41.75824175824176|-37.362637362637365
847,2026-02-27 00:10:20,-21.978021978021978|-15.384615384615385|10.989010989010989|32.234432234432234|56.41025641025641
848,2026-02-27 00:10:20,97.43589743589743|115.75091575091575|147.25274725274724|181.6849816849817|220.51282051282053
849,2026-02-27 00:10:20,280.5860805860806|323.0769230769231|391.94139194139194|456.4102564102564|508.42490842490844
850,2026-02-27 00:10:21,556.7765567765567|569.2307692307693|576.5567765567765|548.7179487179487|482.05128205128204
851,2026-02-27 00:10:21,391.2087912087912|259.34065934065933|122.34432234432235|-17.582417582417584|-134.7985347985348
852,2026-02-27 00:10:21,-213.91941391941393|-287.1794871794872|-320.8791208791209|-344.32234432234435|-352.3809523809524
853,2026-02-27 00:10:21,-355.3113553113553|-356.7765567765568|-353.84615384615387|-346.5201465201465|-340.65934065934067
854,2026-02-27 00:10:21,-334.0659340659341|-328.93772893772893|-320.1465201465202|-311.35531135531136|-311.35531135531136
855,2026-02-27 00:10:21,-295.23809523809524|-290.1098901098901|-277.65567765567766|-273.2600732600733|-273.2600732600733
856,2026-02-27 00:10:21,-272.5274725274725|-282.7838827838828|-287.9120879120879|-298.16849816849816|-302.56410256410254
857,2026-02-27 00:10:21,-296.7032967032967|-297.43589743589746|-295.23809523809524|-290.84249084249086|-301.0989010989011
858,2026-02-27 00:10:21,-283.5164835164835|-287.1794871794872|-278.38827838827837|-271.79487179487177|-271.06227106227107
859,2026-02-27 00:10:21,-254.94505494505495|-263.003663003663|-252.74725274725276|-246.8864468864469|-244.6886446886447
860,2026-02-27 00:10:21,-235.89743589743588|-217.58241758241758|-204.3956043956044|-216.11721611721612|-226.37362637362637
861,2026-02-27 00:10:21,-219.04761904761904|-217.58241758241758|-206.5934065934066|-203.66300366300365|-213.1868131868132
862,2026-02-27 00:10:21,-200.0|-190.47619047619048|-180.21978021978023|-180.95238095238096|-181.6849816849817
863,2026-02-27 00:10:21,-168.4981684981685|-164.83516483516485|-164.83516483516485|-158.24175824175825|-148.71794871794873
864,2026-02-27 00:10:21,-134.06593406593407|-135.53113553113553|-135.53113553113553|-126.73992673992674|-134.06593406593407
865,2026-02-27 00:10:21,-117.94871794871794|-115.01831501831502|-113.55311355311355|-93.77289377289377|-53.47985347985348
866,2026-02-27 00:10:21,-33.6996336996337|-43.223443223443226|-64.46886446886447|-90.10989010989012|-120.87912087912088
867,2026-02-27 00:10:21,-110.62271062271063|-115.01831501831502|-112.08791208791209|-111.35531135531136|-113.55311355311355
868,2026-02-27 00:10:21,-107.6923076923077|-62.27106227106227|147.98534798534797|756.7765567765567|1499.6336996336997
869,2026-02-27 00:10:21,1499.6336996336997|232.96703296703296|-690.8424908424909|-663.003663003663|-367.032967032967
870,2026-02-27 00:10:21,-156.04395604395606|-88.64468864468864|-76.92307692307692|-71.06227106227107|-54.94505494505494
871,2026-02-27 00:10:21,-31.501831501831504|-27.83882783882784|-8.058608058608058|-5.86080586080586|15.384615384615385
872,2026-02-27 00:10:21,30.036630036630036|37.362637362637365|60.8058608058608|79.85347985347985|93.04029304029304
873,2026-02-27 00:10:21,128.2051282051282|157.50915750915752|197.06959706959708|239.56043956043956|286.4468864468864
874,2026-02-27 00:10:22,347.25274725274727|403.6630036630037|476.9230769230769|532.6007326007326|570.6959706959707
875,2026-02-27 00:10:22,594.1391941391942|580.952380952381|558.2417582417582|506.959706959707|409.5238095238095
876,2026-02-27 00:10:22,290.1098901098901|139.9267399267399|19.78021978021978|-98.9010989010989|-189.01098901098902
877,2026-02-27 00:10:22,-247.61904761904762|-298.16849816849816|-324.54212454212455|-341.3919413919414|-353.84615384615387
878,2026-02-27 00:10:22,-347.98534798534797|-348.71794871794873|-331.86813186813185|-328.20512820512823|-321.61172161172163
879,2026-02-27 00:10:22,-308.42490842490844|-300.3663003663004|-293.040293040293|-298.9010989010989|-290.1098901098901
880,2026-02-27 00:10:22,-288.64468864468864|-289.3772893772894|-282.05128205128204|-273.992673992674|-275.45787545787545
881,2026-02-27 00:10:22,-276.1904761904762|-289.3772893772894|-273.2600732600733|-272.5274725274725|-295.97069597069594
882,2026-02-27 00:10:22,-299.6336996336996|-301.0989010989011|-298.16849816849816|-296.7032967032967|-296.7032967032967
883,2026-02-27 00:10:22,-297.43589743589746|-293.7728937728938|-277.65567765567766|-271.79487179487177|-267.3992673992674
884,2026-02-27 00:10:22,-261.53846153846155|-262.27106227106225|-249.08424908424908|-249.08424908424908|-243.95604395604394
885,2026-02-27 00:10:22,-235.89743589743588|-238.0952380952381|-229.3040293040293|-224.9084249084249|-220.51282051282053
886,2026-02-27 00:10:22,-213.1868131868132|-214.65201465201466|-201.46520146520146|-207.32600732600733|-205.86080586080587
887,2026-02-27 00:10:22,-191.94139194139194|-196.33699633699635|-192.67399267399267|-189.74358974358975|-189.74358974358975
888,2026-02-27 00:10:22,-178.75457875457874|-178.02197802197801|-156.04395604395606|-147.25274725274724|-156.04395604395606
889,2026-02-27 00:10:22,-135.53113553113553|-106.22710622710623|-87.17948717948718|-97.43589743589743|-119.41391941391942
890,2026-02-27 00:10:22,-149.45054945054946|-182.41758241758242|-180.95238095238096|-158.97435897435898|-156.04395604395606
891,2026-02-27 00:10:22,-156.7765567765568|-153.84615384615384|-147.25274725274724|-109.15750915750915|91.57509157509158
892,2026-02-27 00:10:22,744.3223443223443|1499.6336996336997|1499.6336996336997|162.63736263736263|-753.8461538461538
893,2026-02-27 00:10:22,-645.4212454212454|-334.7985347985348|-161.9047619047619|-135.53113553113553|-145.78754578754578
894,2026-02-27 00:10:22,-120.87912087912088|-110.62271062271063|-76.19047619047619|-67.3992673992674|-52.014652014652015
895,2026-02-27 00:10:22,-38.827838827838825|-35.8974358974359|-9.523809523809524|13.91941391941392|27.106227106227106
896,2026-02-27 00:10:22,46.15384615384615|62.27106227106227|92.3076923076923|123.80952380952381|158.97435897435898
897,2026-02-27 00:10:22,210.25641025641025|260.0732600732601|314.2857142857143|386.0805860805861|453.4798534798535
898,2026-02-27 00:10:22,520.1465201465202|567.7655677655678|585.3479853479854|583.1501831501831|549.4505494505495
899,2026-02-27 00:10:22,497.43589743589746|390.4761904761905|258.6080586080586|110.62271062271063|-16.84981684981685
900,2026-02-27 00:10:23,-117.94871794871794|-202.93040293040292|-263.7362637362637|-309.15750915750914|-328.93772893772893
901,2026-02-27 00:10:23,-339.9267399267399|-346.5201465201465|-342.12454212454213|-346.5201465201465|-340.65934065934067
902,2026-02-27 00:10:23,-317.2161172161172|-312.8205128205128|-301.83150183150184|-302.56410256410254|-295.97069597069594
903,2026-02-27 00:10:23,-276.1904761904762|-283.5164835164835|-265.9340659340659|-263.003663003663|-260.0732600732601
904,2026-02-27 00:10:23,-250.54945054945054|-249.8168498168498|-246.8864468864469|-253.4798534798535|-254.94505494505495
905,2026-02-27 00:10:23,-246.15384615384616|-249.8168498168498|-241.02564102564102|-253.4798534798535|-251.28205128205127
906,2026-02-27 00:10:23,-242.49084249084248|-249.8168498168498|-246.15384615384616|-242.49084249084248|-236.63003663003664
907,2026-02-27 00:10:23,-225.64102564102564|-229.3040293040293|-226.37362637362637|-227.83882783882783|-216.84981684981685
908,2026-02-27 00:10:23,-209.52380952380952|-214.65201465201466|-204.3956043956044|-201.46520146520146|-204.3956043956044
909,2026-02-27 00:10:23,-201.46520146520146|-203.66300366300365|-173.62637362637363|-160.43956043956044|-157.50915750915752
910,2026-02-27 00:10:23,-154.57875457875457|-153.84615384615384|-131.13553113553112|-132.6007326007326|-141.3919413919414
911,2026-02-27 00:10:23,-131.13553113553112|-135.53113553113553|-124.54212454212454|-122.34432234432235|-119.41391941391942
912,2026-02-27 00:10:23,-113.55311355311355|-116.48351648351648|-96.7032967032967|-106.22710622710623|-95.23809523809524
913,2026-02-27 00:10:23,-47.61904761904762|-38.827838827838825|-52.747252747252745|-73.26007326007326|-106.22710622710623
914,2026-02-27 00:10:23,-123.80952380952381|-135.53113553113553|-123.80952380952381|-123.07692307692308|-118.68131868131869
915,2026-02-27 00:10:23,-112.08791208791209|-119.41391941391942|-88.64468864468864|115.01831501831502|733.3333333333334
916,2026-02-27 00:10:23,1499.6336996336997|1499.6336996336997|336.2637362637363|-711.3553113553113|-591.9413919413919
917,2026-02-27 00:10:23,-275.45787545787545|-119.41391941391942|-88.64468864468864|-98.9010989010989|-80.58608058608058
918,2026-02-27 00:10:23,-56.41025641025641|-54.94505494505494|-33.6996336996337|-27.106227106227106|-17.582417582417584
919,2026-02-27 00:10:23,8.058608058608058|16.84981684981685|41.75824175824176|63.73626373626374|84.24908424908425
920,2026-02-27 00:10:23,104.76190476190476|123.80952380952381|166.3003663003663|197.06959706959708|239.56043956043956
921,2026-02-27 00:10:23,289.3772893772894|342.12454212454213|405.86080586080584|463.003663003663|523.8095238095239
922,2026-02-27 00:10:23,576.5567765567765|594.1391941391942|594.1391941391942|568.4981684981685|522.3443223443223
923,2026-02-27 00:10:23,424.90842490842493|286.4468864468864|137.72893772893772|5.86080586080586|-99.63369963369964
924,2026-02-27 00:10:24,-173.62637362637363|-252.01465201465203|-293.7728937728938|-321.61172161172163|-325.27472527472526
925,2026-02-27 00:10:24,-333.3333333333333|-345.05494505494505|-331.13553113553115|-337.72893772893775|-312.0879120879121
926,2026-02-27 00:10:24,-287.9120879120879|-299.6336996336996|-293.7728937728938|-290.84249084249086|-289.3772893772894
927,2026-02-27 00:10:24,-287.9120879120879|-289.3772893772894|-282.05128205128204|-282.05128205128204|-274.72527472527474
928,2026-02-27 00:10:24,-273.2600732600733|-283.5164835164835|-276.9230769230769|-287.9120879120879|-282.05128205128204
929,2026-02-27 00:10:24,-285.7142857142857|-289.3772893772894|-282.7838827838828|-286.4468864468864|-282.05128205128204
930,2026-02-27 00:10:24,-274.72527472527474|-273.2600732600733|-270.3296703296703|-269.5970695970696|-264.46886446886447
931,2026-02-27 00:10:24,-255.67765567765568|-258.6080586080586|-243.95604395604394|-249.08424908424908|-238.0952380952381
932,2026-02-27 00:10:24,-237.36263736263737|-238.82783882783883|-221.24542124542126|-220.51282051282053|-221.97802197802199
933,2026-02-27 00:10:24,-216.84981684981685|-217.58241758241758|-201.46520146520146|-200.73260073260073|-200.73260073260073
934,2026-02-27 00:10:24,-192.67399267399267|-200.73260073260073|-191.2087912087912|-189.74358974358975|-173.62637362637363
935,2026-02-27 00:10:24,-170.6959706959707|-169.23076923076923|-160.43956043956044|-158.97435897435898|-142.85714285714286
936,2026-02-27 00:10:24,-133.33333333333334|-149.45054945054946|-109.89010989010988|-80.58608058608058|-70.32967032967034
937,2026-02-27 00:10:24,-86.44688644688645|-120.14652014652015|-143.5897435897436|-166.3003663003663|-161.9047619047619
938,2026-02-27 00:10:24,-146.5201465201465|-148.71794871794873|-147.25274725274724|-147.98534798534797|-141.3919413919414
939,2026-02-27 00:10:24,-63.73626373626374|182.41758241758242|884.2490842490843|1499.6336996336997|1457.8754578754579
940,2026-02-27 00:10:24,-27.106227106227106|-765.5677655677656|-648.3516483516484|-364.1025641025641|-166.3003663003663
941,2026-02-27 00:10:24,-110.62271062271063|-109.89010989010988|-78.3882783882784|-66.66666666666667|-54.94505494505494
942,2026-02-27 00:10:24,-41.02564102564103|-32.967032967032964|-18.315018315018314|-12.454212454212454|10.989010989010989
943,2026-02-27 00:10:24,22.71062271062271|34.43223443223443|65.2014652014652|85.71428571428571|116.48351648351648
944,2026-02-27 00:10:24,150.1831501831502|179.48717948717947|230.03663003663004|268.86446886446885|326.007326007326
945,2026-02-27 00:10:24,397.8021978021978|447.6190476190476|500.3663003663004|531.8681318681319|554.5787545787546
946,2026-02-27 00:10:24,540.6593406593406|491.57509157509156|447.6190476190476|325.27472527472526|191.94139194139194
947,2026-02-27 00:10:24,64.46886446886447|-63.73626373626374|-154.57875457875457|-239.56043956043956|-287.9120879120879
948,2026-02-27 00:10:24,-313.5531135531136|-337.72893772893775|-346.5201465201465|-345.05494505494505|-347.98534798534797
949,2026-02-27 00:10:25,-346.5201465201465|-340.65934065934067|-298.16849816849816|-300.3663003663004|-308.42490842490844
950,2026-02-27 00:10:25,-305.4945054945055|-299.6336996336996|-286.4468864468864|-286.4468864468864|-274.72527472527474
951,2026-02-27 00:10:25,-262.27106227106225|-271.79487179487177|-265.9340659340659|-272.5274725274725|-264.46886446886447
952,2026-02-27 00:10:25,-265.9340659340659|-284.98168498168496|-276.1904761904762|-284.98168498168496|-277.65567765567766
953,2026-02-27 00:10:25,-276.1904761904762|-287.1794871794872|-276.1904761904762|-276.1904761904762|-266.6666666666667
954,2026-02-27 00:10:25,-263.003663003663|-261.53846153846155|-252.74725274725276|-258.6080586080586|-252.01465201465203
955,2026-02-27 00:10:25,-246.8864468864469|-247.61904761904762|-238.0952380952381|-241.02564102564102|-227.83882783882783
956,2026-02-27 00:10:25,-226.37362637362637|-224.9084249084249|-213.1868131868132|-220.51282051282053|-216.84981684981685
957,2026-02-27 00:10:25,-205.86080586080587|-205.86080586080587|-191.2087912087912|-188.2783882783883|-179.48717948717947
958,2026-02-27 00:10:25,-172.16117216117217|-178.02197802197801|-171.42857142857142|-194.13919413919413|-188.2783882783883
959,2026-02-27 00:10:25,-174.35897435897436|-171.42857142857142|-146.5201465201465|-157.50915750915752|-152.38095238095238
960,2026-02-27 00:10:25,-134.06593406593407|-131.86813186813185|-125.27472527472527|-100.36630036630036|-65.93406593406593
961,2026-02-27 00:10:25,-66.66666666666667|-95.97069597069597|-117.94871794871794|-153.84615384615384|-161.9047619047619
962,2026-02-27 00:10:25,-158.97435897435898|-158.97435897435898|-153.1135531135531|-149.45054945054946|-148.71794871794873
963,2026-02-27 00:10:25,-150.1831501831502|-28.571428571428573|372.8937728937729|1499.6336996336997|1499.6336996336997
964,2026-02-27 00:10:25,858.6080586080586|-493.040293040293|-741.3919413919414|-418.31501831501834|-178.75457875457874
965,2026-02-27 00:10:25,-115.01831501831502|-115.01831501831502|-100.36630036630036|-87.91208791208791|-77.65567765567765
966,2026-02-27 00:10:25,-64.46886446886447|-52.014652014652015|-33.6996336996337|-31.501831501831504|-12.454212454212454
967,2026-02-27 00:10:25,-2.197802197802198|10.989010989010989|38.095238095238095|56.41025641025641|88.64468864468864
968,2026-02-27 00:10:25,123.07692307692308|153.1135531135531|200.0|239.56043956043956|298.9010989010989
969,2026-02-27 00:10:25,361.17216117216117|426.3736263736264|482.7838827838828|523.8095238095239|557.5091575091575
970,2026-02-27 00:10:25,573.6263736263736|548.7179487179487|515.018315018315|421.24542124542126|303.2967032967033
971,2026-02-27 00:10:25,172.16117216117217|50.54945054945055|-60.8058608058608|-169.23076923076923|-243.95604395604394
972,2026-02-27 00:10:25,-289.3772893772894|-311.35531135531136|-318.68131868131866|-328.93772893772893|-323.0769230769231
973,2026-02-27 00:10:25,-334.7985347985348|-334.7985347985348|-308.42490842490844|-312.8205128205128|-306.959706959707
974,2026-02-27 00:10:25,-298.9010989010989|-304.02930402930406|-286.4468864468864|-285.7142857142857|-265.9340659340659
975,2026-02-27 00:10:26,-261.53846153846155|-270.3296703296703|-254.94505494505495|-265.9340659340659|-261.53846153846155
976,2026-02-27 00:10:26,-254.94505494505495|-252.74725274725276|-258.6080586080586|-274.72527472527474|-254.94505494505495
977,2026-02-27 00:10:26,-263.003663003663|-265.9340659340659|-255.67765567765568|-267.3992673992674|-263.7362637362637
978,2026-02-27 00:10:26,-260.0732600732601|-254.21245421245422|-243.95604395604394|-246.8864468864469|-246.15384615384616
979,2026-02-27 00:10:26,-251.28205128205127|-236.63003663003664|-225.64102564102564|-227.1062271062271|-220.51282051282053
980,2026-02-27 00:10:26,-216.11721611721612|-216.11721611721612|-204.3956043956044|-208.7912087912088|-190.47619047619048
981,2026-02-27 00:10:26,-180.95238095238096|-202.1978021978022|-191.2087912087912|-191.94139194139194|-178.75457875457874
982,2026-02-27 00:10:26,-177.28937728937728|-169.23076923076923|-164.83516483516485|-169.96336996336996|-161.17216117216117
983,2026-02-27 00:10:26,-160.43956043956044|-158.97435897435898|-141.3919413919414|-147.98534798534797|-142.12454212454213
984,2026-02-27 00:10:26,-131.86813186813185|-126.73992673992674|-123.07692307692308|-123.80952380952381|-117.94871794871794
985,2026-02-27 00:10:26,-119.41391941391942|-112.08791208791209|-100.36630036630036|-108.42490842490842|-95.23809523809524
986,2026-02-27 00:10:26,-97.43589743589743|-87.91208791208791|-88.64468864468864|-85.71428571428571|-32.967032967032964
987,2026-02-27 00:10:26,-16.84981684981685|-36.63003663003663|-65.2014652014652|-95.23809523809524|-115.01831501831502
988,2026-02-27 00:10:26,-125.27472527472527|-119.41391941391942|-115.01831501831502|-122.34432234432235|-111.35531135531136
989,2026-02-27 00:10:26,-112.08791208791209|-122.34432234432235|18.315018315018314|463.7362637362637|1499.6336996336997
990,2026-02-27 00:10:26,1499.6336996336997|793.4065934065934|-494.5054945054945|-685.7142857142857|-358.24175824175825
991,2026-02-27 00:10:26,-142.85714285714286|-94.50549450549451|-88.64468864468864|-84.24908424908425|-68.13186813186813
992,2026-02-27 00:10:26,-59.34065934065934|-32.967032967032964|-16.117216117216117|-14.652014652014651|5.86080586080586
993,2026-02-27 00:10:26,22.71062271062271|38.095238095238095|60.8058608058608|65.2014652014652|91.57509157509158
994,2026-02-27 00:10:26,120.87912087912088|146.5201465201465|178.75457875457874|208.7912087912088|268.13186813186815
995,2026-02-27 00:10:26,319.4139194139194|386.0805860805861|454.94505494505495|512.8205128205128|567.7655677655678
996,2026-02-27 00:10:26,588.2783882783883|600.0|594.1391941391942|545.7875457875458|482.7838827838828
997,2026-02-27 00:10:26,352.3809523809524|216.11721611721612|90.10989010989012|-41.02564102564103|-120.87912087912088
998,2026-02-27 00:10:26,-199.26739926739927|-251.28205128205127|-282.05128205128204|-312.8205128205128|-312.8205128205128
999,2026-02-27 00:10:26,-323.0769230769231|-320.1465201465202|-311.35531135531136|-312.8205128205128|-290.1098901098901
1000,2026-02-27 00:10:27,-293.7728937728938|-287.9120879120879|-274.72527472527474|-284.24908424908426|-266.6666666666667
1001,2026-02-27 00:10:27,-270.3296703296703|-266.6666666666667|-263.7362637362637|-276.1904761904762|-260.0732600732601
1002,2026-02-27 00:10:27,-258.6080586080586|-265.9340659340659|-272.5274725274725|-276.1904761904762|-271.06227106227107
1003,2026-02-27 00:10:27,-273.2600732600733|-273.2600732600733|-267.3992673992674|-272.5274725274725|-264.46886446886447
1004,2026-02-27 00:10:27,-262.27106227106225|-254.21245421245422|-249.8168498168498|-250.54945054945054|-241.75824175824175
1005,2026-02-27 00:10:27,-247.61904761904762|-244.6886446886447|-231.5018315018315|-241.02564102564102|-226.37362637362637
1006,2026-02-27 00:10:27,-235.89743589743588|-226.37362637362637|-220.51282051282053|-223.44322344322345|-208.05860805860806
1007,2026-02-27 00:10:27,-203.66300366300365|-201.46520146520146|-200.0|-197.06959706959708|-183.15018315018315
1008,2026-02-27 00:10:27,-182.41758241758242|-181.6849816849817|-181.6849816849817|-181.6849816849817|-172.16117216117217
1009,2026-02-27 00:10:27,-170.6959706959707|-169.23076923076923|-158.97435897435898|-161.17216117216117|-145.05494505494505
1010,2026-02-27 00:10:27,-150.1831501831502|-150.1831501831502|-145.05494505494505|-145.78754578754578|-134.06593406593407
1011,2026-02-27 00:10:27,-143.5897435897436|-134.06593406593407|-122.34432234432235|-120.87912087912088|-107.6923076923077
1012,2026-02-27 00:10:27,-112.08791208791209|-98.9010989010989|-54.94505494505494|-49.08424908424909|-49.81684981684982
1013,2026-02-27 00:10:27,-78.3882783882784|-109.15750915750915|-131.86813186813185|-145.05494505494505|-131.13553113553112
1014,2026-02-27 00:10:27,-134.06593406593407|-135.53113553113553|-131.13553113553112|-127.47252747252747|-110.62271062271063
1015,2026-02-27 00:10:27,34.43223443223443|438.82783882783883|1497.4358974358975|1499.6336996336997|655.6776556776557
1016,2026-02-27 00:10:27,-520.1465201465202|-741.3919413919414|-463.7362637362637|-235.16483516483515|-129.67032967032966
1017,2026-02-27 00:10:27,-119.41391941391942|-103.2967032967033|-79.85347985347985|-76.92307692307692|-47.61904761904762
1018,2026-02-27 00:10:27,-39.56043956043956|-35.8974358974359|-20.512820512820515|-15.384615384615385|8.791208791208792
1019,2026-02-27 00:10:27,22.71062271062271|54.94505494505494|81.31868131868131|90.10989010989012|122.34432234432235
1020,2026-02-27 00:10:27,145.78754578754578|186.08058608058607|248.35164835164835|290.1098901098901|360.43956043956047
1021,2026-02-27 00:10:27,415.38461538461536|477.65567765567766|525.2747252747253|541.3919413919414|554.5787545787546
1022,2026-02-27 00:10:27,541.3919413919414|495.97069597069594|416.1172161172161|287.9120879120879|166.3003663003663
1023,2026-02-27 00:10:27,28.571428571428573|-94.50549450549451|-172.16117216117217|-242.49084249084248|-273.992673992674
1024,2026-02-27 00:10:28,-317.2161172161172|-336.2637362637363|-347.98534798534797|-353.84615384615387|-334.7985347985348
1025,2026-02-27 00:10:28,-334.7985347985348|-324.54212454212455|-308.42490842490844|-309.15750915750914|-302.56410256410254
1026,2026-02-27 00:10:28,-298.9010989010989|-272.5274725274725|-266.6666666666667|-273.992673992674|-270.3296703296703
1027,2026-02-27 00:10:28,-272.5274725274725|-265.9340659340659|-264.46886446886447|-274.72527472527474|-271.79487179487177
1028,2026-02-27 00:10:28,-277.65567765567766|-277.65567765567766|-274.72527472527474|-286.4468864468864|-284.24908424908426
1029,2026-02-27 00:10:28,-287.1794871794872|-286.4468864468864|-287.9120879120879|-286.4468864468864|-276.1904761904762
1030,2026-02-27 00:10:28,-283.5164835164835|-270.3296703296703|-262.27106227106225|-260.8058608058608|-243.95604395604394
1031,2026-02-27 00:10:28,-255.67765567765568|-249.8168498168498|-239.56043956043956|-242.49084249084248|-227.83882783882783
1032,2026-02-27 00:10:28,-230.76923076923077|-223.44322344322345|-220.51282051282053|-235.16483516483515|-219.04761904761904
1033,2026-02-27 00:10:28,-216.11721611721612|-205.86080586080587|-205.86080586080587|-207.32600732600733|-189.74358974358975
1034,2026-02-27 00:10:28,-191.2087912087912|-183.15018315018315|-183.15018315018315|-189.74358974358975|-179.48717948717947
1035,2026-02-27 00:10:28,-179.48717948717947|-172.16117216117217|-166.3003663003663|-168.4981684981685|-156.04395604395606
1036,2026-02-27 00:10:28,-158.97435897435898|-158.97435897435898|-160.43956043956044|-156.7765567765568|-143.5897435897436
1037,2026-02-27 00:10:28,-145.78754578754578|-145.78754578754578|-136.26373626373626|-149.45054945054946|-136.996336996337
1038,2026-02-27 00:10:28,-127.47252747252747|-114.28571428571429|-126.73992673992674|-128.2051282051282|-78.3882783882784
1039,2026-02-27 00:10:28,-59.34065934065934|-62.27106227106227|-78.3882783882784|-109.89010989010988|-129.67032967032966
1040,2026-02-27 00:10:28,-143.5897435897436|-125.27472527472527|-127.47252747252747|-132.6007326007326|-131.86813186813185
1041,2026-02-27 00:10:28,-141.3919413919414|-120.87912087912088|17.582417582417584|495.23809523809524|1499.6336996336997
1042,2026-02-27 00:10:28,1499.6336996336997|613.1868131868132|-580.2197802197802|-680.5860805860806|-343.5897435897436
1043,2026-02-27 00:10:28,-148.71794871794873|-106.95970695970696|-110.62271062271063|-94.50549450549451|-75.45787545787546
1044,2026-02-27 00:10:28,-71.06227106227107|-53.47985347985348|-47.61904761904762|-32.967032967032964|-9.523809523809524
1045,2026-02-27 00:10:28,-2.93040293040293|26.373626373626372|44.688644688644686|57.875457875457876|84.24908424908425
1046,2026-02-27 00:10:28,107.6923076923077|132.6007326007326|164.83516483516485|202.93040293040292|260.8058608058608
1047,2026-02-27 00:10:28,308.42490842490844|372.8937728937729|440.2930402930403|498.16849816849816|550.9157509157509
1048,2026-02-27 00:10:28,578.7545787545788|592.6739926739926|575.8241758241758|526.007326007326|460.0732600732601
1049,2026-02-27 00:10:29,336.2637362637363|205.86080586080587|71.7948717948718|-50.54945054945055|-144.32234432234432
1050,2026-02-27 00:10:29,-224.9084249084249|-265.9340659340659|-293.7728937728938|-317.94871794871796|-317.94871794871796
1051,2026-02-27 00:10:29,-326.007326007326|-333.3333333333333|-330.4029304029304|-317.94871794871796|-306.959706959707
1052,2026-02-27 00:10:29,-311.35531135531136|-301.0989010989011|-287.1794871794872|-284.98168498168496|-274.72527472527474
1053,2026-02-27 00:10:29,-267.3992673992674|-265.9340659340659|-260.0732600732601|-258.6080586080586|-253.4798534798535
1054,2026-02-27 00:10:29,-263.003663003663|-260.0732600732601|-252.74725274725276|-246.8864468864469|-247.61904761904762
1055,2026-02-27 00:10:29,-255.67765567765568|-261.53846153846155|-261.53846153846155|-260.0732600732601|-258.6080586080586
1056,2026-02-27 00:10:29,-265.9340659340659|-254.94505494505495|-246.8864468864469|-238.0952380952381|-242.49084249084248
1057,2026-02-27 00:10:29,-248.35164835164835|-237.36263736263737|-236.63003663003664|-236.63003663003664|-219.04761904761904
1058,2026-02-27 00:10:29,-225.64102564102564|-220.51282051282053|-220.51282051282053|-213.1868131868132|-195.6043956043956
1059,2026-02-27 00:10:29,-205.86080586080587|-201.46520146520146|-192.67399267399267|-188.2783882783883|-180.21978021978023
1060,2026-02-27 00:10:29,-180.95238095238096|-167.03296703296704|-164.83516483516485|-161.17216117216117|-154.57875457875457
1061,2026-02-27 00:10:29,-157.50915750915752|-147.25274725274724|-146.5201465201465|-154.57875457875457|-150.1831501831502
1062,2026-02-27 00:10:29,-153.84615384615384|-141.3919413919414|-128.2051282051282|-136.26373626373626|-131.86813186813185
1063,2026-02-27 00:10:29,-134.06593406593407|-120.87912087912088|-123.80952380952381|-123.80952380952381|-109.15750915750915
1064,2026-02-27 00:10:29,-115.01831501831502|-110.62271062271063|-102.56410256410257|-103.2967032967033|-84.24908424908425
1065,2026-02-27 00:10:29,-87.91208791208791|-103.2967032967033|-75.45787545787546|-30.036630036630036|-17.582417582417584
1066,2026-02-27 00:10:29,-30.036630036630036|-49.08424908424909|-95.97069597069597|-110.62271062271063|-112.08791208791209
1067,2026-02-27 00:10:29,-115.01831501831502|-106.22710622710623|-103.2967032967033|-107.6923076923077|-112.08791208791209
1068,2026-02-27 00:10:29,-68.13186813186813|157.50915750915752|796.3369963369963|1499.6336996336997|1499.6336996336997
1069,2026-02-27 00:10:29,206.5934065934066|-704.0293040293041|-610.989010989011|-303.2967032967033|-122.34432234432235
1070,2026-02-27 00:10:29,-88.64468864468864|-78.3882783882784|-64.46886446886447|-54.94505494505494|-35.8974358974359
1071,2026-02-27 00:10:29,-24.90842490842491|-9.523809523809524|5.128205128205129|28.571428571428573|40.29304029304029
1072,2026-02-27 00:10:29,43.956043956043956|72.52747252747253|86.44688644688645|108.42490842490842|139.9267399267399
1073,2026-02-27 00:10:29,157.50915750915752|197.06959706959708|231.5018315018315|287.9120879120879|349.45054945054943
1074,2026-02-27 00:10:29,405.86080586080584|473.992673992674|533.3333333333334|582.4175824175824|613.1868131868132
1075,2026-02-27 00:10:30,602.9304029304029|588.2783882783883|533.3333333333334|430.03663003663|304.02930402930406
1076,2026-02-27 00:10:30,166.3003663003663|40.29304029304029|-78.3882783882784|-170.6959706959707|-235.16483516483515
1077,2026-02-27 00:10:30,-289.3772893772894|-310.6227106227106|-333.3333333333333|-340.65934065934067|-338.46153846153845
1078,2026-02-27 00:10:30,-345.05494505494505|-331.86813186813185|-330.4029304029304|-318.68131868131866|-309.8901098901099
1079,2026-02-27 00:10:30,-305.4945054945055|-288.64468864468864|-284.24908424908426|-282.05128205128204|-284.24908424908426
1080,2026-02-27 00:10:30,-284.98168498168496|-272.5274725274725|-265.9340659340659|-268.13186813186815|-267.3992673992674
1081,2026-02-27 00:10:30,-282.05128205128204|-274.72527472527474|-274.72527472527474|-282.05128205128204|-277.65567765567766
1082,2026-02-27 00:10:30,-293.040293040293|-288.64468864468864|-278.38827838827837|-284.24908424908426|-270.3296703296703
1083,2026-02-27 00:10:30,-270.3296703296703|-261.53846153846155|-264.46886446886447|-264.46886446886447|-264.46886446886447
1084,2026-02-27 00:10:30,-268.13186813186815|-263.003663003663|-264.46886446886447|-258.6080586080586|-249.08424908424908
1085,2026-02-27 00:10:30,-246.8864468864469|-229.3040293040293|-235.89743589743588|-228.57142857142858|-223.44322344322345
1086,2026-02-27 00:10:30,-230.76923076923077|-216.84981684981685|-216.84981684981685|-214.65201465201466|-205.12820512820514
1087,2026-02-27 00:10:30,-219.04761904761904|-208.7912087912088|-217.58241758241758|-205.86080586080587|-192.67399267399267
1088,2026-02-27 00:10:30,-197.06959706959708|-191.2087912087912|-182.41758241758242|-179.48717948717947|-176.55677655677655
1089,2026-02-27 00:10:30,-179.48717948717947|-176.55677655677655|-179.48717948717947|-164.83516483516485|-147.25274725274724
1090,2026-02-27 00:10:30,-153.84615384615384|-156.04395604395606|-122.34432234432235|-79.85347985347985|-76.92307692307692
1091,2026-02-27 00:10:30,-107.6923076923077|-123.80952380952381|-158.97435897435898|-173.62637362637363|-167.76556776556777
1092,2026-02-27 00:10:30,-166.3003663003663|-156.7765567765568|-148.71794871794873|-144.32234432234432|-147.25274725274724
1093,2026-02-27 00:10:30,-73.99267399267399|238.0952380952381|1090.8424908424909|1499.6336996336997|1158.2417582417581
1094,2026-02-27 00:10:30,-252.01465201465203|-787.5457875457876|-534.065934065934|-252.74725274725276|-135.53113553113553
1095,2026-02-27 00:10:30,-123.80952380952381|-113.55311355311355|-101.0989010989011|-88.64468864468864|-75.45787545787546
1096,2026-02-27 00:10:30,-66.66666666666667|-52.014652014652015|-35.8974358974359|-13.91941391941392|12.454212454212454
1097,2026-02-27 00:10:30,18.315018315018314|52.014652014652015|65.2014652014652|98.9010989010989|125.27472527472527
1098,2026-02-27 00:10:30,144.32234432234432|180.95238095238096|221.24542124542126|271.79487179487177|342.12454212454213
1099,2026-02-27 00:10:31,398.53479853479854|473.992673992674|531.1355311355311|567.7655677655678|591.2087912087912
1100,2026-02-27 00:10:31,583.8827838827839|560.4395604395604|490.84249084249086|372.8937728937729|247.61904761904762
1101,2026-02-27 00:10:31,108.42490842490842|-11.72161172161172|-113.55311355311355|-191.2087912087912|-236.63003663003664
1102,2026-02-27 00:10:31,-277.65567765567766|-301.0989010989011|-320.1465201465202|-325.27472527472526|-331.86813186813185
1103,2026-02-27 00:10:31,-331.86813186813185|-315.75091575091574|-311.35531135531136|-301.0989010989011|-290.84249084249086
1104,2026-02-27 00:10:31,-287.9120879120879|-273.2600732600733|-268.13186813186815|-265.2014652014652|-264.46886446886447
1105,2026-02-27 00:10:31,-266.6666666666667|-264.46886446886447|-267.3992673992674|-255.67765567765568|-249.08424908424908
1106,2026-02-27 00:10:31,-257.87545787545787|-255.67765567765568|-261.53846153846155|-258.6080586080586|-260.0732600732601
1107,2026-02-27 00:10:31,-263.7362637362637|-257.87545787545787|-261.53846153846155|-262.27106227106225|-252.74725274725276
1108,2026-02-27 00:10:31,-253.4798534798535|-238.0952380952381|-236.63003663003664|-229.3040293040293|-225.64102564102564
1109,2026-02-27 00:10:31,-226.37362637362637|-216.11721611721612|-215.3846153846154|-207.32600732600733|-202.93040293040292
1110,2026-02-27 00:10:31,-205.86080586080587|-183.88278388278388|-174.35897435897436|-192.67399267399267|-194.13919413919413
1111,2026-02-27 00:10:31,-192.67399267399267|-178.02197802197801|-176.55677655677655|-172.16117216117217|-169.23076923076923
1112,2026-02-27 00:10:31,-171.42857142857142|-157.50915750915752|-164.83516483516485|-158.97435897435898|-156.04395604395606
1113,2026-02-27 00:10:31,-161.17216117216117|-147.25274725274724|-149.45054945054946|-146.5201465201465|-135.53113553113553
1114,2026-02-27 00:10:31,-142.85714285714286|-131.13553113553112|-145.78754578754578|-142.85714285714286|-129.67032967032966
1115,2026-02-27 00:10:31,-134.06593406593407|-122.34432234432235|-122.34432234432235|-120.87912087912088|-119.41391941391942
1116,2026-02-27 00:10:31,-78.3882783882784|-41.02564102564103|-53.47985347985348|-77.65567765567765|-107.6923076923077
1117,2026-02-27 00:10:31,-136.26373626373626|-144.32234432234432|-136.26373626373626|-117.94871794871794|-119.41391941391942
1118,2026-02-27 00:10:31,-120.87912087912088|-108.42490842490842|-117.94871794871794|-2.197802197802198|374.35897435897436
1119,2026-02-27 00:10:31,1473.992673992674|1499.6336996336997|917.9487179487179|-460.8058608058608|-744.3223443223443
1120,2026-02-27 00:10:31,-416.8498168498169|-172.16117216117217|-113.55311355311355|-112.82051282051282|-99.63369963369964
1121,2026-02-27 00:10:31,-87.17948717948718|-62.27106227106227|-53.47985347985348|-35.8974358974359|-27.106227106227106
1122,2026-02-27 00:10:31,-26.373626373626372|-6.593406593406593|10.989010989010989|32.234432234432234|53.47985347985348
1123,2026-02-27 00:10:31,75.45787545787546|98.9010989010989|119.41391941391942|157.50915750915752|193.4065934065934
1124,2026-02-27 00:10:31,233.6996336996337|298.16849816849816|350.1831501831502|426.3736263736264|486.4468864468864
1125,2026-02-27 00:10:32,525.2747252747253|558.974358974359|569.9633699633699|573.6263736263736|538.4615384615385
1126,2026-02-27 00:10:32,465.9340659340659|362.6373626373626|219.04761904761904|80.58608058608058|-32.967032967032964
1127,2026-02-27 00:10:32,-144.32234432234432|-214.65201465201466|-272.5274725274725|-309.8901098901099|-334.7985347985348
1128,2026-02-27 00:10:32,-353.84615384615387|-352.3809523809524|-352.3809523809524|-343.5897435897436|-337.72893772893775
1129,2026-02-27 00:10:32,-342.85714285714283|-328.93772893772893|-321.61172161172163|-311.35531135531136|-298.9010989010989
1130,2026-02-27 00:10:32,-298.16849816849816|-274.72527472527474|-275.45787545787545|-271.06227106227107|-273.2600732600733
1131,2026-02-27 00:10:32,-272.5274725274725|-261.53846153846155|-264.46886446886447|-263.7362637362637|-265.2014652014652
1132,2026-02-27 00:10:32,-269.5970695970696|-267.3992673992674|-274.72527472527474|-270.3296703296703|-268.13186813186815
1133,2026-02-27 00:10:32,-267.3992673992674|-265.9340659340659|-271.06227106227107|-261.53846153846155|-259.34065934065933
1134,2026-02-27 00:10:32,-252.74725274725276|-242.49084249084248|-249.8168498168498|-243.2234432234432|-238.0952380952381
1135,2026-02-27 00:10:32,-227.1062271062271|-218.3150183150183|-227.83882783882783|-213.91941391941393|-208.7912087912088
1136,2026-02-27 00:10:32,-208.05860805860806|-201.46520146520146|-201.46520146520146|-192.67399267399267|-193.4065934065934
1137,2026-02-27 00:10:32,-193.4065934065934|-180.95238095238096|-189.74358974358975|-178.02197802197801|-179.48717948717947
1138,2026-02-27 00:10:32,-176.55677655677655|-167.76556776556777|-172.16117216117217|-169.23076923076923|-172.8937728937729
1139,2026-02-27 00:10:32,-173.62637362637363|-158.97435897435898|-150.1831501831502|-145.78754578754578|-148.71794871794873
1140,2026-02-27 00:10:32,-150.1831501831502|-145.05494505494505|-142.85714285714286|-123.07692307692308|-125.27472527472527
1141,2026-02-27 00:10:32,-101.83150183150182|-62.27106227106227|-53.47985347985348|-59.34065934065934|-87.17948717948718
1142,2026-02-27 00:10:32,-125.27472527472527|-122.34432234432235|-125.27472527472527|-123.80952380952381|-120.14652014652015
1143,2026-02-27 00:10:32,-111.35531135531136|-106.22710622710623|-115.01831501831502|-42.49084249084249|194.13919413919413
1144,2026-02-27 00:10:32,912.0879120879121|1499.6336996336997|1499.6336996336997|-12.454212454212454|-751.6483516483516
1145,2026-02-27 00:10:32,-610.2564102564103|-306.959706959707|-141.3919413919414|-95.97069597069597|-88.64468864468864
1146,2026-02-27 00:10:32,-71.7948717948718|-43.223443223443226|-38.095238095238095|-32.234432234432234|-24.175824175824175
1147,2026-02-27 00:10:32,-6.593406593406593|10.989010989010989|19.78021978021978|38.827838827838825|61.53846153846154
1148,2026-02-27 00:10:32,72.52747252747253|102.56410256410257|131.13553113553112|160.43956043956044|192.67399267399267
1149,2026-02-27 00:10:33,232.96703296703296|287.1794871794872|337.72893772893775|400.0|459.34065934065933
1150,2026-02-27 00:10:33,514.2857142857143|554.5787545787546|569.2307692307693|580.2197802197802|550.1831501831501
1151,2026-02-27 00:10:33,495.97069597069594|395.6043956043956|260.0732600732601|115.01831501831502|-18.315018315018314
1152,2026-02-27 00:10:33,-115.01831501831502|-200.73260073260073|-271.79487179487177|-295.97069597069594|-322.34432234432234
1153,2026-02-27 00:10:33,-345.05494505494505|-342.12454212454213|-343.5897435897436|-331.13553113553115|-336.2637362637363
1154,2026-02-27 00:10:33,-334.0659340659341|-318.68131868131866|-314.2857142857143|-302.56410256410254|-298.16849816849816
1155,2026-02-27 00:10:33,-293.7728937728938|-283.5164835164835|-283.5164835164835|-277.65567765567766|-276.1904761904762
1156,2026-02-27 00:10:33,-277.65567765567766|-273.2600732600733|-284.24908424908426|-276.1904761904762|-286.4468864468864
1157,2026-02-27 00:10:33,-290.84249084249086|-289.3772893772894|-293.7728937728938|-290.84249084249086|-300.3663003663004
1158,2026-02-27 00:10:33,-290.1098901098901|-287.1794871794872|-282.05128205128204|-271.06227106227107|-268.13186813186815
1159,2026-02-27 00:10:33,-270.3296703296703|-272.5274725274725|-270.3296703296703|-251.28205128205127|-227.1062271062271
1160,2026-02-27 00:10:33,-220.51282051282053|-230.76923076923077|-240.2930402930403|-229.3040293040293|-224.9084249084249
1161,2026-02-27 00:10:33,-239.56043956043956|-224.9084249084249|-221.24542124542126|-204.3956043956044|-204.3956043956044
1162,2026-02-27 00:10:33,-208.05860805860806|-200.0|-202.93040293040292|-190.47619047619048|-183.15018315018315
1163,2026-02-27 00:10:33,-191.2087912087912|-183.88278388278388|-190.47619047619048|-180.21978021978023|-173.62637362637363
1164,2026-02-27 00:10:33,-164.83516483516485|-154.57875457875457|-157.50915750915752|-136.26373626373626|-150.1831501831502
1165,2026-02-27 00:10:33,-145.78754578754578|-97.43589743589743|-75.45787545787546|-80.58608058608058|-112.08791208791209
1166,2026-02-27 00:10:33,-134.7985347985348|-155.3113553113553|-169.23076923076923|-164.10256410256412|-166.3003663003663
1167,2026-02-27 00:10:33,-158.24175824175825|-144.32234432234432|-147.25274725274724|-141.3919413919414|-8.791208791208792
1168,2026-02-27 00:10:33,428.57142857142856|1499.6336996336997|1499.6336996336997|642.4908424908425|-575.0915750915751
1169,2026-02-27 00:10:33,-757.5091575091575|-424.1758241758242|-200.73260073260073|-130.4029304029304|-126.73992673992674
1170,2026-02-27 00:10:33,-109.89010989010988|-95.97069597069597|-87.17948717948718|-68.13186813186813|-62.27106227106227
1171,2026-02-27 00:10:33,-54.94505494505494|-32.967032967032964|-30.036630036630036|-3.663003663003663|15.384615384615385
1172,2026-02-27 00:10:33,30.036630036630036|62.27106227106227|84.24908424908425|113.55311355311355|134.06593406593407
1173,2026-02-27 00:10:33,167.76556776556777|220.51282051282053|276.1904761904762|346.5201465201465|405.12820512820514
1174,2026-02-27 00:10:34,466.6666666666667|526.7399267399268|550.1831501831501|560.4395604395604|539.92673992674
1175,2026-02-27 00:10:34,490.1098901098901|412.45421245421244|289.3772893772894|163.36996336996336|19.78021978021978
1176,2026-02-27 00:10:34,-101.83150183150182|-182.41758241758242|-253.4798534798535|-299.6336996336996|-335.53113553113553
1177,2026-02-27 00:10:34,-352.3809523809524|-359.7069597069597|-368.4981684981685|-366.3003663003663|-361.17216117216117
1178,2026-02-27 00:10:34,-349.45054945054943|-336.996336996337|-330.4029304029304|-313.5531135531136|-312.8205128205128
1179,2026-02-27 00:10:34,-302.56410256410254|-295.23809523809524|-289.3772893772894|-277.65567765567766|-283.5164835164835
1180,2026-02-27 00:10:34,-277.65567765567766|-273.2600732600733|-276.1904761904762|-277.65567765567766|-283.5164835164835
1181,2026-02-27 00:10:34,-287.9120879120879|-285.7142857142857|-293.7728937728938|-289.3772893772894|-289.3772893772894
1182,2026-02-27 00:10:34,-282.05128205128204|-277.65567765567766|-279.1208791208791|-273.2600732600733|-271.06227106227107
1183,2026-02-27 00:10:34,-255.67765567765568|-251.28205128205127|-243.95604395604394|-243.95604395604394|-248.35164835164835
1184,2026-02-27 00:10:34,-238.0952380952381|-223.44322344322345|-224.9084249084249|-219.04761904761904|-224.9084249084249
1185,2026-02-27 00:10:34,-217.58241758241758|-212.45421245421247|-211.7216117216117|-200.0|-194.13919413919413
1186,2026-02-27 00:10:34,-197.06959706959708|-199.26739926739927|-195.6043956043956|-178.02197802197801|-178.02197802197801
1187,2026-02-27 00:10:34,-170.6959706959707|-167.76556776556777|-161.9047619047619|-157.50915750915752|-160.43956043956044
1188,2026-02-27 00:10:34,-146.5201465201465|-144.32234432234432|-153.84615384615384|-144.32234432234432|-132.6007326007326
1189,2026-02-27 00:10:34,-115.01831501831502|-112.08791208791209|-136.996336996337|-119.41391941391942|-72.52747252747253
1190,2026-02-27 00:10:34,-47.61904761904762|-55.67765567765568|-82.78388278388279|-111.35531135531136|-150.1831501831502
1191,2026-02-27 00:10:34,-150.1831501831502|-142.85714285714286|-144.32234432234432|-131.13553113553112|-131.13553113553112
1192,2026-02-27 00:10:34,-145.05494505494505|-122.34432234432235|65.2014652014652|702.5641025641025|1499.6336996336997
1193,2026-02-27 00:10:34,1499.6336996336997|297.43589743589746|-724.5421245421245|-623.4432234432235|-299.6336996336996
1194,2026-02-27 00:10:34,-126.73992673992674|-108.42490842490842|-115.01831501831502|-97.43589743589743|-84.24908424908425
1195,2026-02-27 00:10:34,-71.06227106227107|-54.21245421245421|-49.08424908424909|-26.373626373626372|-25.641025641025642
1196,2026-02-27 00:10:34,-3.663003663003663|19.78021978021978|22.71062271062271|50.54945054945055|65.2014652014652
1197,2026-02-27 00:10:34,106.22710622710623|138.46153846153845|166.3003663003663|214.65201465201466|260.8058608058608
1198,2026-02-27 00:10:34,322.34432234432234|383.8827838827839|441.75824175824175|508.42490842490844|544.3223443223443
1199,2026-02-27 00:10:34,567.7655677655678|561.9047619047619|545.7875457875458|509.8901098901099|416.1172161172161
1200,2026-02-27 00:10:35,298.16849816849816|161.9047619047619|27.106227106227106|-79.85347985347985|-172.16117216117217
1201,2026-02-27 00:10:35,-239.56043956043956|-286.4468864468864|-318.68131868131866|-331.13553113553115|-341.3919413919414
1202,2026-02-27 00:10:35,-342.85714285714283|-340.65934065934067|-336.996336996337|-321.61172161172163|-322.34432234432234
1203,2026-02-27 00:10:35,-311.35531135531136|-296.7032967032967|-287.1794871794872|-277.65567765567766|-273.2600732600733
1204,2026-02-27 00:10:35,-266.6666666666667|-273.2600732600733|-283.5164835164835|-271.06227106227107|-276.1904761904762
1205,2026-02-27 00:10:35,-263.7362637362637|-265.9340659340659|-273.2600732600733|-264.46886446886447|-272.5274725274725
1206,2026-02-27 00:10:35,-267.3992673992674|-267.3992673992674|-271.79487179487177|-267.3992673992674|-277.65567765567766
1207,2026-02-27 00:10:35,-271.06227106227107|-261.53846153846155|-265.9340659340659|-255.67765567765568|-263.003663003663
1208,2026-02-27 00:10:35,-247.61904761904762|-249.08424908424908|-248.35164835164835|-242.49084249084248|-247.61904761904762
1209,2026-02-27 00:10:35,-230.03663003663004|-224.17582417582418|-220.51282051282053|-216.11721611721612|-215.3846153846154
1210,2026-02-27 00:10:35,-202.93040293040292|-207.32600732600733|-204.3956043956044|-190.47619047619048|-188.2783882783883
1211,2026-02-27 00:10:35,-173.62637362637363|-169.96336996336996|-169.96336996336996|-166.3003663003663|-170.6959706959707
1212,2026-02-27 00:10:35,-156.04395604395606|-160.43956043956044|-156.7765567765568|-157.50915750915752|-156.7765567765568
1213,2026-02-27 00:10:35,-149.45054945054946|-144.32234432234432|-126.73992673992674|-126.00732600732601|-104.02930402930403
1214,2026-02-27 00:10:35,-70.32967032967034|-63.73626373626374|-63.73626373626374|-82.78388278388279|-122.34432234432235
1215,2026-02-27 00:10:35,-137.72893772893772|-144.32234432234432|-132.6007326007326|-126.73992673992674|-136.996336996337
1216,2026-02-27 00:10:35,-131.13553113553112|-130.4029304029304|-75.45787545787546|148.71794871794873|726.007326007326
1217,2026-02-27 00:10:35,1499.6336996336997|1499.6336996336997|213.1868131868132|-717.2161172161173|-696.7032967032967
1218,2026-02-27 00:10:35,-389.010989010989|-170.6959706959707|-102.56410256410257|-94.50549450549451|-84.98168498168498
1219,2026-02-27 00:10:35,-59.34065934065934|-49.08424908424909|-36.63003663003663|-18.315018315018314|-12.454212454212454
1220,2026-02-27 00:10:35,12.454212454212454|22.71062271062271|41.02564102564103|64.46886446886447|76.92307692307692
1221,2026-02-27 00:10:35,98.9010989010989|122.34432234432235|156.04395604395606|184.6153846153846|219.04761904761904
1222,2026-02-27 00:10:35,277.65567765567766|333.3333333333333|394.87179487179486|459.34065934065933|510.6227106227106
1223,2026-02-27 00:10:35,560.4395604395604|584.6153846153846|583.8827838827839|561.9047619047619|490.1098901098901
1224,2026-02-27 00:10:35,404.3956043956044|273.2600732600733|132.6007326007326|12.454212454212454|-99.63369963369964
1225,2026-02-27 00:10:36,-173.62637362637363|-236.63003663003664|-284.98168498168496|-308.42490842490844|-328.93772893772893
1226,2026-02-27 00:10:36,-324.54212454212455|-333.3333333333333|-326.007326007326|-322.34432234432234|-320.1465201465202
1227,2026-02-27 00:10:36,-298.16849816849816|-294.5054945054945|-283.5164835164835|-270.3296703296703|-267.3992673992674
1228,2026-02-27 00:10:36,-258.6080586080586|-255.67765567765568|-258.6080586080586|-254.94505494505495|-257.87545787545787
1229,2026-02-27 00:10:36,-249.08424908424908|-260.0732600732601|-254.21245421245422|-254.21245421245422|-264.46886446886447
1230,2026-02-27 00:10:36,-270.3296703296703|-275.45787545787545|-277.65567765567766|-276.1904761904762|-284.98168498168496
1231,2026-02-27 00:10:36,-282.7838827838828|-283.5164835164835|-276.1904761904762|-262.27106227106225|-267.3992673992674
1232,2026-02-27 00:10:36,-252.74725274725276|-252.74725274725276|-248.35164835164835|-238.0952380952381|-249.08424908424908
1233,2026-02-27 00:10:36,-239.56043956043956|-242.49084249084248|-228.57142857142858|-218.3150183150183|-228.57142857142858
1234,2026-02-27 00:10:36,-219.78021978021977|-217.58241758241758|-216.84981684981685|-208.7912087912088|-204.3956043956044
1235,2026-02-27 00:10:36,-194.87179487179486|-205.12820512820514|-201.46520146520146|-183.88278388278388|-191.2087912087912
1236,2026-02-27 00:10:36,-178.75457875457874|-182.41758241758242|-170.6959706959707|-158.97435897435898|-170.6959706959707
1237,2026-02-27 00:10:36,-161.9047619047619|-121.6117216117216|-89.37728937728937|-87.91208791208791|-112.08791208791209
1238,2026-02-27 00:10:36,-135.53113553113553|-169.96336996336996|-180.95238095238096|-173.62637362637363|-178.02197802197801
1239,2026-02-27 00:10:36,-168.4981684981685|-157.50915750915752|-154.57875457875457|-142.85714285714286|6.593406593406593
1240,2026-02-27 00:10:36,491.57509157509156|1499.6336996336997|1499.6336996336997|542.8571428571429|-626.3736263736264
1241,2026-02-27 00:10:36,-732.6007326007326|-413.1868131868132|-192.67399267399267|-132.6007326007326|-131.13553113553112
1242,2026-02-27 00:10:36,-109.15750915750915|-88.64468864468864|-76.92307692307692|-64.46886446886447|-55.67765567765568
1243,2026-02-27 00:10:36,-38.827838827838825|-28.571428571428573|-8.791208791208792|21.245421245421245|34.43223443223443
1244,2026-02-27 00:10:36,44.688644688644686|68.13186813186813|98.9010989010989|131.86813186813185|157.50915750915752
1245,2026-02-27 00:10:36,200.73260073260073|239.56043956043956|298.16849816849816|369.96336996337|421.24542124542126
1246,2026-02-27 00:10:36,489.3772893772894|535.5311355311355|567.7655677655678|576.5567765567765|550.9157509157509
1247,2026-02-27 00:10:36,515.018315018315|413.9194139194139|289.3772893772894|139.9267399267399|-2.197802197802198
1248,2026-02-27 00:10:37,-101.83150183150182|-189.74358974358975|-249.8168498168498|-298.9010989010989|-325.27472527472526
1249,2026-02-27 00:10:37,-334.0659340659341|-352.3809523809524|-352.3809523809524|-342.85714285714283|-343.5897435897436
1250,2026-02-27 00:10:37,-328.93772893772893|-328.93772893772893|-318.68131868131866|-308.42490842490844|-298.16849816849816
1251,2026-02-27 00:10:37,-287.1794871794872|-284.98168498168496|-282.05128205128204|-275.45787545787545|-282.05128205128204
1252,2026-02-27 00:10:37,-271.06227106227107|-282.05128205128204|-274.72527472527474|-276.1904761904762|-276.1904761904762
1253,2026-02-27 00:10:37,-275.45787545787545|-287.1794871794872|-283.5164835164835|-284.24908424908426|-295.23809523809524
1254,2026-02-27 00:10:37,-288.64468864468864|-284.98168498168496|-267.3992673992674|-261.53846153846155|-263.7362637362637
1255,2026-02-27 00:10:37,-259.34065934065933|-260.8058608058608|-258.6080586080586|-252.74725274725276|-254.94505494505495
1256,2026-02-27 00:10:37,-229.3040293040293|-226.37362637362637|-216.11721611721612|-200.0|-202.93040293040292
1257,2026-02-27 00:10:37,-200.73260073260073|-200.73260073260073|-182.41758241758242|-188.2783882783883|-191.94139194139194
1258,2026-02-27 00:10:37,-180.21978021978023|-189.01098901098902|-178.75457875457874|-172.16117216117217|-170.6959706959707
1259,2026-02-27 00:10:37,-160.43956043956044|-160.43956043956044|-160.43956043956044|-156.04395604395606|-153.1135531135531
1260,2026-02-27 00:10:37,-142.12454212454213|-129.67032967032966|-126.73992673992674|-136.996336996337|-101.83150183150182
1261,2026-02-27 00:10:37,-54.94505494505494|-54.94505494505494|-66.66666666666667|-106.22710622710623|-142.85714285714286
1262,2026-02-27 00:10:37,-156.7765567765568|-164.10256410256412|-155.3113553113553|-147.25274725274724|-145.05494505494505
1263,2026-02-27 00:10:37,-136.26373626373626|-150.1831501831502|-78.3882783882784|207.32600732600733|1051.2820512820513
1264,2026-02-27 00:10:37,1499.6336996336997|1446.886446886447|-112.82051282051282|-775.8241758241758|-512.0879120879121
1265,2026-02-27 00:10:37,-214.65201465201466|-117.94871794871794|-107.6923076923077|-103.2967032967033|-88.64468864468864
1266,2026-02-27 00:10:37,-71.7948717948718|-59.34065934065934|-43.956043956043956|-37.362637362637365|-19.78021978021978
1267,2026-02-27 00:10:37,-8.058608058608058|-2.197802197802198|19.047619047619047|40.29304029304029|52.014652014652015
1268,2026-02-27 00:10:37,73.26007326007326|102.56410256410257|128.2051282051282|172.8937728937729|217.58241758241758
1269,2026-02-27 00:10:37,264.46886446886447|293.7728937728938|359.7069597069597|430.7692307692308|482.7838827838828
1270,2026-02-27 00:10:37,530.4029304029305|567.7655677655678|568.4981684981685|536.996336996337|464.46886446886447
1271,2026-02-27 00:10:37,357.5091575091575|224.17582417582418|97.43589743589743|-32.234432234432234|-136.26373626373626
1272,2026-02-27 00:10:37,-202.1978021978022|-261.53846153846155|-306.959706959707|-331.86813186813185|-345.05494505494505
1273,2026-02-27 00:10:37,-343.5897435897436|-345.05494505494505|-334.7985347985348|-333.3333333333333|-322.34432234432234
1274,2026-02-27 00:10:37,-306.959706959707|-310.6227106227106|-301.0989010989011|-293.7728937728938|-290.84249084249086
1275,2026-02-27 00:10:38,-283.5164835164835|-277.65567765567766|-274.72527472527474|-282.7838827838828|-277.65567765567766
1276,2026-02-27 00:10:38,-272.5274725274725|-283.5164835164835|-274.72527472527474|-276.9230769230769|-271.79487179487177
1277,2026-02-27 00:10:38,-268.13186813186815|-284.98168498168496|-276.1904761904762|-273.2600732600733|-271.79487179487177
1278,2026-02-27 00:10:38,-266.6666666666667|-270.3296703296703|-261.53846153846155|-263.003663003663|-263.003663003663
1279,2026-02-27 00:10:38,-248.35164835164835|-252.74725274725276|-240.2930402930403|-229.3040293040293|-238.0952380952381
1280,2026-02-27 00:10:38,-227.1062271062271|-229.3040293040293|-224.17582417582418|-221.24542124542126|-209.52380952380952
1281,2026-02-27 00:10:38,-202.1978021978022|-202.1978021978022|-191.2087912087912|-190.47619047619048|-189.74358974358975
1282,2026-02-27 00:10:38,-179.48717948717947|-188.2783882783883|-171.42857142857142|-172.16117216117217|-164.83516483516485
1283,2026-02-27 00:10:38,-148.71794871794873|-146.5201465201465|-134.06593406593407|-133.33333333333334|-135.53113553113553
1284,2026-02-27 00:10:38,-132.6007326007326|-131.13553113553112|-117.94871794871794|-109.89010989010988|-119.41391941391942
1285,2026-02-27 00:10:38,-98.9010989010989|-63.73626373626374|-40.29304029304029|-59.34065934065934|-77.65567765567765
1286,2026-02-27 00:10:38,-107.6923076923077|-135.53113553113553|-126.73992673992674|-122.34432234432235|-117.94871794871794
1287,2026-02-27 00:10:38,-112.08791208791209|-117.94871794871794|-113.55311355311355|-72.52747252747253|139.9267399267399
1288,2026-02-27 00:10:38,743.5897435897435|1499.6336996336997|1499.6336996336997|268.13186813186815|-684.981684981685
1289,2026-02-27 00:10:38,-646.8864468864468|-345.05494505494505|-145.78754578754578|-94.50549450549451|-78.3882783882784
1290,2026-02-27 00:10:38,-55.67765567765568|-49.08424908424909|-27.106227106227106|-24.175824175824175|-21.245421245421245
1291,2026-02-27 00:10:38,-3.663003663003663|8.058608058608058|28.571428571428573|42.49084249084249|69.59706959706959
1292,2026-02-27 00:10:38,85.71428571428571|93.04029304029304|123.80952380952381|149.45054945054946|191.2087912087912
1293,2026-02-27 00:10:38,239.56043956043956|290.1098901098901|333.3333333333333|391.94139194139194|459.34065934065933
1294,2026-02-27 00:10:38,521.6117216117216|547.985347985348|578.021978021978|572.1611721611722|553.1135531135532
1295,2026-02-27 00:10:38,495.97069597069594|396.3369963369963|271.79487179487177|136.996336996337|22.71062271062271
1296,2026-02-27 00:10:38,-75.45787545787546|-178.02197802197801|-235.16483516483515|-274.72527472527474|-311.35531135531136
1297,2026-02-27 00:10:38,-330.4029304029304|-331.86813186813185|-325.27472527472526|-333.3333333333333|-324.54212454212455
1298,2026-02-27 00:10:38,-314.2857142857143|-310.6227106227106|-298.16849816849816|-293.7728937728938|-287.1794871794872
1299,2026-02-27 00:10:39,-277.65567765567766|-276.1904761904762|-266.6666666666667|-263.7362637362637|-260.0732600732601
1300,2026-02-27 00:10:39,-265.9340659340659|-284.98168498168496|-283.5164835164835|-284.98168498168496|-277.65567765567766
1301,2026-02-27 00:10:39,-276.1904761904762|-287.9120879120879|-276.9230769230769|-293.7728937728938|-288.64468864468864
1302,2026-02-27 00:10:39,-276.1904761904762|-282.05128205128204|-281.31868131868134|-290.1098901098901|-276.1904761904762
1303,2026-02-27 00:10:39,-267.3992673992674|-273.2600732600733|-261.53846153846155|-282.05128205128204|-293.7728937728938
1304,2026-02-27 00:10:39,-283.5164835164835|-254.21245421245422|-229.3040293040293|-238.0952380952381|-236.63003663003664
1305,2026-02-27 00:10:39,-220.51282051282053|-221.97802197802199|-213.91941391941393|-216.11721611721612|-213.1868131868132
1306,2026-02-27 00:10:39,-208.7912087912088|-210.25641025641025|-203.66300366300365|-200.0|-189.74358974358975
1307,2026-02-27 00:10:39,-181.6849816849817|-189.74358974358975|-183.15018315018315|-169.96336996336996|-169.96336996336996
1308,2026-02-27 00:10:39,-158.97435897435898|-153.1135531135531|-142.85714285714286|-147.25274725274724|-106.22710622710623
1309,2026-02-27 00:10:39,-75.45787545787546|-81.31868131868131|-101.83150183150182|-135.53113553113553|-167.76556776556777
1310,2026-02-27 00:10:39,-180.95238095238096|-180.21978021978023|-165.56776556776558|-169.96336996336996|-164.10256410256412
1311,2026-02-27 00:10:39,-156.04395604395606|-167.03296703296704|-49.08424908424909|326.7399267399267|1366.3003663003662
1312,2026-02-27 00:10:39,1499.6336996336997|850.5494505494505|-446.15384615384613|-783.1501831501831|-475.45787545787545
1313,2026-02-27 00:10:39,-220.51282051282053|-132.6007326007326|-127.47252747252747|-122.34432234432235|-107.6923076923077
1314,2026-02-27 00:10:39,-86.44688644688645|-76.92307692307692|-59.34065934065934|-43.223443223443226|-30.036630036630036
1315,2026-02-27 00:10:39,-5.128205128205129|-2.93040293040293|22.71062271062271|41.75824175824176|65.2014652014652
1316,2026-02-27 00:10:39,91.57509157509158|109.15750915750915|150.1831501831502|181.6849816849817|227.83882783882783
1317,2026-02-27 00:10:39,272.5274725274725|331.86813186813185|409.5238095238095|462.27106227106225|514.2857142857143
1318,2026-02-27 00:10:39,545.054945054945|547.2527472527472|543.5897435897435|500.3663003663004|427.1062271062271
1319,2026-02-27 00:10:39,309.8901098901099|171.42857142857142|50.54945054945055|-68.13186813186813|-156.04395604395606
1320,2026-02-27 00:10:39,-226.37362637362637|-284.24908424908426|-312.8205128205128|-336.2637362637363|-335.53113553113553
1321,2026-02-27 00:10:39,-342.12454212454213|-349.45054945054943|-336.2637362637363|-334.7985347985348|-323.0769230769231
1322,2026-02-27 00:10:39,-310.6227106227106|-309.15750915750914|-290.1098901098901|-293.7728937728938|-286.4468864468864
1323,2026-02-27 00:10:39,-276.1904761904762|-273.2600732600733|-260.8058608058608|-265.9340659340659|-263.003663003663
1324,2026-02-27 00:10:40,-262.27106227106225|-273.2600732600733|-261.53846153846155|-271.79487179487177|-260.0732600732601
1325,2026-02-27 00:10:40,-258.6080586080586|-265.9340659340659|-261.53846153846155|-268.13186813186815|-258.6080586080586
1326,2026-02-27 00:10:40,-258.6080586080586|-263.003663003663|-252.01465201465203|-252.74725274725276|-246.8864468864469
1327,2026-02-27 00:10:40,-238.0952380952381|-239.56043956043956|-227.1062271062271|-228.57142857142858|-219.04761904761904
1328,2026-02-27 00:10:40,-213.91941391941393|-218.3150183150183|-216.11721611721612|-217.58241758241758|-211.7216117216117
1329,2026-02-27 00:10:40,-202.93040293040292|-201.46520146520146|-190.47619047619048|-189.74358974358975|-180.21978021978023
1330,2026-02-27 00:10:40,-176.55677655677655|-178.75457875457874|-167.03296703296704|-176.55677655677655|-177.28937728937728
1331,2026-02-27 00:10:40,-171.42857142857142|-172.8937728937729|-154.57875457875457|-156.04395604395606|-148.71794871794873
1332,2026-02-27 00:10:40,-147.25274725274724|-153.1135531135531|-142.12454212454213|-146.5201465201465|-130.4029304029304
1333,2026-02-27 00:10:40,-109.15750915750915|-120.14652014652015|-106.22710622710623|-63.73626373626374|-34.43223443223443
1334,2026-02-27 00:10:40,-40.29304029304029|-67.3992673992674|-94.50549450549451|-130.4029304029304|-132.6007326007326
1335,2026-02-27 00:10:40,-120.14652014652015|-122.34432234432235|-119.41391941391942|-121.6117216117216|-113.55311355311355
1336,2026-02-27 00:10:40,-109.15750915750915|19.78021978021978|487.1794871794872|1499.6336996336997|1499.6336996336997
1337,2026-02-27 00:10:40,671.7948717948718|-580.952380952381|-683.5164835164835|-352.3809523809524|-145.05494505494505
1338,2026-02-27 00:10:40,-106.22710622710623|-108.42490842490842|-95.23809523809524|-79.85347985347985|-66.66666666666667
1339,2026-02-27 00:10:40,-52.014652014652015|-49.08424908424909|-32.234432234432234|-19.78021978021978|5.128205128205129
1340,2026-02-27 00:10:40,28.571428571428573|40.29304029304029|65.93406593406593|81.31868131868131|109.89010989010988
1341,2026-02-27 00:10:40,139.19413919413918|172.16117216117217|220.51282051282053|261.53846153846155|316.4835164835165
1342,2026-02-27 00:10:40,388.27838827838826|441.75824175824175|503.2967032967033|549.4505494505495|580.952380952381
1343,2026-02-27 00:10:40,580.2197802197802|561.9047619047619|537.7289377289377|450.54945054945057|334.7985347985348
1344,2026-02-27 00:10:40,201.46520146520146|62.27106227106227|-59.34065934065934|-164.10256410256412|-225.64102564102564
1345,2026-02-27 00:10:40,-265.9340659340659|-298.16849816849816|-319.4139194139194|-341.3919413919414|-340.65934065934067
1346,2026-02-27 00:10:40,-339.9267399267399|-334.7985347985348|-320.8791208791209|-323.0769230769231|-307.6923076923077
1347,2026-02-27 00:10:40,-295.97069597069594|-293.7728937728938|-276.1904761904762|-290.84249084249086|-284.24908424908426
1348,2026-02-27 00:10:40,-270.3296703296703|-273.2600732600733|-267.3992673992674|-272.5274725274725|-270.3296703296703
1349,2026-02-27 00:10:40,-264.46886446886447|-272.5274725274725|-271.79487179487177|-273.2600732600733|-270.3296703296703
1350,2026-02-27 00:10:41,-273.992673992674|-273.2600732600733|-264.46886446886447|-271.79487179487177|-261.53846153846155
1351,2026-02-27 00:10:41,-255.67765567765568|-263.003663003663|-247.61904761904762|-242.49084249084248|-235.89743589743588
1352,2026-02-27 00:10:41,-239.56043956043956|-241.02564102564102|-229.3040293040293|-224.9084249084249|-205.86080586080587
1353,2026-02-27 00:10:41,-205.86080586080587|-209.52380952380952|-195.6043956043956|-200.0|-194.13919413919413
1354,2026-02-27 00:10:41,-189.01098901098902|-200.0|-194.13919413919413|-191.2087912087912|-176.55677655677655
1355,2026-02-27 00:10:41,-172.16117216117217|-176.55677655677655|-172.16117216117217|-178.02197802197801|-170.6959706959707
1356,2026-02-27 00:10:41,-166.3003663003663|-166.3003663003663|-146.5201465201465|-153.1135531135531|-147.25274725274724
1357,2026-02-27 00:10:41,-135.53113553113553|-135.53113553113553|-123.07692307692308|-124.54212454212454|-119.41391941391942
1358,2026-02-27 00:10:41,-123.80952380952381|-124.54212454212454|-112.08791208791209|-112.08791208791209|-103.2967032967033
1359,2026-02-27 00:10:41,-107.6923076923077|-64.46886446886447|-30.036630036630036|-30.76923076923077|-41.02564102564103
1360,2026-02-27 00:10:41,-76.92307692307692|-120.87912087912088|-132.6007326007326|-141.3919413919414|-124.54212454212454
1361,2026-02-27 00:10:41,-123.07692307692308|-120.87912087912088|-106.95970695970696|-113.55311355311355|-21.245421245421245
1362,2026-02-27 00:10:41,275.45787545787545|1145.7875457875457|1499.6336996336997|1117.2161172161173|-242.49084249084248
1363,2026-02-27 00:10:41,-743.5897435897435|-530.4029304029305|-265.9340659340659|-126.73992673992674|-85.71428571428571
1364,2026-02-27 00:10:41,-75.45787545787546|-67.3992673992674|-52.747252747252745|-42.49084249084249|-21.245421245421245
1365,2026-02-27 00:10:41,-8.058608058608058|7.326007326007326|27.106227106227106|40.29304029304029|68.13186813186813
1366,2026-02-27 00:10:41,93.77289377289377|100.36630036630036|128.2051282051282|148.71794871794873|185.34798534798534
1367,2026-02-27 00:10:41,216.11721611721612|254.21245421245422|304.02930402930406|359.7069597069597|427.1062271062271
1368,2026-02-27 00:10:41,478.38827838827837|533.3333333333334|561.1721611721612|577.2893772893773|578.021978021978
1369,2026-02-27 00:10:41,550.1831501831501|473.992673992674|380.95238095238096|243.95604395604394|120.14652014652015
1370,2026-02-27 00:10:41,-9.523809523809524|-106.22710622710623|-176.55677655677655|-255.67765567765568|-297.43589743589746
1371,2026-02-27 00:10:41,-314.2857142857143|-328.93772893772893|-333.3333333333333|-337.72893772893775|-324.54212454212455
1372,2026-02-27 00:10:41,-330.4029304029304|-320.8791208791209|-307.6923076923077|-309.15750915750914|-293.7728937728938
1373,2026-02-27 00:10:41,-293.7728937728938|-287.9120879120879|-276.9230769230769|-284.98168498168496|-273.992673992674
1374,2026-02-27 00:10:42,-282.05128205128204|-276.1904761904762|-274.72527472527474|-285.7142857142857|-271.79487179487177
1375,2026-02-27 00:10:42,-276.1904761904762|-289.3772893772894|-284.24908424908426|-299.6336996336996|-290.1098901098901
1376,2026-02-27 00:10:42,-293.7728937728938|-290.84249084249086|-284.98168498168496|-288.64468864468864|-277.65567765567766
1377,2026-02-27 00:10:42,-284.24908424908426|-274.72527472527474|-268.86446886446885|-265.9340659340659|-252.74725274725276
1378,2026-02-27 00:10:42,-246.8864468864469|-238.0952380952381|-226.37362637362637|-229.3040293040293|-213.1868131868132
1379,2026-02-27 00:10:42,-217.58241758241758|-214.65201465201466|-212.45421245421247|-216.84981684981685|-205.86080586080587
1380,2026-02-27 00:10:42,-205.86080586080587|-201.46520146520146|-178.75457875457874|-179.48717948717947|-172.8937728937729
1381,2026-02-27 00:10:42,-178.02197802197801|-180.95238095238096|-176.55677655677655|-178.02197802197801|-164.83516483516485
1382,2026-02-27 00:10:42,-164.83516483516485|-158.97435897435898|-152.38095238095238|-156.7765567765568|-134.7985347985348
1383,2026-02-27 00:10:42,-129.67032967032966|-133.33333333333334|-131.13553113553112|-94.50549450549451|-60.8058608058608
1384,2026-02-27 00:10:42,-65.93406593406593|-79.85347985347985|-107.6923076923077|-150.1831501831502|-145.78754578754578
1385,2026-02-27 00:10:42,-145.78754578754578|-135.53113553113553|-135.53113553113553|-134.06593406593407|-123.80952380952381
1386,2026-02-27 00:10:42,-123.80952380952381|13.91941391941392|432.23443223443223|1499.6336996336997|1499.6336996336997
1387,2026-02-27 00:10:42,676.1904761904761|-545.054945054945|-736.2637362637363|-416.1172161172161|-170.6959706959707
1388,2026-02-27 00:10:42,-106.22710622710623|-97.43589743589743|-85.71428571428571|-76.92307692307692|-56.41025641025641
1389,2026-02-27 00:10:42,-52.747252747252745|-38.827838827838825|-28.571428571428573|-24.175824175824175|-8.058608058608058
1390,2026-02-27 00:10:42,-4.395604395604396|22.71062271062271|60.8058608058608|73.99267399267399|104.76190476190476
1391,2026-02-27 00:10:42,124.54212454212454|167.03296703296704|205.86080586080587|241.02564102564102|304.02930402930406
1392,2026-02-27 00:10:42,362.6373626373626|428.57142857142856|497.43589743589746|534.065934065934|570.6959706959707
1393,2026-02-27 00:10:42,576.5567765567765|569.9633699633699|535.5311355311355|449.8168498168498|345.7875457875458
1394,2026-02-27 00:10:42,195.6043956043956|56.41025641025641|-60.8058608058608|-160.43956043956044|-226.37362637362637
1395,2026-02-27 00:10:42,-276.1904761904762|-309.15750915750914|-332.6007326007326|-345.7875457875458|-346.5201465201465
1396,2026-02-27 00:10:42,-355.3113553113553|-346.5201465201465|-334.7985347985348|-331.86813186813185|-317.2161172161172
1397,2026-02-27 00:10:42,-311.35531135531136|-301.0989010989011|-290.84249084249086|-290.84249084249086|-273.992673992674
1398,2026-02-27 00:10:42,-275.45787545787545|-268.13186813186815|-271.79487179487177|-274.72527472527474|-264.46886446886447
1399,2026-02-27 00:10:43,-273.2600732600733|-268.13186813186815|-272.5274725274725|-273.992673992674|-266.6666666666667
1400,2026-02-27 00:10:43,-271.79487179487177|-271.06227106227107|-267.3992673992674|-276.1904761904762|-267.3992673992674
1401,2026-02-27 00:10:43,-273.2600732600733|-264.46886446886447|-258.6080586080586|-260.0732600732601|-252.01465201465203
1402,2026-02-27 00:10:43,-254.21245421245422|-242.49084249084248|-241.02564102564102|-248.35164835164835|-235.16483516483515
1403,2026-02-27 00:10:43,-223.44322344322345|-216.11721611721612|-216.11721611721612|-220.51282051282053|-205.86080586080587
1404,2026-02-27 00:10:43,-205.86080586080587|-193.4065934065934|-193.4065934065934|-196.33699633699635|-190.47619047619048
1405,2026-02-27 00:10:43,-194.87179487179486|-180.95238095238096|-175.0915750915751|-180.95238095238096|-170.6959706959707
1406,2026-02-27 00:10:43,-178.02197802197801|-172.16117216117217|-164.83516483516485|-164.83516483516485|-156.7765567765568
1407,2026-02-27 00:10:43,-158.97435897435898|-145.78754578754578|-142.85714285714286|-130.4029304029304|-119.41391941391942
1408,2026-02-27 00:10:43,-136.996336996337|-107.6923076923077|-71.06227106227107|-65.93406593406593|-73.99267399267399
1409,2026-02-27 00:10:43,-104.02930402930403|-126.73992673992674|-154.57875457875457|-161.17216117216117|-147.25274725274724
1410,2026-02-27 00:10:43,-144.32234432234432|-132.6007326007326|-131.13553113553112|-147.25274725274724|-72.52747252747253
1411,2026-02-27 00:10:43,202.93040293040292|1060.0732600732601|1499.6336996336997|1388.2783882783883|-127.47252747252747
1412,2026-02-27 00:10:43,-767.7655677655678|-498.16849816849816|-217.58241758241758|-112.82051282051282|-99.63369963369964
1413,2026-02-27 00:10:43,-101.83150183150182|-84.24908424908425|-76.19047619047619|-68.13186813186813|-43.223443223443226
1414,2026-02-27 00:10:43,-37.362637362637365|-19.047619047619047|-8.058608058608058|13.91941391941392|32.234432234432234
1415,2026-02-27 00:10:43,43.223443223443226|75.45787545787546|99.63369963369964|113.55311355311355|151.64835164835165
1416,2026-02-27 00:10:43,185.34798534798534|232.23443223443223|287.1794871794872|345.05494505494505|416.1172161172161
1417,2026-02-27 00:10:43,465.9340659340659|526.007326007326|558.974358974359|572.1611721611722|577.2893772893773
1418,2026-02-27 00:10:43,544.3223443223443|491.57509157509156|394.87179487179486|243.95604395604394|113.55311355311355
1419,2026-02-27 00:10:43,-24.175824175824175|-117.94871794871794|-194.13919413919413|-257.87545787545787|-287.1794871794872
1420,2026-02-27 00:10:43,-323.0769230769231|-335.53113553113553|-338.46153846153845|-346.5201465201465|-334.0659340659341
1421,2026-02-27 00:10:43,-333.3333333333333|-320.1465201465202|-317.94871794871796|-305.4945054945055|-293.7728937728938
1422,2026-02-27 00:10:43,-287.1794871794872|-266.6666666666667|-265.9340659340659|-267.3992673992674|-271.06227106227107
1423,2026-02-27 00:10:43,-275.45787545787545|-261.53846153846155|-249.8168498168498|-260.8058608058608|-260.0732600732601
1424,2026-02-27 00:10:44,-266.6666666666667|-263.7362637362637|-263.003663003663|-263.003663003663|-261.53846153846155
1425,2026-02-27 00:10:44,-265.9340659340659|-266.6666666666667|-270.3296703296703|-268.13186813186815|-252.74725274725276
1426,2026-02-27 00:10:44,-260.0732600732601|-246.15384615384616|-230.03663003663004|-235.16483516483515|-228.57142857142858
1427,2026-02-27 00:10:44,-227.83882783882783|-205.86080586080587|-204.3956043956044|-213.1868131868132|-207.32600732600733
1428,2026-02-27 00:10:44,-214.65201465201466|-202.1978021978022|-205.12820512820514|-202.93040293040292|-196.33699633699635
1429,2026-02-27 00:10:44,-204.3956043956044|-194.13919413919413|-188.2783882783883|-179.48717948717947|-170.6959706959707
1430,2026-02-27 00:10:44,-174.35897435897436|-164.83516483516485|-154.57875457875457|-157.50915750915752|-153.1135531135531
1431,2026-02-27 00:10:44,-155.3113553113553|-147.25274725274724|-142.12454212454213|-129.67032967032966|-112.82051282051282
1432,2026-02-27 00:10:44,-115.01831501831502|-115.01831501831502|-76.92307692307692|-48.35164835164835|-52.747252747252745
1433,2026-02-27 00:10:44,-78.3882783882784|-93.77289377289377|-126.73992673992674|-142.85714285714286|-129.67032967032966
1434,2026-02-27 00:10:44,-128.2051282051282|-118.68131868131869|-113.55311355311355|-107.6923076923077|-98.16849816849818
1435,2026-02-27 00:10:44,16.117216117216117|347.98534798534797|1285.7142857142858|1499.6336996336997|1003.6630036630037
1436,2026-02-27 00:10:44,-355.3113553113553|-753.8461538461538|-509.15750915750914|-248.35164835164835|-110.62271062271063
1437,2026-02-27 00:10:44,-97.43589743589743|-73.99267399267399|-60.07326007326007|-47.61904761904762|-28.571428571428573
1438,2026-02-27 00:10:44,-27.83882783882784|-12.454212454212454|-3.663003663003663|19.047619047619047|41.75824175824176
1439,2026-02-27 00:10:44,60.8058608058608|79.85347985347985|100.36630036630036|116.48351648351648|151.64835164835165
1440,2026-02-27 00:10:44,169.96336996336996|216.11721611721612|257.14285714285717|306.959706959707|369.96336996337
1441,2026-02-27 00:10:44,428.57142857142856|494.5054945054945|541.3919413919414|572.1611721611722|578.021978021978
1442,2026-02-27 00:10:44,566.3003663003662|533.3333333333334|462.27106227106225|350.9157509157509|215.3846153846154
1443,2026-02-27 00:10:44,68.86446886446886|-48.35164835164835|-144.32234432234432|-216.11721611721612|-264.46886446886447
1444,2026-02-27 00:10:44,-309.15750915750914|-322.34432234432234|-334.7985347985348|-336.2637362637363|-334.7985347985348
1445,2026-02-27 00:10:44,-338.46153846153845|-328.93772893772893|-321.61172161172163|-317.2161172161172|-306.959706959707
1446,2026-02-27 00:10:44,-309.8901098901099|-296.7032967032967|-293.7728937728938|-285.7142857142857|-271.79487179487177
1447,2026-02-27 00:10:45,-274.72527472527474|-263.7362637362637|-268.13186813186815|-270.3296703296703|-272.5274725274725
1448,2026-02-27 00:10:45,-287.9120879120879|-287.1794871794872|-295.23809523809524|-298.16849816849816|-293.040293040293
1449,2026-02-27 00:10:45,-290.84249084249086|-283.5164835164835|-288.64468864468864|-277.65567765567766|-265.9340659340659
1450,2026-02-27 00:10:45,-262.27106227106225|-248.35164835164835|-254.21245421245422|-249.8168498168498|-246.8864468864469
1451,2026-02-27 00:10:45,-246.15384615384616|-235.16483516483515|-235.16483516483515|-226.37362637362637|-230.76923076923077
1452,2026-02-27 00:10:45,-227.83882783882783|-213.1868131868132|-217.58241758241758|-217.58241758241758|-211.7216117216117
1453,2026-02-27 00:10:45,-217.58241758241758|-197.06959706959708|-201.46520146520146|-202.93040293040292|-197.06959706959708
1454,2026-02-27 00:10:45,-191.2087912087912|-181.6849816849817|-182.41758241758242|-173.62637362637363|-158.97435897435898
1455,2026-02-27 00:10:45,-164.83516483516485|-148.71794871794873|-142.85714285714286|-145.78754578754578|-142.85714285714286
1456,2026-02-27 00:10:45,-114.28571428571429|-72.52747252747253|-84.24908424908425|-106.95970695970696|-130.4029304029304
1457,2026-02-27 00:10:45,-172.16117216117217|-173.62637362637363|-172.16117216117217|-164.83516483516485|-158.97435897435898
1458,2026-02-27 00:10:45,-164.83516483516485|-156.04395604395606|-160.43956043956044|-30.76923076923077|357.5091575091575
1459,2026-02-27 00:10:45,1441.025641025641|1499.6336996336997|814.6520146520146|-509.15750915750914|-776.5567765567765
1460,2026-02-27 00:10:45,-453.4798534798535|-200.0|-134.06593406593407|-129.67032967032966|-117.94871794871794
1461,2026-02-27 00:10:45,-100.36630036630036|-74.72527472527473|-71.06227106227107|-63.00366300366301|-43.956043956043956
1462,2026-02-27 00:10:45,-30.76923076923077|-9.523809523809524|-2.197802197802198|16.84981684981685|37.362637362637365
1463,2026-02-27 00:10:45,57.142857142857146|90.10989010989012|109.15750915750915|136.996336996337|179.48717948717947
1464,2026-02-27 00:10:45,221.97802197802199|280.5860805860806|336.2637362637363|402.9304029304029|466.6666666666667
1465,2026-02-27 00:10:45,512.0879120879121|547.2527472527472|553.1135531135532|546.5201465201466|506.2271062271062
1466,2026-02-27 00:10:45,418.31501831501834|307.6923076923077|169.96336996336996|31.501831501831504|-86.44688644688645
1467,2026-02-27 00:10:45,-181.6849816849817|-242.49084249084248|-293.7728937728938|-324.54212454212455|-346.5201465201465
1468,2026-02-27 00:10:45,-358.24175824175825|-353.84615384615387|-361.17216117216117|-349.45054945054943|-340.65934065934067
1469,2026-02-27 00:10:45,-333.3333333333333|-323.0769230769231|-318.68131868131866|-301.83150183150184|-297.43589743589746
1470,2026-02-27 00:10:45,-290.84249084249086|-274.72527472527474|-286.4468864468864|-283.5164835164835|-273.2600732600733
1471,2026-02-27 00:10:45,-290.84249084249086|-282.05128205128204|-284.98168498168496|-276.1904761904762|-282.05128205128204
1472,2026-02-27 00:10:45,-286.4468864468864|-287.9120879120879|-293.040293040293|-287.1794871794872|-287.1794871794872
1473,2026-02-27 00:10:45,-290.1098901098901|-286.4468864468864|-283.5164835164835|-270.3296703296703|-261.53846153846155
1474,2026-02-27 00:10:46,-265.9340659340659|-249.8168498168498|-252.74725274725276|-249.08424908424908|-242.49084249084248
1475,2026-02-27 00:10:46,-237.36263736263737|-226.37362637362637|-227.83882783882783|-221.97802197802199|-216.11721611721612
1476,2026-02-27 00:10:46,-216.84981684981685|-207.32600732600733|-208.7912087912088|-200.0|-196.33699633699635
1477,2026-02-27 00:10:46,-201.46520146520146|-181.6849816849817|-191.94139194139194|-188.2783882783883|-178.02197802197801
1478,2026-02-27 00:10:46,-178.02197802197801|-166.3003663003663|-166.3003663003663|-161.17216117216117|-157.50915750915752
1479,2026-02-27 00:10:46,-147.25274725274724|-142.85714285714286|-153.1135531135531|-132.6007326007326|-120.87912087912088
1480,2026-02-27 00:10:46,-126.73992673992674|-120.87912087912088|-95.23809523809524|-52.014652014652015|-50.54945054945055
1481,2026-02-27 00:10:46,-73.99267399267399|-97.43589743589743|-126.73992673992674|-144.32234432234432|-141.3919413919414
1482,2026-02-27 00:10:46,-135.53113553113553|-127.47252747252747|-131.86813186813185|-126.73992673992674|-134.06593406593407
1483,2026-02-27 00:10:46,-61.53846153846154|251.28205128205127|1159.7069597069597|1499.6336996336997|1319.4139194139193
1484,2026-02-27 00:10:46,-220.51282051282053|-760.4395604395604|-463.003663003663|-188.2783882783883|-97.43589743589743
1485,2026-02-27 00:10:46,-98.9010989010989|-88.64468864468864|-73.99267399267399|-54.21245421245421|-49.08424908424909
1486,2026-02-27 00:10:46,-49.08424908424909|-31.501831501831504|-19.78021978021978|5.128205128205129|19.78021978021978
1487,2026-02-27 00:10:46,31.501831501831504|53.47985347985348|73.99267399267399|100.36630036630036|124.54212454212454
1488,2026-02-27 00:10:46,151.64835164835165|201.46520146520146|242.49084249084248|290.84249084249086|355.3113553113553
1489,2026-02-27 00:10:46,409.5238095238095|472.5274725274725|512.0879120879121|561.9047619047619|583.1501831501831
1490,2026-02-27 00:10:46,570.6959706959707|545.054945054945|475.45787545787545|368.4981684981685|241.02564102564102
1491,2026-02-27 00:10:46,101.0989010989011|-15.384615384615385|-123.80952380952381|-200.0|-258.6080586080586
1492,2026-02-27 00:10:46,-306.2271062271062|-318.68131868131866|-336.2637362637363|-345.7875457875458|-346.5201465201465
1493,2026-02-27 00:10:46,-337.72893772893775|-323.0769230769231|-324.54212454212455|-318.68131868131866|-310.6227106227106
1494,2026-02-27 00:10:46,-304.02930402930406|-287.9120879120879|-283.5164835164835|-275.45787545787545|-273.2600732600733
1495,2026-02-27 00:10:46,-283.5164835164835|-265.9340659340659|-271.79487179487177|-282.05128205128204|-277.65567765567766
1496,2026-02-27 00:10:46,-276.1904761904762|-271.79487179487177|-284.24908424908426|-276.1904761904762|-284.98168498168496
1497,2026-02-27 00:10:46,-286.4468864468864|-276.1904761904762|-274.72527472527474|-265.9340659340659|-263.003663003663
1498,2026-02-27 00:10:46,-267.3992673992674|-254.21245421245422|-254.21245421245422|-252.74725274725276|-254.21245421245422
1499,2026-02-27 00:10:46,-251.28205128205127|-241.02564102564102|-241.02564102564102|-236.63003663003664|-238.0952380952381
1500,2026-02-27 00:10:47,-237.36263736263737|-221.97802197802199|-214.65201465201466|-207.32600732600733|-205.86080586080587
1501,2026-02-27 00:10:47,-205.86080586080587|-189.74358974358975|-194.13919413919413|-180.21978021978023|-177.28937728937728
1502,2026-02-27 00:10:47,-175.0915750915751|-161.17216117216117|-166.3003663003663|-158.97435897435898|-158.97435897435898
1503,2026-02-27 00:10:47,-155.3113553113553|-150.1831501831502|-156.04395604395606|-147.25274725274724|-146.5201465201465
1504,2026-02-27 00:10:47,-135.53113553113553|-117.94871794871794|-131.13553113553112|-106.22710622710623|-65.2014652014652
1505,2026-02-27 00:10:47,-56.41025641025641|-52.747252747252745|-81.31868131868131|-112.08791208791209|-141.3919413919414
1506,2026-02-27 00:10:47,-145.78754578754578|-132.6007326007326|-132.6007326007326|-123.80952380952381|-125.27472527472527
1507,2026-02-27 00:10:47,-136.996336996337|-101.83150183150182|71.06227106227107|612.4542124542124|1499.6336996336997
1508,2026-02-27 00:10:47,1499.6336996336997|404.3956043956044|-659.3406593406594|-699.6336996336996|-403.6630036630037
1509,2026-02-27 00:10:47,-178.02197802197801|-106.95970695970696|-106.22710622710623|-79.85347985347985|-53.47985347985348
1510,2026-02-27 00:10:47,-29.304029304029303|-21.978021978021978|-24.175824175824175|-3.663003663003663|5.86080586080586
1511,2026-02-27 00:10:47,17.582417582417584|41.75824175824176|64.46886446886447|81.31868131868131|99.63369963369964
1512,2026-02-27 00:10:47,127.47252747252747|160.43956043956044|181.6849816849817|227.83882783882783|272.5274725274725
1513,2026-02-27 00:10:47,323.0769230769231|390.4761904761905|452.01465201465203|507.6923076923077|545.054945054945
1514,2026-02-27 00:10:47,567.7655677655678|572.8937728937728|554.5787545787546|506.959706959707|415.38461538461536
1515,2026-02-27 00:10:47,295.23809523809524|161.9047619047619|30.76923076923077|-78.3882783882784|-166.3003663003663
1516,2026-02-27 00:10:47,-235.16483516483515|-273.992673992674|-314.2857142857143|-330.4029304029304|-331.13553113553115
1517,2026-02-27 00:10:47,-331.86813186813185|-334.7985347985348|-331.86813186813185|-309.8901098901099|-308.42490842490844
1518,2026-02-27 00:10:47,-293.7728937728938|-277.65567765567766|-284.98168498168496|-273.992673992674|-267.3992673992674
1519,2026-02-27 00:10:47,-265.2014652014652|-267.3992673992674|-273.992673992674|-261.53846153846155|-267.3992673992674
1520,2026-02-27 00:10:47,-266.6666666666667|-271.79487179487177|-286.4468864468864|-283.5164835164835|-287.1794871794872
1521,2026-02-27 00:10:47,-287.9120879120879|-289.3772893772894|-295.97069597069594|-283.5164835164835|-286.4468864468864
1522,2026-02-27 00:10:47,-289.3772893772894|-287.9120879120879|-287.9120879120879|-273.992673992674|-266.6666666666667
1523,2026-02-27 00:10:47,-260.0732600732601|-249.08424908424908|-253.4798534798535|-254.94505494505495|-259.34065934065933
1524,2026-02-27 00:10:48,-248.35164835164835|-235.16483516483515|-235.16483516483515|-221.97802197802199|-219.04761904761904
1525,2026-02-27 00:10:48,-218.3150183150183|-204.3956043956044|-205.86080586080587|-201.46520146520146|-207.32600732600733
1526,2026-02-27 00:10:48,-199.26739926739927|-194.13919413919413|-195.6043956043956|-191.2087912087912|-188.2783882783883
1527,2026-02-27 00:10:48,-171.42857142857142|-168.4981684981685|-170.6959706959707|-156.7765567765568|-145.78754578754578
1528,2026-02-27 00:10:48,-155.3113553113553|-142.85714285714286|-95.97069597069597|-70.32967032967034|-79.85347985347985
1529,2026-02-27 00:10:48,-106.22710622710623|-134.06593406593407|-167.03296703296704|-166.3003663003663|-169.23076923076923
1530,2026-02-27 00:10:48,-158.24175824175825|-156.04395604395606|-161.17216117216117|-155.3113553113553|-124.54212454212454
1531,2026-02-27 00:10:48,73.99267399267399|689.3772893772893|1499.6336996336997|1499.6336996336997|230.76923076923077
1532,2026-02-27 00:10:48,-752.3809523809524|-652.7472527472528|-335.53113553113553|-148.71794871794873|-126.73992673992674
1533,2026-02-27 00:10:48,-122.34432234432235|-106.22710622710623|-96.7032967032967|-73.99267399267399|-63.00366300366301
1534,2026-02-27 00:10:48,-56.41025641025641|-32.967032967032964|-21.245421245421245|5.128205128205129|17.582417582417584
1535,2026-02-27 00:10:48,38.095238095238095|57.142857142857146|76.19047619047619|113.55311355311355|125.27472527472527
1536,2026-02-27 00:10:48,165.56776556776558|213.91941391941393|261.53846153846155|319.4139194139194|389.010989010989
1537,2026-02-27 00:10:48,454.94505494505495|512.8205128205128|550.1831501831501|580.952380952381|576.5567765567765
1538,2026-02-27 00:10:48,553.8461538461538|500.3663003663004|408.05860805860806|278.38827838827837|139.9267399267399
1539,2026-02-27 00:10:48,18.315018315018314|-94.50549450549451|-194.13919413919413|-254.21245421245422|-288.64468864468864
1540,2026-02-27 00:10:48,-320.1465201465202|-336.2637362637363|-358.24175824175825|-353.84615384615387|-346.5201465201465
1541,2026-02-27 00:10:48,-342.12454212454213|-332.6007326007326|-334.0659340659341|-317.2161172161172|-314.2857142857143
1542,2026-02-27 00:10:48,-302.56410256410254|-290.84249084249086|-286.4468864468864|-276.1904761904762|-284.98168498168496
1543,2026-02-27 00:10:48,-282.05128205128204|-265.9340659340659|-263.003663003663|-261.53846153846155|-267.3992673992674
1544,2026-02-27 00:10:48,-272.5274725274725|-264.46886446886447|-276.1904761904762|-271.79487179487177|-274.72527472527474
1545,2026-02-27 00:10:48,-271.79487179487177|-265.2014652014652|-270.3296703296703|-263.7362637362637|-265.9340659340659
1546,2026-02-27 00:10:48,-270.3296703296703|-255.67765567765568|-251.28205128205127|-249.8168498168498|-250.54945054945054
1547,2026-02-27 00:10:48,-235.89743589743588|-230.03663003663004|-235.16483516483515|-223.44322344322345|-215.3846153846154
1548,2026-02-27 00:10:48,-208.7912087912088|-202.93040293040292|-202.93040293040292|-200.0|-194.13919413919413
1549,2026-02-27 00:10:49,-189.01098901098902|-183.15018315018315|-180.95238095238096|-169.96336996336996|-170.6959706959707
1550,2026-02-27 00:10:49,-164.10256410256412|-156.04395604395606|-156.04395604395606|-146.5201465201465|-157.50915750915752
1551,2026-02-27 00:10:49,-153.1135531135531|-141.3919413919414|-145.05494505494505|-134.06593406593407|-126.73992673992674
1552,2026-02-27 00:10:49,-120.14652014652015|-114.28571428571429|-121.6117216117216|-75.45787545787546|-49.08424908424909
1553,2026-02-27 00:10:49,-49.81684981684982|-63.73626373626374|-97.43589743589743|-123.80952380952381|-143.5897435897436
1554,2026-02-27 00:10:49,-134.06593406593407|-126.73992673992674|-135.53113553113553|-132.6007326007326|-135.53113553113553
1555,2026-02-27 00:10:49,-144.32234432234432|-37.362637362637365|309.8901098901099|1388.2783882783883|1499.6336996336997
1556,2026-02-27 00:10:49,1121.6117216117216|-367.032967032967|-745.054945054945|-408.05860805860806|-160.43956043956044
1557,2026-02-27 00:10:49,-84.98168498168498|-81.31868131868131|-79.85347985347985|-60.07326007326007|-52.014652014652015
1558,2026-02-27 00:10:49,-41.75824175824176|-24.90842490842491|-16.117216117216117|8.791208791208792|19.78021978021978
1559,2026-02-27 00:10:49,37.362637362637365|50.54945054945055|63.73626373626374|107.6923076923077|132.6007326007326
1560,2026-02-27 00:10:49,170.6959706959707|197.8021978021978|230.76923076923077|272.5274725274725|314.2857142857143
1561,2026-02-27 00:10:49,374.35897435897436|440.2930402930403|495.23809523809524|547.2527472527472|578.021978021978
1562,2026-02-27 00:10:49,600.0|583.8827838827839|544.3223443223443|479.8534798534798|359.7069597069597
1563,2026-02-27 00:10:49,229.3040293040293|91.57509157509158|-27.106227106227106|-123.80952380952381|-205.12820512820514
1564,2026-02-27 00:10:49,-263.7362637362637|-298.16849816849816|-328.93772893772893|-331.86813186813185|-334.0659340659341
1565,2026-02-27 00:10:49,-331.86813186813185|-330.4029304029304|-320.8791208791209|-309.15750915750914|-311.35531135531136
1566,2026-02-27 00:10:49,-295.23809523809524|-286.4468864468864|-284.24908424908426|-283.5164835164835|-288.64468864468864
1567,2026-02-27 00:10:49,-268.13186813186815|-261.53846153846155|-264.46886446886447|-270.3296703296703|-265.9340659340659
1568,2026-02-27 00:10:49,-265.9340659340659|-275.45787545787545|-277.65567765567766|-275.45787545787545|-277.65567765567766
1569,2026-02-27 00:10:49,-267.3992673992674|-271.79487179487177|-275.45787545787545|-273.2600732600733|-273.2600732600733
1570,2026-02-27 00:10:49,-271.79487179487177|-272.5274725274725|-275.45787545787545|-261.53846153846155|-255.67765567765568
1571,2026-02-27 00:10:49,-249.8168498168498|-246.8864468864469|-246.8864468864469|-229.3040293040293|-239.56043956043956
1572,2026-02-27 00:10:49,-236.63003663003664|-227.83882783882783|-217.58241758241758|-208.7912087912088|-213.91941391941393
1573,2026-02-27 00:10:49,-209.52380952380952|-203.66300366300365|-202.93040293040292|-191.94139194139194|-200.0
1574,2026-02-27 00:10:49,-195.6043956043956|-192.67399267399267|-180.95238095238096|-172.16117216117217|-179.48717948717947
1575,2026-02-27 00:10:50,-174.35897435897436|-166.3003663003663|-164.10256410256412|-156.04395604395606|-156.04395604395606
1576,2026-02-27 00:10:50,-145.78754578754578|-148.71794871794873|-148.71794871794873|-135.53113553113553|-142.85714285714286
1577,2026-02-27 00:10:50,-132.6007326007326|-123.80952380952381|-76.92307692307692|-53.47985347985348|-71.06227106227107
1578,2026-02-27 00:10:50,-75.45787545787546|-110.62271062271063|-143.5897435897436|-148.71794871794873|-147.98534798534797
1579,2026-02-27 00:10:50,-142.85714285714286|-143.5897435897436|-142.85714285714286|-135.53113553113553|-109.15750915750915
1580,2026-02-27 00:10:50,65.2014652014652|528.2051282051282|1499.6336996336997|1499.6336996336997|473.992673992674
1581,2026-02-27 00:10:50,-617.5824175824176|-724.5421245421245|-437.3626373626374|-201.46520146520146|-111.35531135531136
1582,2026-02-27 00:10:50,-98.9010989010989|-84.98168498168498|-70.32967032967034|-53.47985347985348|-50.54945054945055
1583,2026-02-27 00:10:50,-29.304029304029303|-18.315018315018314|-2.197802197802198|16.84981684981685|30.036630036630036
1584,2026-02-27 00:10:50,52.014652014652015|54.94505494505494|79.85347985347985|107.6923076923077|123.80952380952381
1585,2026-02-27 00:10:50,167.76556776556777|208.05860805860806|263.003663003663|312.8205128205128|367.032967032967
1586,2026-02-27 00:10:50,435.8974358974359|496.7032967032967|536.2637362637363|557.5091575091575|553.8461538461538
1587,2026-02-27 00:10:50,535.5311355311355|490.1098901098901|409.5238095238095|296.7032967032967|162.63736263736263
1588,2026-02-27 00:10:50,41.02564102564103|-78.3882783882784|-168.4981684981685|-235.16483516483515|-276.1904761904762
1589,2026-02-27 00:10:50,-306.2271062271062|-329.6703296703297|-335.53113553113553|-333.3333333333333|-332.6007326007326
1590,2026-02-27 00:10:50,-321.61172161172163|-323.0769230769231|-312.8205128205128|-309.8901098901099|-293.7728937728938
1591,2026-02-27 00:10:50,-287.9120879120879|-283.5164835164835|-274.72527472527474|-267.3992673992674|-275.45787545787545
1592,2026-02-27 00:10:50,-270.3296703296703|-274.72527472527474|-273.2600732600733|-290.1098901098901|-307.6923076923077
1593,2026-02-27 00:10:50,-299.6336996336996|-306.959706959707|-310.6227106227106|-305.4945054945055|-310.6227106227106
1594,2026-02-27 00:10:50,-312.8205128205128|-311.35531135531136|-305.4945054945055|-296.7032967032967|-298.16849816849816
1595,2026-02-27 00:10:50,-287.9120879120879|-285.7142857142857|-273.2600732600733|-267.3992673992674|-277.65567765567766
1596,2026-02-27 00:10:50,-273.2600732600733|-273.2600732600733|-265.9340659340659|-260.8058608058608|-263.7362637362637
1597,2026-02-27 00:10:50,-258.6080586080586|-240.2930402930403|-235.16483516483515|-224.9084249084249|-220.51282051282053
1598,2026-02-27 00:10:50,-204.3956043956044|-203.66300366300365|-191.2087912087912|-190.47619047619048|-197.06959706959708
1599,2026-02-27 00:10:51,-180.95238095238096|-179.48717948717947|-173.62637362637363|-178.02197802197801|-173.62637362637363
1600,2026-02-27 00:10:51,-167.76556776556777|-167.76556776556777|-167.76556776556777|-156.04395604395606|-145.05494505494505
1601,2026-02-27 00:10:51,-136.26373626373626|-153.1135531135531|-141.3919413919414|-97.43589743589743|-76.92307692307692
1602,2026-02-27 00:10:51,-95.23809523809524|-126.73992673992674|-150.91575091575092|-177.28937728937728|-183.88278388278388
1603,2026-02-27 00:10:51,-178.02197802197801|-170.6959706959707|-170.6959706959707|-164.83516483516485|-167.76556776556777
1604,2026-02-27 00:10:51,-106.22710622710623|148.71794871794873|913.5531135531136|1499.6336996336997|1490.8424908424909
1605,2026-02-27 00:10:51,-50.54945054945055|-800.7326007326008|-567.7655677655678|-261.53846153846155|-145.78754578754578
1606,2026-02-27 00:10:51,-141.3919413919414|-134.06593406593407|-110.62271062271063|-84.24908424908425|-76.92307692307692
1607,2026-02-27 00:10:51,-52.014652014652015|-41.75824175824176|-37.362637362637365|-19.047619047619047|4.395604395604396
1608,2026-02-27 00:10:51,32.234432234432234|52.014652014652015|72.52747252747253|85.71428571428571|109.15750915750915
1609,2026-02-27 00:10:51,150.1831501831502|183.88278388278388|216.11721611721612|264.46886446886447|326.007326007326
1610,2026-02-27 00:10:51,402.1978021978022|451.28205128205127|500.3663003663004|545.7875457875458|560.4395604395604
1611,2026-02-27 00:10:51,572.1611721611722|545.7875457875458|482.05128205128204|378.75457875457874|249.8168498168498
1612,2026-02-27 00:10:51,111.35531135531136|-24.175824175824175|-126.73992673992674|-213.1868131868132|-266.6666666666667
1613,2026-02-27 00:10:51,-302.56410256410254|-331.86813186813185|-346.5201465201465|-361.17216117216117|-368.4981684981685
1614,2026-02-27 00:10:51,-355.3113553113553|-348.71794871794873|-334.0659340659341|-322.34432234432234|-323.0769230769231
1615,2026-02-27 00:10:51,-312.8205128205128|-307.6923076923077|-298.16849816849816|-289.3772893772894|-271.79487179487177
1616,2026-02-27 00:10:51,-258.6080586080586|-262.27106227106225|-258.6080586080586|-264.46886446886447|-266.6666666666667
1617,2026-02-27 00:10:51,-260.0732600732601|-267.3992673992674|-264.46886446886447|-260.0732600732601|-268.86446886446885
1618,2026-02-27 00:10:51,-267.3992673992674|-274.72527472527474|-273.992673992674|-263.003663003663|-264.46886446886447
1619,2026-02-27 00:10:51,-261.53846153846155|-260.0732600732601|-246.8864468864469|-238.0952380952381|-248.35164835164835
1620,2026-02-27 00:10:51,-242.49084249084248|-238.0952380952381|-226.37362637362637|-216.11721611721612|-224.17582417582418
1621,2026-02-27 00:10:51,-217.58241758241758|-214.65201465201466|-214.65201465201466|-213.1868131868132|-207.32600732600733
1622,2026-02-27 00:10:51,-192.67399267399267|-197.06959706959708|-195.6043956043956|-181.6849816849817|-188.2783882783883
1623,2026-02-27 00:10:51,-172.16117216117217|-180.95238095238096|-174.35897435897436|-169.23076923076923|-160.43956043956044
1624,2026-02-27 00:10:52,-153.1135531135531|-157.50915750915752|-153.1135531135531|-142.12454212454213|-144.32234432234432
1625,2026-02-27 00:10:52,-126.73992673992674|-119.41391941391942|-106.22710622710623|-110.62271062271063|-75.45787545787546
1626,2026-02-27 00:10:52,-40.29304029304029|-46.88644688644688|-59.34065934065934|-88.64468864468864|-129.67032967032966
1627,2026-02-27 00:10:52,-141.3919413919414|-141.3919413919414|-131.86813186813185|-130.4029304029304|-132.6007326007326
1628,2026-02-27 00:10:52,-126.73992673992674|-142.85714285714286|-18.315018315018314|405.12820512820514|1499.6336996336997
1629,2026-02-27 00:10:52,1499.6336996336997|878.3882783882784|-493.040293040293|-728.2051282051282|-392.6739926739927
1630,2026-02-27 00:10:52,-156.04395604395606|-102.56410256410257|-112.08791208791209|-98.9010989010989|-85.71428571428571
1631,2026-02-27 00:10:52,-62.27106227106227|-60.8058608058608|-39.56043956043956|-16.84981684981685|-12.454212454212454
1632,2026-02-27 00:10:52,16.84981684981685|21.245421245421245|34.43223443223443|60.8058608058608|88.64468864468864
1633,2026-02-27 00:10:52,112.08791208791209|134.06593406593407|191.2087912087912|227.83882783882783|263.7362637362637
1634,2026-02-27 00:10:52,323.0769230769231|393.4065934065934|449.0842490842491|506.2271062271062|550.1831501831501
1635,2026-02-27 00:10:52,592.6739926739926|600.7326007326008|592.6739926739926|545.054945054945|460.8058608058608
1636,2026-02-27 00:10:52,346.5201465201465|201.46520146520146|75.45787545787546|-42.49084249084249|-135.53113553113553
1637,2026-02-27 00:10:52,-213.1868131868132|-273.2600732600733|-301.83150183150184|-321.61172161172163|-342.85714285714283
1638,2026-02-27 00:10:52,-342.85714285714283|-349.45054945054943|-334.0659340659341|-323.0769230769231|-323.0769230769231
1639,2026-02-27 00:10:52,-321.61172161172163|-308.42490842490844|-293.7728937728938|-295.23809523809524|-283.5164835164835
1640,2026-02-27 00:10:52,-271.79487179487177|-275.45787545787545|-271.06227106227107|-274.72527472527474|-275.45787545787545
1641,2026-02-27 00:10:52,-272.5274725274725|-274.72527472527474|-271.06227106227107|-282.7838827838828|-275.45787545787545
1642,2026-02-27 00:10:52,-284.98168498168496|-286.4468864468864|-271.79487179487177|-266.6666666666667|-266.6666666666667
1643,2026-02-27 00:10:52,-268.13186813186815|-273.2600732600733|-265.9340659340659|-262.27106227106225|-254.94505494505495
1644,2026-02-27 00:10:52,-252.01465201465203|-249.8168498168498|-241.02564102564102|-238.0952380952381|-230.76923076923077
1645,2026-02-27 00:10:52,-227.1062271062271|-225.64102564102564|-214.65201465201466|-206.5934065934066|-208.7912087912088
1646,2026-02-27 00:10:52,-201.46520146520146|-205.86080586080587|-195.6043956043956|-191.2087912087912|-194.13919413919413
1647,2026-02-27 00:10:52,-180.21978021978023|-178.02197802197801|-167.76556776556777|-172.16117216117217|-168.4981684981685
1648,2026-02-27 00:10:52,-157.50915750915752|-165.56776556776558|-153.1135531135531|-148.71794871794873|-143.5897435897436
1649,2026-02-27 00:10:52,-123.80952380952381|-120.14652014652015|-123.80952380952381|-95.23809523809524|-59.34065934065934
1650,2026-02-27 00:10:53,-47.61904761904762|-72.52747252747253|-88.64468864468864|-130.4029304029304|-150.1831501831502
1651,2026-02-27 00:10:53,-145.78754578754578|-147.25274725274724|-135.53113553113553|-128.2051282051282|-126.73992673992674
1652,2026-02-27 00:10:53,-114.28571428571429|-24.90842490842491|261.53846153846155|1064.4688644688645|1499.6336996336997
1653,2026-02-27 00:10:53,1249.8168498168498|-172.16117216117217|-755.3113553113553|-574.3589743589744|-295.23809523809524
1654,2026-02-27 00:10:53,-132.6007326007326|-98.9010989010989|-79.12087912087912|-76.92307692307692|-71.06227106227107
1655,2026-02-27 00:10:53,-54.94505494505494|-50.54945054945055|-28.571428571428573|-16.84981684981685|-6.593406593406593
1656,2026-02-27 00:10:53,21.245421245421245|34.43223443223443|59.34065934065934|75.45787545787546|93.04029304029304
1657,2026-02-27 00:10:53,120.87912087912088|147.25274725274724|183.88278388278388|227.83882783882783|284.98168498168496
1658,2026-02-27 00:10:53,336.2637362637363|383.1501831501831|443.2234432234432|486.4468864468864|521.6117216117216
1659,2026-02-27 00:10:53,545.054945054945|541.3919413919414|509.8901098901099|437.3626373626374|336.996336996337
1660,2026-02-27 00:10:53,216.11721611721612|72.52747252747253|-48.35164835164835|-155.3113553113553|-229.3040293040293
1661,2026-02-27 00:10:53,-284.98168498168496|-328.93772893772893|-341.3919413919414|-355.3113553113553|-359.7069597069597
1662,2026-02-27 00:10:53,-356.7765567765568|-355.3113553113553|-334.0659340659341|-335.53113553113553|-333.3333333333333
1663,2026-02-27 00:10:53,-318.68131868131866|-317.2161172161172|-301.0989010989011|-296.7032967032967|-290.1098901098901
1664,2026-02-27 00:10:53,-282.05128205128204|-295.23809523809524|-290.84249084249086|-287.9120879120879|-290.84249084249086
1665,2026-02-27 00:10:53,-283.5164835164835|-295.23809523809524|-287.1794871794872|-287.9120879120879|-290.1098901098901
1666,2026-02-27 00:10:53,-290.84249084249086|-296.7032967032967|-286.4468864468864|-290.1098901098901|-283.5164835164835
1667,2026-02-27 00:10:53,-267.3992673992674|-273.2600732600733|-264.46886446886447|-264.46886446886447|-257.87545787545787
1668,2026-02-27 00:10:53,-251.28205128205127|-254.21245421245422|-230.03663003663004|-237.36263736263737|-239.56043956043956
1669,2026-02-27 00:10:53,-239.56043956043956|-246.15384615384616|-227.83882783882783|-223.44322344322345|-224.9084249084249
1670,2026-02-27 00:10:53,-221.97802197802199|-216.11721611721612|-200.0|-200.0|-205.86080586080587
1671,2026-02-27 00:10:53,-193.4065934065934|-193.4065934065934|-195.6043956043956|-200.0|-188.2783882783883
1672,2026-02-27 00:10:53,-180.21978021978023|-179.48717948717947|-170.6959706959707|-167.76556776556777|-157.50915750915752
1673,2026-02-27 00:10:53,-142.85714285714286|-154.57875457875457|-143.5897435897436|-88.64468864468864|-73.26007326007326
1674,2026-02-27 00:10:53,-79.85347985347985|-110.62271062271063|-136.26373626373626|-164.10256410256412|-166.3003663003663
1675,2026-02-27 00:10:54,-160.43956043956044|-158.97435897435898|-156.04395604395606|-158.24175824175825|-157.50915750915752
1676,2026-02-27 00:10:54,-126.73992673992674|67.3992673992674|712.0879120879121|1499.6336996336997|1499.6336996336997
1677,2026-02-27 00:10:54,262.27106227106225|-744.3223443223443|-619.047619047619|-288.64468864468864|-136.996336996337
1678,2026-02-27 00:10:54,-117.94871794871794|-120.87912087912088|-106.22710622710623|-95.97069597069597|-68.13186813186813
1679,2026-02-27 00:10:54,-52.014652014652015|-41.75824175824176|-27.106227106227106|-13.91941391941392|6.593406593406593
1680,2026-02-27 00:10:54,23.44322344322344|38.827838827838825|65.2014652014652|81.31868131868131|116.48351648351648
1681,2026-02-27 00:10:54,139.9267399267399|169.96336996336996|210.98901098901098|256.4102564102564|315.75091575091574
1682,2026-02-27 00:10:54,383.8827838827839|442.4908424908425|506.959706959707|550.1831501831501|580.952380952381
1683,2026-02-27 00:10:54,584.6153846153846|558.974358974359|512.8205128205128|413.1868131868132|291.57509157509156
1684,2026-02-27 00:10:54,153.1135531135531|15.384615384615385|-84.24908424908425|-180.21978021978023|-243.2234432234432
1685,2026-02-27 00:10:54,-286.4468864468864|-328.93772893772893|-336.2637362637363|-347.98534798534797|-349.45054945054943
1686,2026-02-27 00:10:54,-343.5897435897436|-346.5201465201465|-332.6007326007326|-317.2161172161172|-309.8901098901099
1687,2026-02-27 00:10:54,-306.2271062271062|-304.02930402930406|-286.4468864468864|-286.4468864468864|-283.5164835164835
1688,2026-02-27 00:10:54,-264.46886446886447|-268.86446886446885|-252.74725274725276|-263.7362637362637|-263.003663003663
1689,2026-02-27 00:10:54,-266.6666666666667|-273.992673992674|-273.2600732600733|-285.7142857142857|-277.65567765567766
1690,2026-02-27 00:10:54,-273.2600732600733|-282.05128205128204|-271.79487179487177|-270.3296703296703|-262.27106227106225
1691,2026-02-27 00:10:54,-258.6080586080586|-260.0732600732601|-248.35164835164835|-255.67765567765568|-246.8864468864469
1692,2026-02-27 00:10:54,-238.0952380952381|-242.49084249084248|-229.3040293040293|-229.3040293040293|-226.37362637362637
1693,2026-02-27 00:10:54,-228.57142857142858|-238.0952380952381|-220.51282051282053|-208.7912087912088|-201.46520146520146
1694,2026-02-27 00:10:54,-196.33699633699635|-200.0|-189.01098901098902|-195.6043956043956|-191.2087912087912
1695,2026-02-27 00:10:54,-182.41758241758242|-188.2783882783883|-190.47619047619048|-191.2087912087912|-170.6959706959707
1696,2026-02-27 00:10:54,-168.4981684981685|-167.03296703296704|-145.78754578754578|-147.25274725274724|-136.996336996337
1697,2026-02-27 00:10:54,-123.07692307692308|-107.6923076923077|-114.28571428571429|-123.80952380952381|-76.19047619047619
1698,2026-02-27 00:10:54,-43.223443223443226|-62.27106227106227|-83.51648351648352|-116.48351648351648|-142.85714285714286
1699,2026-02-27 00:10:55,-155.3113553113553|-161.9047619047619|-154.57875457875457|-150.1831501831502|-134.06593406593407
1700,2026-02-27 00:10:55,-122.34432234432235|-117.94871794871794|28.571428571428573|465.2014652014652|1499.6336996336997
1701,2026-02-27 00:10:55,1499.6336996336997|723.8095238095239|-552.3809523809524|-730.4029304029305|-405.86080586080584
1702,2026-02-27 00:10:55,-172.8937728937729|-100.36630036630036|-94.50549450549451|-88.64468864468864|-66.66666666666667
1703,2026-02-27 00:10:55,-50.54945054945055|-43.223443223443226|-28.571428571428573|-21.245421245421245|-5.128205128205129
1704,2026-02-27 00:10:55,6.593406593406593|22.71062271062271|49.08424908424909|65.2014652014652|97.43589743589743
1705,2026-02-27 00:10:55,113.55311355311355|145.78754578754578|185.34798534798534|221.24542124542126|267.3992673992674
1706,2026-02-27 00:10:55,320.1465201465202|386.0805860805861|461.53846153846155|515.018315018315|560.4395604395604
1707,2026-02-27 00:10:55,589.7435897435897|591.2087912087912|583.8827838827839|534.7985347985348|466.6666666666667
1708,2026-02-27 00:10:55,353.84615384615387|202.93040293040292|69.59706959706959|-60.07326007326007|-148.71794871794873
1709,2026-02-27 00:10:55,-215.3846153846154|-264.46886446886447|-305.4945054945055|-333.3333333333333|-330.4029304029304
1710,2026-02-27 00:10:55,-331.86813186813185|-334.7985347985348|-319.4139194139194|-314.2857142857143|-310.6227106227106
1711,2026-02-27 00:10:55,-309.8901098901099|-299.6336996336996|-283.5164835164835|-276.9230769230769|-266.6666666666667
1712,2026-02-27 00:10:55,-265.9340659340659|-273.992673992674|-272.5274725274725|-275.45787545787545|-264.46886446886447
1713,2026-02-27 00:10:55,-283.5164835164835|-286.4468864468864|-284.98168498168496|-295.97069597069594|-295.23809523809524
1714,2026-02-27 00:10:55,-287.9120879120879|-287.9120879120879|-287.9120879120879|-295.23809523809524|-284.98168498168496
1715,2026-02-27 00:10:55,-282.7838827838828|-290.1098901098901|-273.2600732600733|-273.992673992674|-265.9340659340659
1716,2026-02-27 00:10:55,-263.7362637362637|-263.003663003663|-251.28205128205127|-249.8168498168498|-241.75824175824175
1717,2026-02-27 00:10:55,-238.0952380952381|-235.16483516483515|-229.3040293040293|-236.63003663003664|-226.37362637362637
1718,2026-02-27 00:10:55,-226.37362637362637|-223.44322344322345|-216.11721611721612|-216.84981684981685|-201.46520146520146
1719,2026-02-27 00:10:55,-194.87179487179486|-200.0|-188.2783882783883|-194.13919413919413|-178.75457875457874
1720,2026-02-27 00:10:55,-168.4981684981685|-160.43956043956044|-158.97435897435898|-153.1135531135531|-106.22710622710623
1721,2026-02-27 00:10:55,-87.91208791208791|-94.50549450549451|-103.2967032967033|-148.71794871794873|-165.56776556776558
1722,2026-02-27 00:10:55,-170.6959706959707|-172.16117216117217|-164.10256410256412|-171.42857142857142|-158.24175824175825
1723,2026-02-27 00:10:55,-159.7069597069597|-123.80952380952381|57.875457875457876|545.7875457875458|1499.6336996336997
1724,2026-02-27 00:10:55,1499.6336996336997|416.8498168498169|-651.2820512820513|-730.4029304029305|-427.1062271062271
1725,2026-02-27 00:10:56,-196.33699633699635|-134.06593406593407|-119.41391941391942|-107.6923076923077|-85.71428571428571
1726,2026-02-27 00:10:56,-73.26007326007326|-61.53846153846154|-51.282051282051285|-49.08424908424909|-21.245421245421245
1727,2026-02-27 00:10:56,-5.128205128205129|16.84981684981685|32.967032967032964|46.15384615384615|76.92307692307692
1728,2026-02-27 00:10:56,106.95970695970696|128.2051282051282|161.9047619047619|185.34798534798534|247.61904761904762
1729,2026-02-27 00:10:56,301.0989010989011|350.9157509157509|430.03663003663|476.9230769230769|515.7509157509157
1730,2026-02-27 00:10:56,538.4615384615385|538.4615384615385|536.996336996337|468.13186813186815|384.61538461538464
1731,2026-02-27 00:10:56,263.003663003663|124.54212454212454|5.128205128205129|-113.55311355311355|-201.46520146520146
1732,2026-02-27 00:10:56,-268.13186813186815|-309.8901098901099|-321.61172161172163|-347.25274725274727|-354.57875457875457
1733,2026-02-27 00:10:56,-355.3113553113553|-344.32234432234435|-333.3333333333333|-336.2637362637363|-328.93772893772893
1734,2026-02-27 00:10:56,-323.0769230769231|-313.5531135531136|-298.16849816849816|-298.16849816849816|-276.1904761904762
1735,2026-02-27 00:10:56,-282.05128205128204|-276.9230769230769|-270.3296703296703|-273.2600732600733|-267.3992673992674
1736,2026-02-27 00:10:56,-275.45787545787545|-282.05128205128204|-284.98168498168496|-295.97069597069594|-287.1794871794872
1737,2026-02-27 00:10:56,-286.4468864468864|-287.1794871794872|-282.05128205128204|-293.7728937728938|-284.98168498168496
1738,2026-02-27 00:10:56,-282.05128205128204|-273.2600732600733|-258.6080586080586|-254.21245421245422|-242.49084249084248
1739,2026-02-27 00:10:56,-242.49084249084248|-238.0952380952381|-227.1062271062271|-241.02564102564102|-224.9084249084249
1740,2026-02-27 00:10:56,-219.04761904761904|-211.7216117216117|-201.46520146520146|-202.93040293040292|-195.6043956043956
1741,2026-02-27 00:10:56,-202.1978021978022|-197.06959706959708|-183.15018315018315|-188.2783882783883|-177.28937728937728
1742,2026-02-27 00:10:56,-172.16117216117217|-169.23076923076923|-161.9047619047619|-166.3003663003663|-148.71794871794873
1743,2026-02-27 00:10:56,-147.98534798534797|-136.996336996337|-123.80952380952381|-132.6007326007326|-134.7985347985348
1744,2026-02-27 00:10:56,-99.63369963369964|-59.34065934065934|-51.282051282051285|-79.85347985347985|-98.9010989010989
1745,2026-02-27 00:10:56,-134.06593406593407|-147.25274725274724|-128.2051282051282|-134.7985347985348|-134.06593406593407
1746,2026-02-27 00:10:56,-132.6007326007326|-135.53113553113553|-132.6007326007326|-8.058608058608058|441.75824175824175
1747,2026-02-27 00:10:56,1499.6336996336997|1499.6336996336997|777.2893772893773|-582.4175824175824|-726.7399267399268
1748,2026-02-27 00:10:56,-378.02197802197804|-158.24175824175825|-115.01831501831502|-126.73992673992674|-103.2967032967033
1749,2026-02-27 00:10:56,-83.51648351648352|-65.2014652014652|-47.61904761904762|-47.61904761904762|-19.78021978021978
1750,2026-02-27 00:10:57,-8.791208791208792|8.058608058608058|29.304029304029303|37.362637362637365|72.52747252747253
1751,2026-02-27 00:10:57,100.36630036630036|116.48351648351648|148.71794871794873|178.02197802197801|221.97802197802199
1752,2026-02-27 00:10:57,255.67765567765568|311.35531135531136|372.16117216117215|434.43223443223445|499.6336996336996
1753,2026-02-27 00:10:57,546.5201465201466|579.4871794871794|591.2087912087912|570.6959706959707|531.1355311355311
1754,2026-02-27 00:10:57,448.35164835164835|322.34432234432234|181.6849816849817|37.362637362637365|-63.73626373626374
1755,2026-02-27 00:10:57,-167.76556776556777|-241.02564102564102|-287.1794871794872|-320.1465201465202|-332.6007326007326
1756,2026-02-27 00:10:57,-347.98534798534797|-347.98534798534797|-334.0659340659341|-344.32234432234435|-337.72893772893775
1757,2026-02-27 00:10:57,-328.93772893772893|-317.2161172161172|-305.4945054945055|-304.02930402930406|-293.7728937728938
1758,2026-02-27 00:10:57,-294.5054945054945|-284.98168498168496|-273.2600732600733|-273.2600732600733|-265.9340659340659
1759,2026-02-27 00:10:57,-271.79487179487177|-264.46886446886447|-254.21245421245422|-265.9340659340659|-260.8058608058608
1760,2026-02-27 00:10:57,-265.2014652014652|-268.13186813186815|-261.53846153846155|-267.3992673992674|-263.003663003663
1761,2026-02-27 00:10:57,-263.003663003663|-258.6080586080586|-252.74725274725276|-255.67765567765568|-239.56043956043956
1762,2026-02-27 00:10:57,-251.28205128205127|-252.01465201465203|-246.8864468864469|-247.61904761904762|-235.16483516483515
1763,2026-02-27 00:10:57,-239.56043956043956|-229.3040293040293|-219.04761904761904|-224.17582417582418|-212.45421245421247
1764,2026-02-27 00:10:57,-213.1868131868132|-205.86080586080587|-192.67399267399267|-192.67399267399267|-181.6849816849817
1765,2026-02-27 00:10:57,-191.2087912087912|-180.21978021978023|-178.02197802197801|-179.48717948717947|-159.7069597069597
1766,2026-02-27 00:10:57,-148.71794871794873|-135.53113553113553|-135.53113553113553|-106.22710622710623|-66.66666666666667
1767,2026-02-27 00:10:57,-66.66666666666667|-85.71428571428571|-110.62271062271063|-149.45054945054946|-160.43956043956044
1768,2026-02-27 00:10:57,-156.7765567765568|-145.78754578754578|-153.84615384615384|-154.57875457875457|-143.5897435897436
1769,2026-02-27 00:10:57,-135.53113553113553|-5.128205128205129|345.05494505494505|1339.9267399267399|1499.6336996336997
1770,2026-02-27 00:10:57,928.2051282051282|-394.87179487179486|-787.5457875457876|-531.1355311355311|-258.6080586080586
1771,2026-02-27 00:10:57,-141.3919413919414|-112.08791208791209|-93.77289377289377|-76.19047619047619|-58.608058608058606
1772,2026-02-27 00:10:57,-50.54945054945055|-28.571428571428573|-17.582417582417584|-17.582417582417584|8.058608058608058
1773,2026-02-27 00:10:57,22.71062271062271|40.29304029304029|65.2014652014652|86.44688644688645|119.41391941391942
1774,2026-02-27 00:10:58,132.6007326007326|162.63736263736263|197.8021978021978|232.96703296703296|304.02930402930406
1775,2026-02-27 00:10:58,361.17216117216117|425.64102564102564|484.98168498168496|521.6117216117216|557.5091575091575
1776,2026-02-27 00:10:58,567.7655677655678|560.4395604395604|522.3443223443223|432.967032967033|322.34432234432234
1777,2026-02-27 00:10:58,172.16117216117217|44.688644688644686|-68.13186813186813|-169.96336996336996|-238.0952380952381
1778,2026-02-27 00:10:58,-282.05128205128204|-305.4945054945055|-321.61172161172163|-344.32234432234435|-343.5897435897436
1779,2026-02-27 00:10:58,-346.5201465201465|-334.7985347985348|-333.3333333333333|-334.0659340659341|-315.75091575091574
1780,2026-02-27 00:10:58,-312.8205128205128|-301.0989010989011|-293.040293040293|-287.9120879120879|-273.992673992674
1781,2026-02-27 00:10:58,-282.05128205128204|-265.9340659340659|-258.6080586080586|-268.13186813186815|-270.3296703296703
1782,2026-02-27 00:10:58,-277.65567765567766|-273.992673992674|-283.5164835164835|-288.64468864468864|-289.3772893772894
1783,2026-02-27 00:10:58,-300.3663003663004|-290.84249084249086|-289.3772893772894|-290.84249084249086|-277.65567765567766
1784,2026-02-27 00:10:58,-275.45787545787545|-271.06227106227107|-270.3296703296703|-266.6666666666667|-249.8168498168498
1785,2026-02-27 00:10:58,-250.54945054945054|-241.02564102564102|-241.75824175824175|-239.56043956043956|-227.1062271062271
1786,2026-02-27 00:10:58,-236.63003663003664|-241.02564102564102|-229.3040293040293|-223.44322344322345|-211.7216117216117
1787,2026-02-27 00:10:58,-208.7912087912088|-202.93040293040292|-194.13919413919413|-200.0|-189.01098901098902
1788,2026-02-27 00:10:58,-180.95238095238096|-173.62637362637363|-180.95238095238096|-136.996336996337|-102.56410256410257
1789,2026-02-27 00:10:58,-112.08791208791209|-120.87912087912088|-147.25274725274724|-189.01098901098902|-194.13919413919413
1790,2026-02-27 00:10:58,-199.26739926739927|-176.55677655677655|-173.62637362637363|-173.62637362637363|-170.6959706959707
1791,2026-02-27 00:10:58,-169.96336996336996|-27.106227106227106|362.6373626373626|1475.4578754578754|1499.6336996336997
1792,2026-02-27 00:10:58,736.2637362637363|-547.985347985348|-797.8021978021978|-474.72527472527474|-224.9084249084249
1793,2026-02-27 00:10:58,-148.71794871794873|-141.3919413919414|-126.73992673992674|-112.08791208791209|-77.65567765567765
1794,2026-02-27 00:10:58,-64.46886446886447|-47.61904761904762|-30.036630036630036|-30.036630036630036|-13.186813186813186
1795,2026-02-27 00:10:58,5.128205128205129|34.43223443223443|50.54945054945055|72.52747252747253|100.36630036630036
1796,2026-02-27 00:10:58,113.55311355311355|160.43956043956044|194.13919413919413|226.37362637362637|294.5054945054945
1797,2026-02-27 00:10:58,358.24175824175825|438.82783882783883|490.1098901098901|524.5421245421245|554.5787545787546
1798,2026-02-27 00:10:58,550.1831501831501|545.7875457875458|492.3076923076923|396.3369963369963|286.4468864468864
1799,2026-02-27 00:10:58,135.53113553113553|27.106227106227106|-97.43589743589743|-195.6043956043956|-246.15384615384616
1800,2026-02-27 00:10:59,-284.98168498168496|-305.4945054945055|-320.8791208791209|-331.86813186813185|-323.0769230769231
1801,2026-02-27 00:10:59,-342.12454212454213|-321.61172161172163|-308.42490842490844|-305.4945054945055|-289.3772893772894
1802,2026-02-27 00:10:59,-306.2271062271062|-282.05128205128204|-276.1904761904762|-271.79487179487177|-263.003663003663
1803,2026-02-27 00:10:59,-265.9340659340659|-261.53846153846155|-252.01465201465203|-259.34065934065933|-252.74725274725276
1804,2026-02-27 00:10:59,-264.46886446886447|-252.74725274725276|-253.4798534798535|-265.9340659340659|-259.34065934065933
1805,2026-02-27 00:10:59,-265.9340659340659|-260.0732600732601|-254.94505494505495|-251.28205128205127|-248.35164835164835
1806,2026-02-27 00:10:59,-250.54945054945054|-240.2930402930403|-235.89743589743588|-238.0952380952381|-228.57142857142858
1807,2026-02-27 00:10:59,-235.16483516483515|-226.37362637362637|-224.9084249084249|-223.44322344322345|-204.3956043956044
1808,2026-02-27 00:10:59,-214.65201465201466|-213.1868131868132|-205.86080586080587|-201.46520146520146|-201.46520146520146
1809,2026-02-27 00:10:59,-208.7912087912088|-200.0|-192.67399267399267|-195.6043956043956|-180.21978021978023
1810,2026-02-27 00:10:59,-189.74358974358975|-169.96336996336996|-156.04395604395606|-149.45054945054946|-145.78754578754578
1811,2026-02-27 00:10:59,-144.32234432234432|-88.64468864468864|-75.45787545787546|-98.9010989010989|-107.6923076923077
1812,2026-02-27 00:10:59,-142.85714285714286|-160.43956043956044|-168.4981684981685|-166.3003663003663|-155.3113553113553
1813,2026-02-27 00:10:59,-156.04395604395606|-153.84615384615384|-158.97435897435898|-129.67032967032966|87.17948717948718
1814,2026-02-27 00:10:59,731.8681318681319|1499.6336996336997|1499.6336996336997|134.06593406593407|-758.2417582417582
1815,2026-02-27 00:10:59,-595.6043956043956|-274.72527472527474|-120.87912087912088|-94.50549450549451|-109.15750915750915
1816,2026-02-27 00:10:59,-109.89010989010988|-78.3882783882784|-54.94505494505494|-41.02564102564103|-32.234432234432234
1817,2026-02-27 00:10:59,-29.304029304029303|-5.86080586080586|8.058608058608058|21.245421245421245|41.75824175824176
1818,2026-02-27 00:10:59,54.21245421245421|76.92307692307692|100.36630036630036|126.73992673992674|169.23076923076923
1819,2026-02-27 00:10:59,200.0|257.14285714285717|315.75091575091574|383.1501831501831|443.2234432234432
1820,2026-02-27 00:10:59,491.57509157509156|538.4615384615385|553.1135531135532|547.2527472527472|523.8095238095239
1821,2026-02-27 00:10:59,454.94505494505495|355.3113553113553|221.97802197802199|78.3882783882784|-40.29304029304029
1822,2026-02-27 00:10:59,-161.9047619047619|-238.0952380952381|-287.9120879120879|-328.93772893772893|-345.05494505494505
1823,2026-02-27 00:10:59,-358.24175824175825|-365.56776556776555|-368.4981684981685|-369.96336996337|-356.7765567765568
1824,2026-02-27 00:10:59,-355.3113553113553|-341.3919413919414|-330.4029304029304|-328.93772893772893|-307.6923076923077
1825,2026-02-27 00:11:00,-311.35531135531136|-290.84249084249086|-288.64468864468864|-293.7728937728938|-289.3772893772894
1826,2026-02-27 00:11:00,-287.9120879120879|-276.1904761904762|-283.5164835164835|-287.9120879120879|-284.24908424908426
1827,2026-02-27 00:11:00,-283.5164835164835|-276.1904761904762|-277.65567765567766|-283.5164835164835|-279.1208791208791
1828,2026-02-27 00:11:00,-286.4468864468864|-273.2600732600733|-282.7838827838828|-277.65567765567766|-264.46886446886447
1829,2026-02-27 00:11:00,-263.003663003663|-252.74725274725276|-259.34065934065933|-254.21245421245422|-238.82783882783883
1830,2026-02-27 00:11:00,-241.02564102564102|-229.3040293040293|-227.83882783882783|-225.64102564102564|-211.7216117216117
1831,2026-02-27 00:11:00,-215.3846153846154|-206.5934065934066|-207.32600732600733|-195.6043956043956|-189.74358974358975
1832,2026-02-27 00:11:00,-189.74358974358975|-178.02197802197801|-170.6959706959707|-164.83516483516485|-164.10256410256412
1833,2026-02-27 00:11:00,-159.7069597069597|-156.7765567765568|-161.9047619047619|-153.84615384615384|-142.85714285714286
1834,2026-02-27 00:11:00,-134.7985347985348|-122.34432234432235|-127.47252747252747|-87.17948717948718|-53.47985347985348
1835,2026-02-27 00:11:00,-59.34065934065934|-63.73626373626374|-79.12087912087912|-123.80952380952381|-134.06593406593407
1836,2026-02-27 00:11:00,-132.6007326007326|-123.80952380952381|-126.00732600732601|-115.75091575091575|-113.55311355311355
1837,2026-02-27 00:11:00,-126.73992673992674|-7.326007326007326|367.032967032967|1461.5384615384614|1499.6336996336997
1838,2026-02-27 00:11:00,958.974358974359|-422.7106227106227|-737.7289377289377|-424.90842490842493|-180.95238095238096
1839,2026-02-27 00:11:00,-100.36630036630036|-82.78388278388279|-71.06227106227107|-56.41025641025641|-43.956043956043956
1840,2026-02-27 00:11:00,-30.036630036630036|-16.84981684981685|-19.78021978021978|-5.128205128205129|20.512820512820515
1841,2026-02-27 00:11:00,31.501831501831504|52.747252747252745|72.52747252747253|98.9010989010989|122.34432234432235
1842,2026-02-27 00:11:00,148.71794871794873|186.8131868131868|224.9084249084249|279.1208791208791|334.7985347985348
1843,2026-02-27 00:11:00,387.54578754578756|453.4798534798535|511.35531135531136|556.0439560439561|595.6043956043956
1844,2026-02-27 00:11:00,604.3956043956044|596.3369963369963|553.1135531135532|454.94505494505495|333.3333333333333
1845,2026-02-27 00:11:00,195.6043956043956|59.34065934065934|-62.27106227106227|-145.78754578754578|-216.11721611721612
1846,2026-02-27 00:11:00,-274.72527472527474|-301.83150183150184|-321.61172161172163|-330.4029304029304|-333.3333333333333
1847,2026-02-27 00:11:00,-333.3333333333333|-315.75091575091574|-311.35531135531136|-299.6336996336996|-295.23809523809524
1848,2026-02-27 00:11:00,-284.98168498168496|-270.3296703296703|-268.86446886446885|-263.003663003663|-258.6080586080586
1849,2026-02-27 00:11:01,-265.9340659340659|-252.74725274725276|-267.3992673992674|-263.003663003663|-261.53846153846155
1850,2026-02-27 00:11:01,-263.003663003663|-254.94505494505495|-271.79487179487177|-271.06227106227107|-265.9340659340659
1851,2026-02-27 00:11:01,-273.2600732600733|-273.2600732600733|-277.65567765567766|-271.06227106227107|-262.27106227106225
1852,2026-02-27 00:11:01,-263.003663003663|-258.6080586080586|-259.34065934065933|-250.54945054945054|-248.35164835164835
1853,2026-02-27 00:11:01,-253.4798534798535|-242.49084249084248|-241.02564102564102|-230.76923076923077|-227.83882783882783
1854,2026-02-27 00:11:01,-224.9084249084249|-220.51282051282053|-226.37362637362637|-219.78021978021977|-215.3846153846154
1855,2026-02-27 00:11:01,-213.1868131868132|-205.86080586080587|-210.25641025641025|-197.06959706959708|-190.47619047619048
1856,2026-02-27 00:11:01,-192.67399267399267|-189.01098901098902|-191.2087912087912|-180.95238095238096|-172.8937728937729
1857,2026-02-27 00:11:01,-169.96336996336996|-164.10256410256412|-158.97435897435898|-147.25274725274724|-145.78754578754578
1858,2026-02-27 00:11:01,-155.3113553113553|-105.49450549450549|-79.85347985347985|-82.78388278388279|-99.63369963369964
1859,2026-02-27 00:11:01,-125.27472527472527|-153.84615384615384|-187.54578754578753|-179.48717948717947|-167.76556776556777
1860,2026-02-27 00:11:01,-166.3003663003663|-156.04395604395606|-155.3113553113553|-156.04395604395606|-73.99267399267399
1861,2026-02-27 00:11:01,194.13919413919413|970.6959706959707|1499.6336996336997|1186.080586080586|-191.2087912087912
1862,2026-02-27 00:11:01,-785.3479853479854|-580.952380952381|-311.35531135531136|-158.97435897435898|-142.12454212454213
1863,2026-02-27 00:11:01,-134.7985347985348|-112.08791208791209|-98.16849816849818|-85.71428571428571|-78.3882783882784
1864,2026-02-27 00:11:01,-65.93406593406593|-41.75824175824176|-32.234432234432234|-13.186813186813186|5.86080586080586
1865,2026-02-27 00:11:01,22.71062271062271|46.15384615384615|65.93406593406593|98.9010989010989|120.87912087912088
1866,2026-02-27 00:11:01,161.17216117216117|214.65201465201466|262.27106227106225|324.54212454212455|384.61538461538464
1867,2026-02-27 00:11:01,440.2930402930403|498.9010989010989|522.3443223443223|542.8571428571429|535.5311355311355
1868,2026-02-27 00:11:01,501.83150183150184|437.3626373626374|322.34432234432234|202.93040293040292|72.52747252747253
1869,2026-02-27 00:11:01,-62.27106227106227|-157.50915750915752|-228.57142857142858|-276.1904761904762|-308.42490842490844
1870,2026-02-27 00:11:01,-335.53113553113553|-337.72893772893775|-347.98534798534797|-346.5201465201465|-340.65934065934067
1871,2026-02-27 00:11:01,-334.7985347985348|-324.54212454212455|-317.94871794871796|-298.16849816849816|-295.23809523809524
1872,2026-02-27 00:11:01,-291.57509157509156|-276.1904761904762|-274.72527472527474|-261.53846153846155|-254.94505494505495
1873,2026-02-27 00:11:01,-263.003663003663|-261.53846153846155|-265.2014652014652|-264.46886446886447|-272.5274725274725
1874,2026-02-27 00:11:01,-276.1904761904762|-263.003663003663|-261.53846153846155|-259.34065934065933|-265.9340659340659
1875,2026-02-27 00:11:02,-270.3296703296703|-267.3992673992674|-267.3992673992674|-260.0732600732601|-258.6080586080586
1876,2026-02-27 00:11:02,-252.74725274725276|-241.02564102564102|-241.02564102564102|-230.76923076923077|-235.16483516483515
1877,2026-02-27 00:11:02,-235.16483516483515|-220.51282051282053|-220.51282051282053|-213.1868131868132|-208.05860805860806
1878,2026-02-27 00:11:02,-205.12820512820514|-195.6043956043956|-200.73260073260073|-196.33699633699635|-192.67399267399267
1879,2026-02-27 00:11:02,-195.6043956043956|-180.95238095238096|-180.21978021978023|-176.55677655677655|-172.16117216117217
1880,2026-02-27 00:11:02,-169.23076923076923|-160.43956043956044|-157.50915750915752|-147.25274725274724|-150.1831501831502
1881,2026-02-27 00:11:02,-152.38095238095238|-135.53113553113553|-142.85714285714286|-135.53113553113553|-130.4029304029304
1882,2026-02-27 00:11:02,-131.13553113553112|-119.41391941391942|-121.6117216117216|-118.68131868131869|-112.08791208791209
1883,2026-02-27 00:11:02,-105.49450549450549|-88.64468864468864|-97.43589743589743|-98.9010989010989|-62.27106227106227
1884,2026-02-27 00:11:02,-24.175824175824175|-28.571428571428573|-60.8058608058608|-84.98168498168498|-117.94871794871794
1885,2026-02-27 00:11:02,-135.53113553113553|-123.80952380952381|-121.6117216117216|-122.34432234432235|-115.75091575091575
1886,2026-02-27 00:11:02,-112.08791208791209|-120.14652014652015|-27.106227106227106|365.56776556776555|1441.025641025641
1887,2026-02-27 00:11:02,1499.6336996336997|1004.3956043956044|-415.38461538461536|-705.4945054945055|-380.2197802197802
1888,2026-02-27 00:11:02,-153.1135531135531|-95.97069597069597|-97.43589743589743|-77.65567765567765|-66.66666666666667
1889,2026-02-27 00:11:02,-50.54945054945055|-37.362637362637365|-31.501831501831504|-18.315018315018314|-6.593406593406593
1890,2026-02-27 00:11:02,16.84981684981685|33.6996336996337|43.223443223443226|68.13186813186813|91.57509157509158
1891,2026-02-27 00:11:02,115.75091575091575|145.78754578754578|167.03296703296704|208.05860805860806|257.14285714285717
1892,2026-02-27 00:11:02,309.8901098901099|367.032967032967|421.24542124542126|477.65567765567766|529.6703296703297
1893,2026-02-27 00:11:02,561.9047619047619|588.2783882783883|580.2197802197802|550.1831501831501|476.1904761904762
1894,2026-02-27 00:11:02,359.7069597069597|230.76923076923077|87.17948717948718|-38.827838827838825|-131.86813186813185
1895,2026-02-27 00:11:02,-204.3956043956044|-255.67765567765568|-295.23809523809524|-321.61172161172163|-333.3333333333333
1896,2026-02-27 00:11:02,-334.0659340659341|-333.3333333333333|-337.72893772893775|-318.68131868131866|-313.5531135531136
1897,2026-02-27 00:11:02,-311.35531135531136|-299.6336996336996|-298.16849816849816|-284.24908424908426|-277.65567765567766
1898,2026-02-27 00:11:02,-274.72527472527474|-265.9340659340659|-267.3992673992674|-266.6666666666667|-271.06227106227107
1899,2026-02-27 00:11:03,-263.7362637362637|-263.003663003663|-270.3296703296703|-271.79487179487177|-275.45787545787545
1900,2026-02-27 00:11:03,-276.1904761904762|-276.1904761904762|-283.5164835164835|-273.2600732600733|-271.79487179487177
1901,2026-02-27 00:11:03,-263.003663003663|-258.6080586080586|-254.21245421245422|-246.8864468864469|-248.35164835164835
1902,2026-02-27 00:11:03,-249.8168498168498|-243.95604395604394|-250.54945054945054|-230.76923076923077|-239.56043956043956
1903,2026-02-27 00:11:03,-241.02564102564102|-227.1062271062271|-229.3040293040293|-213.91941391941393|-213.91941391941393
1904,2026-02-27 00:11:03,-205.86080586080587|-199.26739926739927|-201.46520146520146|-194.87179487179486|-188.2783882783883
1905,2026-02-27 00:11:03,-178.75457875457874|-172.8937728937729|-178.02197802197801|-166.3003663003663|-167.76556776556777
1906,2026-02-27 00:11:03,-158.97435897435898|-158.97435897435898|-164.83516483516485|-149.45054945054946|-149.45054945054946
1907,2026-02-27 00:11:03,-145.78754578754578|-134.7985347985348|-131.86813186813185|-123.07692307692308|-126.73992673992674
1908,2026-02-27 00:11:03,-126.73992673992674|-125.27472527472527|-120.87912087912088|-115.75091575091575|-113.55311355311355
1909,2026-02-27 00:11:03,-110.62271062271063|-101.83150183150182|-95.97069597069597|-84.24908424908425|-76.19047619047619
1910,2026-02-27 00:11:03,-81.31868131868131|-77.65567765567765|-37.362637362637365|-12.454212454212454|-19.78021978021978
1911,2026-02-27 00:11:03,-37.362637362637365|-55.67765567765568|-76.92307692307692|-95.97069597069597|-99.63369963369964
1912,2026-02-27 00:11:03,-97.43589743589743|-98.9010989010989|-101.0989010989011|-98.9010989010989|-85.71428571428571
1913,2026-02-27 00:11:03,62.27106227106227|500.3663003663004|1499.6336996336997|1499.6336996336997|671.0622710622711
1914,2026-02-27 00:11:03,-523.0769230769231|-688.6446886446887|-392.6739926739927|-161.9047619047619|-85.71428571428571
1915,2026-02-27 00:11:03,-74.72527472527473|-62.27106227106227|-46.88644688644688|-18.315018315018314|-24.175824175824175
1916,2026-02-27 00:11:03,-9.523809523809524|10.989010989010989|21.245421245421245|38.827838827838825|52.014652014652015
1917,2026-02-27 00:11:03,75.45787545787546|98.9010989010989|111.35531135531136|134.7985347985348|158.97435897435898
1918,2026-02-27 00:11:03,197.8021978021978|230.76923076923077|271.79487179487177|336.996336996337|389.7435897435897
1919,2026-02-27 00:11:03,451.28205128205127|509.15750915750914|556.0439560439561|592.6739926739926|597.0695970695971
1920,2026-02-27 00:11:03,585.3479853479854|549.4505494505495|476.9230769230769|361.17216117216117|221.97802197802199
1921,2026-02-27 00:11:03,87.17948717948718|-31.501831501831504|-134.7985347985348|-213.91941391941393|-264.46886446886447
1922,2026-02-27 00:11:03,-298.16849816849816|-324.54212454212455|-336.996336996337|-340.65934065934067|-343.5897435897436
1923,2026-02-27 00:11:03,-333.3333333333333|-330.4029304029304|-323.0769230769231|-307.6923076923077|-298.16849816849816
1924,2026-02-27 00:11:04,-293.040293040293|-287.1794871794872|-286.4468864468864|-274.72527472527474|-267.3992673992674
1925,2026-02-27 00:11:04,-271.06227106227107|-265.9340659340659|-273.992673992674|-274.72527472527474|-284.24908424908426
1926,2026-02-27 00:11:04,-288.64468864468864|-294.5054945054945|-299.6336996336996|-301.0989010989011|-299.6336996336996
1927,2026-02-27 00:11:04,-302.56410256410254|-301.0989010989011|-302.56410256410254|-295.23809523809524|-295.97069597069594
1928,2026-02-27 00:11:04,-286.4468864468864|-286.4468864468864|-286.4468864468864|-271.06227106227107|-270.3296703296703
1929,2026-02-27 00:11:04,-254.94505494505495|-257.87545787545787|-253.4798534798535|-249.08424908424908|-249.8168498168498
1930,2026-02-27 00:11:04,-249.08424908424908|-246.15384615384616|-246.8864468864469|-238.0952380952381|-236.63003663003664
1931,2026-02-27 00:11:04,-224.9084249084249|-217.58241758241758|-213.1868131868132|-204.3956043956044|-208.7912087912088
1932,2026-02-27 00:11:04,-203.66300366300365|-199.26739926739927|-201.46520146520146|-192.67399267399267|-191.94139194139194
1933,2026-02-27 00:11:04,-189.01098901098902|-180.95238095238096|-178.75457875457874|-179.48717948717947|-180.21978021978023
1934,2026-02-27 00:11:04,-170.6959706959707|-161.17216117216117|-157.50915750915752|-141.3919413919414|-152.38095238095238
1935,2026-02-27 00:11:04,-131.86813186813185|-79.85347985347985|-66.66666666666667|-77.65567765567765|-105.49450549450549
1936,2026-02-27 00:11:04,-135.53113553113553|-167.03296703296704|-169.23076923076923|-154.57875457875457|-155.3113553113553
1937,2026-02-27 00:11:04,-153.1135531135531|-145.78754578754578|-153.84615384615384|-115.01831501831502|81.31868131868131
1938,2026-02-27 00:11:04,720.1465201465202|1499.6336996336997|1499.6336996336997|145.78754578754578|-765.5677655677656
1939,2026-02-27 00:11:04,-628.5714285714286|-310.6227106227106|-147.98534798534797|-115.75091575091575|-120.87912087912088
1940,2026-02-27 00:11:04,-103.2967032967033|-85.71428571428571|-75.45787545787546|-65.2014652014652|-56.41025641025641
1941,2026-02-27 00:11:04,-35.8974358974359|-25.641025641025642|-7.326007326007326|14.652014652014651|32.967032967032964
1942,2026-02-27 00:11:04,44.688644688644686|68.86446886446886|87.17948717948718|122.34432234432235|150.91575091575092
1943,2026-02-27 00:11:04,204.3956043956044|259.34065934065933|314.2857142857143|373.6263736263736|425.64102564102564
1944,2026-02-27 00:11:04,488.64468864468864|534.065934065934|562.6373626373627|569.2307692307693|544.3223443223443
1945,2026-02-27 00:11:04,499.6336996336996|406.5934065934066|273.2600732600733|136.996336996337|-2.197802197802198
1946,2026-02-27 00:11:04,-112.08791208791209|-203.66300366300365|-272.5274725274725|-312.0879120879121|-343.5897435897436
1947,2026-02-27 00:11:04,-353.1135531135531|-366.3003663003663|-381.68498168498166|-368.4981684981685|-369.96336996337
1948,2026-02-27 00:11:04,-364.1025641025641|-352.3809523809524|-342.12454212454213|-322.34432234432234|-320.8791208791209
1949,2026-02-27 00:11:04,-307.6923076923077|-298.16849816849816|-296.7032967032967|-287.9120879120879|-289.3772893772894
1950,2026-02-27 00:11:05,-283.5164835164835|-286.4468864468864|-293.7728937728938|-286.4468864468864|-293.040293040293
1951,2026-02-27 00:11:05,-299.6336996336996|-299.6336996336996|-297.43589743589746|-290.84249084249086|-298.16849816849816
1952,2026-02-27 00:11:05,-286.4468864468864|-284.24908424908426|-290.84249084249086|-284.98168498168496|-277.65567765567766
1953,2026-02-27 00:11:05,-264.46886446886447|-265.9340659340659|-268.86446886446885|-260.0732600732601|-249.8168498168498
1954,2026-02-27 00:11:05,-241.02564102564102|-239.56043956043956|-235.16483516483515|-217.58241758241758|-220.51282051282053
1955,2026-02-27 00:11:05,-220.51282051282053|-219.04761904761904|-216.11721611721612|-200.0|-202.1978021978022
1956,2026-02-27 00:11:05,-200.0|-194.13919413919413|-192.67399267399267|-181.6849816849817|-179.48717948717947
1957,2026-02-27 00:11:05,-177.28937728937728|-173.62637362637363|-173.62637362637363|-164.83516483516485|-157.50915750915752
1958,2026-02-27 00:11:05,-150.1831501831502|-153.1135531135531|-144.32234432234432|-125.27472527472527|-119.41391941391942
1959,2026-02-27 00:11:05,-129.67032967032966|-107.6923076923077|-52.014652014652015|-38.827838827838825|-60.8058608058608
1960,2026-02-27 00:11:05,-87.17948717948718|-126.00732600732601|-156.04395604395606|-154.57875457875457|-148.71794871794873
1961,2026-02-27 00:11:05,-145.05494505494505|-145.78754578754578|-131.86813186813185|-136.996336996337|-66.66666666666667
1962,2026-02-27 00:11:05,225.64102564102564|1104.029304029304|1499.6336996336997|1309.1575091575091|-216.11721611721612
1963,2026-02-27 00:11:05,-783.1501831501831|-491.57509157509156|-202.93040293040292|-103.2967032967033|-111.35531135531136
1964,2026-02-27 00:11:05,-106.22710622710623|-85.71428571428571|-63.73626373626374|-48.35164835164835|-49.08424908424909
1965,2026-02-27 00:11:05,-30.76923076923077|-8.058608058608058|10.989010989010989|19.78021978021978|31.501831501831504
1966,2026-02-27 00:11:05,52.014652014652015|68.13186813186813|90.10989010989012|126.73992673992674|161.9047619047619
1967,2026-02-27 00:11:05,204.3956043956044|242.49084249084248|290.84249084249086|355.3113553113553|415.38461538461536
1968,2026-02-27 00:11:05,482.7838827838828|532.6007326007326|578.021978021978|600.7326007326008|589.7435897435897
1969,2026-02-27 00:11:05,562.6373626373627|497.43589743589746|402.1978021978022|260.0732600732601|110.62271062271063
1970,2026-02-27 00:11:05,-13.91941391941392|-119.41391941391942|-196.33699633699635|-251.28205128205127|-302.56410256410254
1971,2026-02-27 00:11:05,-313.5531135531136|-331.86813186813185|-343.5897435897436|-342.12454212454213|-340.65934065934067
1972,2026-02-27 00:11:05,-328.93772893772893|-322.34432234432234|-307.6923076923077|-298.16849816849816|-295.23809523809524
1973,2026-02-27 00:11:05,-282.05128205128204|-277.65567765567766|-271.79487179487177|-270.3296703296703|-265.9340659340659
1974,2026-02-27 00:11:06,-263.003663003663|-275.45787545787545|-271.79487179487177|-276.1904761904762|-284.98168498168496
1975,2026-02-27 00:11:06,-286.4468864468864|-283.5164835164835|-277.65567765567766|-273.2600732600733|-274.72527472527474
1976,2026-02-27 00:11:06,-261.53846153846155|-263.003663003663|-254.21245421245422|-241.02564102564102|-249.8168498168498
1977,2026-02-27 00:11:06,-247.61904761904762|-248.35164835164835|-243.2234432234432|-237.36263736263737|-229.3040293040293
1978,2026-02-27 00:11:06,-224.9084249084249|-223.44322344322345|-219.78021978021977|-214.65201465201466|-205.86080586080587
1979,2026-02-27 00:11:06,-205.12820512820514|-208.7912087912088|-205.86080586080587|-193.4065934065934|-189.01098901098902
1980,2026-02-27 00:11:06,-179.48717948717947|-180.95238095238096|-174.35897435897436|-172.16117216117217|-167.76556776556777
1981,2026-02-27 00:11:06,-167.76556776556777|-161.9047619047619|-158.24175824175825|-147.25274725274724|-147.98534798534797
1982,2026-02-27 00:11:06,-142.85714285714286|-131.13553113553112|-131.13553113553112|-115.01831501831502|-78.3882783882784
1983,2026-02-27 00:11:06,-52.014652014652015|-56.41025641025641|-94.50549450549451|-130.4029304029304|-156.04395604395606
1984,2026-02-27 00:11:06,-156.04395604395606|-154.57875457875457|-147.98534798534797|-142.85714285714286|-142.85714285714286
1985,2026-02-27 00:11:06,-132.6007326007326|-95.23809523809524|128.2051282051282|761.1721611721612|1499.6336996336997
1986,2026-02-27 00:11:06,1499.6336996336997|180.95238095238096|-722.3443223443223|-660.07326007326|-369.96336996337
1987,2026-02-27 00:11:06,-166.3003663003663|-107.6923076923077|-90.10989010989012|-85.71428571428571|-62.27106227106227
1988,2026-02-27 00:11:06,-33.6996336996337|-35.8974358974359|-16.84981684981685|-2.197802197802198|13.186813186813186
1989,2026-02-27 00:11:06,30.036630036630036|34.43223443223443|63.00366300366301|84.24908424908425|108.42490842490842
1990,2026-02-27 00:11:06,132.6007326007326|166.3003663003663|200.73260073260073|247.61904761904762|290.84249084249086
1991,2026-02-27 00:11:06,347.98534798534797|403.6630036630037|466.6666666666667|535.5311355311355|575.0915750915751
1992,2026-02-27 00:11:06,602.1978021978022|596.3369963369963|580.2197802197802|529.6703296703297|428.57142857142856
1993,2026-02-27 00:11:06,298.16849816849816|158.24175824175825|30.036630036630036|-95.97069597069597|-183.88278388278388
1994,2026-02-27 00:11:06,-255.67765567765568|-295.23809523809524|-321.61172161172163|-332.6007326007326|-340.65934065934067
1995,2026-02-27 00:11:06,-337.72893772893775|-335.53113553113553|-322.34432234432234|-310.6227106227106|-298.16849816849816
1996,2026-02-27 00:11:06,-288.64468864468864|-284.98168498168496|-287.9120879120879|-283.5164835164835|-284.24908424908426
1997,2026-02-27 00:11:06,-271.79487179487177|-273.2600732600733|-263.003663003663|-286.4468864468864|-286.4468864468864
1998,2026-02-27 00:11:06,-283.5164835164835|-295.97069597069594|-284.24908424908426|-297.43589743589746|-306.959706959707
1999,2026-02-27 00:11:07,-301.0989010989011|-302.56410256410254|-294.5054945054945|-309.15750915750914|-302.56410256410254
2000,2026-02-27 00:11:07,-286.4468864468864|-276.1904761904762|-267.3992673992674|-268.86446886446885|-282.05128205128204
2001,2026-02-27 00:11:07,-287.9120879120879|-267.3992673992674|-258.6080586080586|-272.5274725274725|-262.27106227106225
2002,2026-02-27 00:11:07,-246.8864468864469|-260.0732600732601|-238.82783882783883|-239.56043956043956|-248.35164835164835
2003,2026-02-27 00:11:07,-238.82783882783883|-229.3040293040293|-205.12820512820514|-202.93040293040292|-207.32600732600733
2004,2026-02-27 00:11:07,-208.7912087912088|-207.32600732600733|-195.6043956043956|-182.41758241758242|-131.86813186813185
2005,2026-02-27 00:11:07,-111.35531135531136|-120.87912087912088|-144.32234432234432|-158.97435897435898|-172.16117216117217
2006,2026-02-27 00:11:07,-189.01098901098902|-202.93040293040292|-195.6043956043956|-191.2087912087912|-176.55677655677655
2007,2026-02-27 00:11:07,-182.41758241758242|-183.88278388278388|-31.501831501831504|381.68498168498166|1474.7252747252746
2008,2026-02-27 00:11:07,1499.6336996336997|678.3882783882784|-587.5457875457876|-800.7326007326008|-463.003663003663
2009,2026-02-27 00:11:07,-216.11721611721612|-134.06593406593407|-125.27472527472527|-117.94871794871794|-101.83150183150182
2010,2026-02-27 00:11:07,-73.26007326007326|-65.2014652014652|-53.47985347985348|-52.747252747252745|-32.967032967032964
2011,2026-02-27 00:11:07,-12.454212454212454|-7.326007326007326|5.128205128205129|27.106227106227106|60.8058608058608
2012,2026-02-27 00:11:07,88.64468864468864|106.95970695970696|135.53113553113553|197.06959706959708|227.83882783882783
2013,2026-02-27 00:11:07,272.5274725274725|334.0659340659341|418.31501831501834|478.38827838827837|525.2747252747253
2014,2026-02-27 00:11:07,545.054945054945|545.7875457875458|553.1135531135532|501.83150183150184|413.1868131868132
2015,2026-02-27 00:11:07,298.9010989010989|156.04395604395606|34.43223443223443|-98.9010989010989|-200.0
2016,2026-02-27 00:11:07,-254.21245421245422|-306.959706959707|-326.007326007326|-345.7875457875458|-353.84615384615387
2017,2026-02-27 00:11:07,-365.56776556776555|-376.5567765567766|-341.3919413919414|-335.53113553113553|-330.4029304029304
2018,2026-02-27 00:11:07,-312.0879120879121|-318.68131868131866|-296.7032967032967|-289.3772893772894|-293.7728937728938
2019,2026-02-27 00:11:07,-275.45787545787545|-283.5164835164835|-271.79487179487177|-264.46886446886447|-263.003663003663
2020,2026-02-27 00:11:07,-290.1098901098901|-286.4468864468864|-290.84249084249086|-287.1794871794872|-275.45787545787545
2021,2026-02-27 00:11:07,-274.72527472527474|-267.3992673992674|-277.65567765567766|-270.3296703296703|-274.72527472527474
2022,2026-02-27 00:11:07,-267.3992673992674|-263.7362637362637|-254.94505494505495|-243.2234432234432|-254.21245421245422
2023,2026-02-27 00:11:07,-252.01465201465203|-249.8168498168498|-235.89743589743588|-236.63003663003664|-219.04761904761904
2024,2026-02-27 00:11:07,-224.9084249084249|-227.1062271062271|-213.91941391941393|-216.11721611721612|-202.1978021978022
2025,2026-02-27 00:11:08,-197.06959706959708|-204.3956043956044|-188.2783882783883|-188.2783882783883|-172.16117216117217
2026,2026-02-27 00:11:08,-170.6959706959707|-173.62637362637363|-158.97435897435898|-125.27472527472527|-85.71428571428571
2027,2026-02-27 00:11:08,-84.24908424908425|-117.94871794871794|-132.6007326007326|-173.62637362637363|-201.46520146520146
2028,2026-02-27 00:11:08,-183.88278388278388|-182.41758241758242|-161.17216117216117|-158.24175824175825|-167.03296703296704
2029,2026-02-27 00:11:08,-169.23076923076923|-40.29304029304029|427.83882783882785|1499.6336996336997|1499.6336996336997
2030,2026-02-27 00:11:08,710.6227106227107|-623.4432234432235|-715.018315018315|-353.84615384615387|-161.17216117216117
2031,2026-02-27 00:11:08,-114.28571428571429|-120.87912087912088|-109.15750915750915|-103.2967032967033|-82.78388278388279
2032,2026-02-27 00:11:08,-73.99267399267399|-60.8058608058608|-38.095238095238095|-18.315018315018314|-6.593406593406593
2033,2026-02-27 00:11:08,13.91941391941392|22.71062271062271|53.47985347985348|69.59706959706959|98.9010989010989
2034,2026-02-27 00:11:08,132.6007326007326|166.3003663003663|208.7912087912088|249.8168498168498|304.02930402930406
2035,2026-02-27 00:11:08,362.6373626373626|419.04761904761904|485.7142857142857|525.2747252747253|547.985347985348
2036,2026-02-27 00:11:08,570.6959706959707|561.9047619047619|512.0879120879121|409.5238095238095|286.4468864468864
2037,2026-02-27 00:11:08,148.71794871794873|9.523809523809524|-101.83150183150182|-202.93040293040292|-265.9340659340659
2038,2026-02-27 00:11:08,-312.8205128205128|-343.5897435897436|-355.3113553113553|-371.42857142857144|-371.42857142857144
2039,2026-02-27 00:11:08,-361.17216117216117|-362.6373626373626|-349.45054945054943|-349.45054945054943|-333.3333333333333
2040,2026-02-27 00:11:08,-318.68131868131866|-314.2857142857143|-302.56410256410254|-293.7728937728938|-290.1098901098901
2041,2026-02-27 00:11:08,-287.9120879120879|-282.7838827838828|-282.05128205128204|-284.98168498168496|-275.45787545787545
2042,2026-02-27 00:11:08,-266.6666666666667|-275.45787545787545|-289.3772893772894|-296.7032967032967|-289.3772893772894
2043,2026-02-27 00:11:08,-283.5164835164835|-293.7728937728938|-270.3296703296703|-265.2014652014652|-264.46886446886447
2044,2026-02-27 00:11:08,-267.3992673992674|-267.3992673992674|-249.8168498168498|-258.6080586080586|-252.74725274725276
2045,2026-02-27 00:11:08,-246.15384615384616|-246.15384615384616|-217.58241758241758|-217.58241758241758|-212.45421245421247
2046,2026-02-27 00:11:08,-199.26739926739927|-202.93040293040292|-193.4065934065934|-197.06959706959708|-199.26739926739927
2047,2026-02-27 00:11:08,-193.4065934065934|-179.48717948717947|-172.16117216117217|-166.3003663003663|-170.6959706959707
2048,2026-02-27 00:11:08,-166.3003663003663|-121.6117216117216|-94.50549450549451|-99.63369963369964|-111.35531135531136
2049,2026-02-27 00:11:08,-125.27472527472527|-164.83516483516485|-169.96336996336996|-164.83516483516485|-160.43956043956044
2050,2026-02-27 00:11:09,-166.3003663003663|-150.91575091575092|-147.25274725274724|-145.78754578754578|-5.128205128205129
2051,2026-02-27 00:11:09,428.57142857142856|1499.6336996336997|1499.6336996336997|720.8791208791209|-557.5091575091575
2052,2026-02-27 00:11:09,-752.3809523809524|-426.3736263736264|-180.95238095238096|-113.55311355311355|-103.2967032967033
2053,2026-02-27 00:11:09,-94.50549450549451|-82.78388278388279|-62.27106227106227|-43.956043956043956|-30.76923076923077
2054,2026-02-27 00:11:09,-12.454212454212454|-6.593406593406593|18.315018315018314|33.6996336996337|39.56043956043956
2055,2026-02-27 00:11:09,63.73626373626374|81.31868131868131|112.08791208791209|136.996336996337|175.0915750915751
2056,2026-02-27 00:11:09,207.32600732600733|252.74725274725276|324.54212454212455|385.34798534798534|449.0842490842491
2057,2026-02-27 00:11:09,512.8205128205128|550.1831501831501|585.3479853479854|581.6849816849817|571.4285714285714
2058,2026-02-27 00:11:09,525.2747252747253|428.57142857142856|296.7032967032967|148.71794871794873|27.83882783882784
2059,2026-02-27 00:11:09,-100.36630036630036|-191.94139194139194|-251.28205128205127|-288.64468864468864|-309.8901098901099
2060,2026-02-27 00:11:09,-329.6703296703297|-340.65934065934067|-332.6007326007326|-328.93772893772893|-328.93772893772893
