Packet_Number,Timestamp,Data
1,2026-02-27 00:11:16,-169.96336996336996|-122.34432234432235|-87.17948717948718|-87.17948717948718|-115.01831501831502
2,2026-02-27 00:11:16,-166.3003663003663|-180.95238095238096|-189.74358974358975|-175.0915750915751|-169.23076923076923
3,2026-02-27 00:11:16,-166.3003663003663|-157.50915750915752|-167.76556776556777|-136.996336996337|5.128205128205129
4,2026-02-27 00:11:16,494.5054945054945|1499.6336996336997|1499.6336996336997|498.9010989010989|-660.07326007326
5,2026-02-27 00:11:16,-712.8205128205128|-362.6373626373626|-135.53113553113553|-133.33333333333334|-79.12087912087912
6,2026-02-27 00:11:16,-101.83150183150182|-95.23809523809524|-28.571428571428573|-141.3919413919414|-41.02564102564103
7,2026-02-27 00:11:16,-290.84249084249086|-225.64102564102564|125.27472527472527|-87.17948717948718|-5.86080586080586
8,2026-02-27 00:11:16,-13.186813186813186|-129.67032967032966|231.5018315018315|15.384615384615385|126.73992673992674
9,2026-02-27 00:11:17,419.7802197802198|84.24908424908425|476.9230769230769|475.45787545787545|348.71794871794873
10,2026-02-27 00:11:17,768.4981684981685|347.98534798534797|675.4578754578755|554.5787545787546|482.7838827838828
11,2026-02-27 00:11:17,815.3846153846154|201.46520146520146|395.6043956043956|158.97435897435898|-85.71428571428571
12,2026-02-27 00:11:17,109.15750915750915|-390.4761904761905|-152.38095238095238|-296.7032967032967|-387.54578754578756
13,2026-02-27 00:11:17,-214.65201465201466|-531.1355311355311|-299.6336996336996|-483.5164835164835|-323.8095238095238
14,2026-02-27 00:11:17,-277.65567765567766|-477.65567765567766|-178.75457875457874|-408.05860805860806|-295.23809523809524
15,2026-02-27 00:11:17,-243.95604395604394|-445.42124542124543|-182.41758241758242|-412.45421245421244|-273.2600732600733
16,2026-02-27 00:11:17,-213.1868131868132|-457.87545787545787|-144.32234432234432|-387.54578754578756|-311.35531135531136
17,2026-02-27 00:11:17,-71.06227106227107|-445.42124542124543|-122.34432234432235|-246.8864468864469|-265.9340659340659
18,2026-02-27 00:11:17,248.35164835164835|-306.959706959707|68.13186813186813|-100.36630036630036|60.8058608058608
19,2026-02-27 00:11:17,638.8278388278388|134.7985347985348|323.0769230769231|-134.7985347985348|371.42857142857144
20,2026-02-27 00:11:17,861.5384615384615|356.7765567765568|456.4102564102564|-251.28205128205127|474.72527472527474
21,2026-02-27 00:11:17,928.2051282051282|340.65934065934067|617.5824175824176|-252.74725274725276|462.27106227106225
22,2026-02-27 00:11:17,828.5714285714286|394.87179487179486|654.2124542124542|-380.2197802197802|391.94139194139194
23,2026-02-27 00:11:17,696.7032967032967|254.21245421245422|553.1135531135532|-536.996336996337|242.49084249084248
24,2026-02-27 00:11:17,674.7252747252747|243.95604395604394|683.5164835164835|-38.827838827838825|1499.6336996336997
25,2026-02-27 00:11:17,1499.6336996336997|1385.3479853479853|65.2014652014652|-1200.0|5.86080586080586
26,2026-02-27 00:11:17,523.0769230769231|91.57509157509158|468.13186813186815|-717.9487179487179|182.41758241758242
27,2026-02-27 00:11:17,534.065934065934|91.57509157509158|513.5531135531136|-711.3553113553113|202.93040293040292
28,2026-02-27 00:11:17,482.7838827838828|125.27472527472527|556.7765567765567|-721.6117216117216|217.58241758241758
29,2026-02-27 00:11:17,482.7838827838828|196.33699633699635|724.5421245421245|-657.8754578754579|358.97435897435895
30,2026-02-27 00:11:17,771.4285714285714|379.4871794871795|931.1355311355311|-488.64468864468864|523.8095238095239
31,2026-02-27 00:11:17,811.7216117216117|484.24908424908426|1021.978021978022|-525.2747252747253|301.0989010989011
32,2026-02-27 00:11:17,448.35164835164835|61.53846153846154|454.94505494505495|-1105.4945054945056|-205.86080586080587
33,2026-02-27 00:11:17,45.42124542124542|-288.64468864468864|227.83882783882783|-1282.051282051282|-283.5164835164835
34,2026-02-27 00:11:18,-131.86813186813185|-342.12454212454213|215.3846153846154|-1300.3663003663003|-260.0732600732601
35,2026-02-27 00:11:18,-32.967032967032964|-287.9120879120879|295.23809523809524|-1268.131868131868|-229.3040293040293
36,2026-02-27 00:11:18,-102.56410256410257|-201.46520146520146|267.3992673992674|-1325.2747252747254|-302.56410256410254
37,2026-02-27 00:11:18,-87.17948717948718|-243.95604395604394|267.3992673992674|-1350.1831501831502|-351.64835164835165
38,2026-02-27 00:11:18,-94.50549450549451|-293.7728937728938|301.83150183150184|-1338.4615384615386|-296.7032967032967
39,2026-02-27 00:11:18,-84.24908424908425|-336.2637362637363|271.79487179487177|-1365.5677655677655|-403.6630036630037
40,2026-02-27 00:11:18,-154.57875457875457|-308.42490842490844|342.12454212454213|-1291.5750915750916|-277.65567765567766
41,2026-02-27 00:11:18,-179.48717948717947|-295.97069597069594|381.68498168498166|-1294.5054945054944|-383.1501831501831
42,2026-02-27 00:11:18,-191.2087912087912|-306.959706959707|365.56776556776555|-1279.85347985348|-296.7032967032967
43,2026-02-27 00:11:18,-230.03663003663004|-166.3003663003663|405.86080586080584|-1247.6190476190477|-265.9340659340659
44,2026-02-27 00:11:18,-123.80952380952381|-156.7765567765568|453.4798534798535|-1158.2417582417581|-238.0952380952381
45,2026-02-27 00:11:18,-79.85347985347985|-53.47985347985348|490.1098901098901|-1200.7326007326008|-248.35164835164835
46,2026-02-27 00:11:18,-78.3882783882784|-75.45787545787546|494.5054945054945|-1151.6483516483515|-227.83882783882783
47,2026-02-27 00:11:18,-73.99267399267399|149.45054945054946|1499.6336996336997|488.64468864468864|900.3663003663004
48,2026-02-27 00:11:18,-227.83882783882783|-639.5604395604396|308.42490842490844|-1132.6007326007325|-195.6043956043956
49,2026-02-27 00:11:18,-182.41758241758242|-13.91941391941392|594.1391941391942|-1069.5970695970695|-200.0
50,2026-02-27 00:11:18,-75.45787545787546|17.582417582417584|600.7326007326008|-1001.4652014652015|-127.47252747252747
51,2026-02-27 00:11:18,-56.41025641025641|87.91208791208791|816.8498168498169|-803.6630036630037|-19.78021978021978
52,2026-02-27 00:11:18,53.47985347985348|131.86813186813185|960.4395604395604|-657.1428571428571|148.71794871794873
53,2026-02-27 00:11:18,222.71062271062272|427.83882783882785|1393.4065934065934|-387.54578754578756|353.84615384615387
54,2026-02-27 00:11:18,326.007326007326|483.5164835164835|1203.6630036630036|-520.1465201465202|37.362637362637365
55,2026-02-27 00:11:18,-115.01831501831502|88.64468864468864|578.7545787545788|-1036.6300366300366|-383.8827838827839
56,2026-02-27 00:11:18,-340.65934065934067|-172.16117216117217|371.42857142857144|-1054.2124542124543|-371.42857142857144
57,2026-02-27 00:11:18,-396.3369963369963|-150.1831501831502|500.3663003663004|-989.7435897435897|-399.26739926739924
58,2026-02-27 00:11:19,-400.73260073260076|-176.55677655677655|558.974358974359|-942.8571428571429|-356.7765567765568
59,2026-02-27 00:11:19,-412.45421245421244|-157.50915750915752|579.4871794871794|-910.6227106227107|-360.43956043956047
60,2026-02-27 00:11:19,-439.56043956043953|-181.6849816849817|501.83150183150184|-953.1135531135532|-454.94505494505495
61,2026-02-27 00:11:19,-463.003663003663|-95.23809523809524|605.8608058608058|-877.6556776556777|-401.46520146520146
62,2026-02-27 00:11:19,-428.57142857142856|-74.72527472527473|583.8827838827839|-821.2454212454212|-354.57875457875457
63,2026-02-27 00:11:19,-408.05860805860806|-113.55311355311355|561.1721611721612|-791.2087912087912|-356.7765567765568
64,2026-02-27 00:11:19,-424.1758241758242|-95.97069597069597|687.9120879120879|-690.8424908424909|-275.45787545787545
65,2026-02-27 00:11:19,-360.43956043956047|-32.234432234432234|717.2161172161173|-673.2600732600732|-290.84249084249086
66,2026-02-27 00:11:19,-434.43223443223445|8.058608058608058|861.5384615384615|-657.1428571428571|-287.1794871794872
67,2026-02-27 00:11:19,-427.83882783882785|65.2014652014652|816.1172161172161|-570.6959706959707|-207.32600732600733
68,2026-02-27 00:11:19,-355.3113553113553|137.72893772893772|764.8351648351648|-564.8351648351648|-194.87179487179486
69,2026-02-27 00:11:19,-396.3369963369963|28.571428571428573|810.989010989011|-591.2087912087912|-275.45787545787545
70,2026-02-27 00:11:19,-484.98168498168496|42.49084249084249|791.9413919413919|-512.0879120879121|-208.7912087912088
71,2026-02-27 00:11:19,-235.16483516483515|895.2380952380952|1499.6336996336997|719.4139194139194|-290.84249084249086
72,2026-02-27 00:11:19,-1064.4688644688645|-295.23809523809524|575.0915750915751|-490.1098901098901|-242.49084249084248
73,2026-02-27 00:11:19,-547.985347985348|110.62271062271063|734.7985347985348|-441.75824175824175|-170.6959706959707
74,2026-02-27 00:11:19,-377.2893772893773|123.80952380952381|796.3369963369963|-328.93772893772893|-56.41025641025641
75,2026-02-27 00:11:19,-318.68131868131866|224.9084249084249|1052.7472527472528|-145.78754578754578|97.43589743589743
76,2026-02-27 00:11:19,-284.24908424908426|440.2930402930403|1104.7619047619048|-13.186813186813186|334.7985347985348
77,2026-02-27 00:11:19,-31.501831501831504|576.5567765567765|1499.6336996336997|148.71794871794873|479.8534798534798
78,2026-02-27 00:11:19,31.501831501831504|567.7655677655678|1321.6117216117216|-114.28571428571429|-5.128205128205129
79,2026-02-27 00:11:19,-574.3589743589744|57.142857142857146|590.4761904761905|-575.0915750915751|-359.7069597069597
80,2026-02-27 00:11:19,-824.1758241758242|-161.9047619047619|494.5054945054945|-604.3956043956044|-340.65934065934067
81,2026-02-27 00:11:19,-813.1868131868132|-208.05860805860806|497.43589743589746|-506.2271062271062|-322.34432234432234
82,2026-02-27 00:11:19,-873.992673992674|-207.32600732600733|466.6666666666667|-535.5311355311355|-334.7985347985348
83,2026-02-27 00:11:19,-852.7472527472528|-164.83516483516485|413.9194139194139|-462.27106227106225|-261.53846153846155
84,2026-02-27 00:11:20,-875.4578754578755|-106.22710622710623|416.8498168498169|-530.4029304029305|-275.45787545787545
85,2026-02-27 00:11:20,-942.1245421245421|-87.17948717948718|502.56410256410254|-445.42124542124543|-158.24175824175825
86,2026-02-27 00:11:20,-832.967032967033|-52.014652014652015|571.4285714285714|-366.3003663003663|-133.33333333333334
87,2026-02-27 00:11:20,-856.4102564102565|-82.78388278388279|526.007326007326|-334.7985347985348|-129.67032967032966
88,2026-02-27 00:11:20,-918.6813186813187|-71.06227106227107|607.3260073260074|-337.72893772893775|-38.095238095238095
89,2026-02-27 00:11:20,-827.8388278388278|3.663003663003663|513.5531135531136|-347.25274725274727|16.84981684981685
90,2026-02-27 00:11:20,-873.992673992674|-25.641025641025642|547.985347985348|-366.3003663003663|30.036630036630036
91,2026-02-27 00:11:20,-926.7399267399268|22.71062271062271|594.1391941391942|-323.8095238095238|40.29304029304029
92,2026-02-27 00:11:20,-927.4725274725274|5.128205128205129|497.43589743589746|-305.4945054945055|16.84981684981685
93,2026-02-27 00:11:20,-1055.6776556776556|-126.73992673992674|510.6227106227106|-267.3992673992674|84.24908424908425
94,2026-02-27 00:11:20,-844.6886446886447|520.8791208791209|1499.6336996336997|1499.6336996336997|745.054945054945
95,2026-02-27 00:11:20,-1402.1978021978023|-550.1831501831501|179.48717948717947|-260.0732600732601|191.2087912087912
96,2026-02-27 00:11:20,-938.4615384615385|-68.13186813186813|557.5091575091575|-202.93040293040292|274.72527472527474
97,2026-02-27 00:11:20,-898.1684981684982|71.7948717948718|509.15750915750914|-145.78754578754578|338.46153846153845
98,2026-02-27 00:11:20,-846.1538461538462|116.48351648351648|654.2124542124542|-63.73626373626374|456.4102564102564
99,2026-02-27 00:11:20,-752.3809523809524|257.14285714285717|791.2087912087912|137.72893772893772|762.6373626373627
100,2026-02-27 00:11:20,-564.1025641025641|428.57142857142856|1007.3260073260074|307.6923076923077|906.2271062271062
101,2026-02-27 00:11:20,-522.3443223443223|359.7069597069597|819.047619047619|106.95970695970696|487.9120879120879
102,2026-02-27 00:11:20,-957.5091575091575|-109.15750915750915|367.032967032967|-299.6336996336996|193.4065934065934
103,2026-02-27 00:11:20,-1291.5750915750916|-235.89743589743588|182.41758241758242|-405.12820512820514|227.83882783882783
104,2026-02-27 00:11:20,-1246.1538461538462|-182.41758241758242|202.93040293040292|-334.7985347985348|324.54212454212455
105,2026-02-27 00:11:20,-1201.4652014652015|-176.55677655677655|158.24175824175825|-211.7216117216117|334.7985347985348
106,2026-02-27 00:11:20,-1271.062271062271|-176.55677655677655|186.8131868131868|-243.95604395604394|312.0879120879121
107,2026-02-27 00:11:20,-1252.7472527472528|-182.41758241758242|279.8534798534798|-194.87179487179486|367.032967032967
108,2026-02-27 00:11:21,-1249.084249084249|-236.63003663003664|177.28937728937728|-242.49084249084248|449.0842490842491
109,2026-02-27 00:11:21,-1298.1684981684982|-270.3296703296703|255.67765567765568|-266.6666666666667|473.992673992674
110,2026-02-27 00:11:21,-1259.3406593406594|-156.04395604395606|204.3956043956044|-282.7838827838828|460.8058608058608
111,2026-02-27 00:11:21,-1257.142857142857|-213.1868131868132|157.50915750915752|-319.4139194139194|456.4102564102564
112,2026-02-27 00:11:21,-1303.2967032967033|-193.4065934065934|133.33333333333334|-157.50915750915752|513.5531135531136
113,2026-02-27 00:11:21,-1250.5494505494505|-153.84615384615384|194.13919413919413|-54.94505494505494|553.1135531135532
114,2026-02-27 00:11:21,-1256.4102564102564|-169.23076923076923|172.16117216117217|-38.827838827838825|595.6043956043956
115,2026-02-27 00:11:21,-1219.7802197802198|-24.175824175824175|275.45787545787545|-9.523809523809524|591.2087912087912
116,2026-02-27 00:11:21,-1212.4542124542124|-109.15750915750915|156.04395604395606|-67.3992673992674|627.8388278388278
117,2026-02-27 00:11:21,-1224.1758241758241|-80.58608058608058|103.2967032967033|-81.31868131868131|947.2527472527472
118,2026-02-27 00:11:21,-214.65201465201466|1499.6336996336997|1213.919413919414|72.52747252747253|156.04395604395606
119,2026-02-27 00:11:21,-1500.3663003663003|-120.87912087912088|131.13553113553112|-72.52747252747253|753.8461538461538
120,2026-02-27 00:11:21,-1178.7545787545787|-98.9010989010989|125.27472527472527|27.106227106227106|791.9413919413919
121,2026-02-27 00:11:21,-1084.981684981685|-53.47985347985348|219.78021978021977|68.13186813186813|757.5091575091575
122,2026-02-27 00:11:21,-1093.7728937728937|-5.128205128205129|243.95604395604394|224.9084249084249|975.0915750915751
123,2026-02-27 00:11:21,-873.992673992674|254.21245421245422|371.42857142857144|459.34065934065933|1446.886446886447
124,2026-02-27 00:11:21,-569.2307692307693|519.4139194139194|568.4981684981685|509.8901098901099|1499.6336996336997
125,2026-02-27 00:11:21,-637.3626373626373|321.61172161172163|226.37362637362637|119.41391941391942|922.3443223443223
126,2026-02-27 00:11:21,-1091.5750915750916|-227.83882783882783|-150.1831501831502|-136.996336996337|541.3919413919414
127,2026-02-27 00:11:21,-1285.7142857142858|-312.8205128205128|-207.32600732600733|-194.13919413919413|570.6959706959707
128,2026-02-27 00:11:21,-1257.8754578754579|-282.05128205128204|-172.16117216117217|-120.87912087912088|708.4249084249084
129,2026-02-27 00:11:21,-1224.1758241758241|-331.86813186813185|-207.32600732600733|-123.80952380952381|687.9120879120879
130,2026-02-27 00:11:21,-1227.1062271062272|-384.61538461538464|-293.7728937728938|-179.48717948717947|690.8424908424909
131,2026-02-27 00:11:21,-1189.010989010989|-337.72893772893775|-284.24908424908426|-200.0|651.2820512820513
132,2026-02-27 00:11:21,-1143.5897435897436|-309.15750915750914|-336.2637362637363|-208.7912087912088|690.8424908424909
133,2026-02-27 00:11:22,-1136.996336996337|-320.1465201465202|-264.46886446886447|-133.33333333333334|731.1355311355311
134,2026-02-27 00:11:22,-1065.934065934066|-287.9120879120879|-257.87545787545787|-47.61904761904762|684.981684981685
135,2026-02-27 00:11:22,-1071.062271062271|-334.7985347985348|-309.8901098901099|-30.036630036630036|784.6153846153846
136,2026-02-27 00:11:22,-920.1465201465202|-238.0952380952381|-227.83882783882783|41.02564102564103|853.4798534798534
137,2026-02-27 00:11:22,-871.7948717948718|-193.4065934065934|-263.003663003663|-27.106227106227106|834.4322344322344
138,2026-02-27 00:11:22,-894.5054945054945|-204.3956043956044|-230.76923076923077|30.76923076923077|992.6739926739926
139,2026-02-27 00:11:22,-789.7435897435897|-180.95238095238096|-277.65567765567766|-30.036630036630036|806.5934065934066
140,2026-02-27 00:11:22,-882.7838827838827|-238.0952380952381|-367.032967032967|27.106227106227106|899.6336996336996
141,2026-02-27 00:11:22,-767.032967032967|125.27472527472527|740.6593406593406|1499.6336996336997|1499.6336996336997
142,2026-02-27 00:11:22,-903.2967032967033|-831.5018315018315|-701.0989010989011|-66.66666666666667|778.7545787545788
143,2026-02-27 00:11:22,-797.8021978021978|-242.49084249084248|-381.68498168498166|35.16483516483517|932.6007326007326
144,2026-02-27 00:11:22,-611.7216117216117|-100.36630036630036|-320.1465201465202|132.6007326007326|958.2417582417582
145,2026-02-27 00:11:22,-512.0879120879121|-54.21245421245421|-295.23809523809524|255.67765567765568|1083.5164835164835
146,2026-02-27 00:11:22,-468.86446886446885|99.63369963369964|-37.362637362637365|421.24542124542126|1499.6336996336997
147,2026-02-27 00:11:22,-176.55677655677655|320.8791208791209|131.13553113553112|674.7252747252747|1499.6336996336997
148,2026-02-27 00:11:22,-71.06227106227107|358.24175824175825|27.83882783882784|362.6373626373626|1231.5018315018315
149,2026-02-27 00:11:22,-482.7838827838828|-150.1831501831502|-497.43589743589746|-31.501831501831504|626.3736263736264
150,2026-02-27 00:11:22,-742.1245421245421|-369.96336996337|-753.8461538461538|-246.8864468864469|594.1391941391942
151,2026-02-27 00:11:22,-813.919413919414|-394.87179487179486|-720.1465201465202|-150.1831501831502|585.3479853479854
152,2026-02-27 00:11:22,-765.5677655677656|-358.24175824175825|-727.4725274725274|-79.85347985347985|529.6703296703297
153,2026-02-27 00:11:22,-758.2417582417582|-352.3809523809524|-797.8021978021978|-112.82051282051282|600.0
154,2026-02-27 00:11:22,-665.934065934066|-355.3113553113553|-812.4542124542124|-40.29304029304029|630.0366300366301
155,2026-02-27 00:11:22,-645.4212454212454|-323.0769230769231|-765.5677655677656|-122.34432234432235|597.0695970695971
156,2026-02-27 00:11:22,-603.6630036630037|-271.79487179487177|-772.8937728937728|-53.47985347985348|711.3553113553113
157,2026-02-27 00:11:22,-582.4175824175824|-226.37362637362637|-754.5787545787546|-9.523809523809524|629.3040293040293
158,2026-02-27 00:11:22,-602.1978021978022|-229.3040293040293|-824.9084249084249|53.47985347985348|677.6556776556777
159,2026-02-27 00:11:23,-544.3223443223443|-150.1831501831502|-744.3223443223443|-40.29304029304029|699.6336996336996
160,2026-02-27 00:11:23,-481.31868131868134|-159.7069597069597|-802.1978021978022|-11.72161172161172|714.2857142857143
161,2026-02-27 00:11:23,-449.0842490842491|-30.036630036630036|-745.054945054945|-41.02564102564103|619.047619047619
162,2026-02-27 00:11:23,-447.6190476190476|-113.55311355311355|-852.014652014652|33.6996336996337|558.2417582417582
163,2026-02-27 00:11:23,-533.3333333333334|-172.16117216117217|-885.7142857142857|262.27106227106225|1499.6336996336997
164,2026-02-27 00:11:23,1028.5714285714287|1232.967032967033|-837.3626373626373|-476.9230769230769|266.6666666666667
165,2026-02-27 00:11:23,-576.5567765567765|-71.06227106227107|-860.07326007326|84.24908424908425|702.5641025641025
166,2026-02-27 00:11:23,-346.5201465201465|60.8058608058608|-834.4322344322344|91.57509157509158|817.5824175824176
167,2026-02-27 00:11:23,-213.91941391941393|196.33699633699635|-755.3113553113553|216.84981684981685|824.9084249084249
168,2026-02-27 00:11:23,-107.6923076923077|245.42124542124543|-743.5897435897435|284.98168498168496|917.9487179487179
169,2026-02-27 00:11:23,-6.593406593406593|554.5787545787546|-463.7362637362637|502.56410256410254|1378.021978021978
170,2026-02-27 00:11:23,216.84981684981685|693.7728937728938|-368.4981684981685|509.15750915750914|1010.2564102564103
171,2026-02-27 00:11:23,-8.791208791208792|435.16483516483515|-813.1868131868132|72.52747252747253|538.4615384615385
172,2026-02-27 00:11:23,-391.94139194139194|115.01831501831502|-1142.857142857143|-155.3113553113553|312.8205128205128
173,2026-02-27 00:11:23,-412.45421245421244|-32.234432234432234|-1282.7838827838827|-158.24175824175825|273.2600732600733
174,2026-02-27 00:11:23,-394.13919413919416|57.875457875457876|-1212.4542124542124|-175.0915750915751|384.61538461538464
175,2026-02-27 00:11:23,-287.9120879120879|151.64835164835165|-1180.952380952381|-107.6923076923077|348.71794871794873
176,2026-02-27 00:11:23,-352.3809523809524|233.6996336996337|-1204.3956043956043|-126.00732600732601|400.73260073260076
177,2026-02-27 00:11:23,-355.3113553113553|239.56043956043956|-1180.952380952381|-49.81684981684982|294.5054945054945
178,2026-02-27 00:11:23,-322.34432234432234|265.2014652014652|-1209.5238095238096|-76.92307692307692|286.4468864468864
179,2026-02-27 00:11:23,-298.16849816849816|361.17216117216117|-1184.6153846153845|-114.28571428571429|361.17216117216117
180,2026-02-27 00:11:23,-299.6336996336996|383.1501831501831|-1222.7106227106226|-55.67765567765568|307.6923076923077
181,2026-02-27 00:11:23,-208.7912087912088|424.1758241758242|-1258.6080586080586|-113.55311355311355|427.83882783882785
182,2026-02-27 00:11:23,-142.85714285714286|453.4798534798535|-1238.8278388278388|-47.61904761904762|238.82783882783883
183,2026-02-27 00:11:24,-224.17582417582418|444.6886446886447|-1213.1868131868132|-43.223443223443226|280.5860805860806
184,2026-02-27 00:11:24,-120.14652014652015|558.974358974359|-1213.919413919414|-21.245421245421245|394.87179487179486
185,2026-02-27 00:11:24,-224.9084249084249|465.2014652014652|-1260.805860805861|13.91941391941392|272.5274725274725
186,2026-02-27 00:11:24,-136.996336996337|548.7179487179487|-1275.4578754578754|104.02930402930403|1089.3772893772893
187,2026-02-27 00:11:24,1446.886446886447|1499.6336996336997|-759.7069597069597|-473.992673992674|-65.2014652014652
188,2026-02-27 00:11:24,-190.47619047619048|580.2197802197802|-1284.981684981685|-88.64468864468864|277.65567765567766
189,2026-02-27 00:11:24,5.128205128205129|756.0439560439561|-1200.0|-52.014652014652015|405.12820512820514
190,2026-02-27 00:11:24,21.978021978021978|830.0366300366301|-1120.8791208791208|72.52747252747253|371.42857142857144
191,2026-02-27 00:11:24,32.234432234432234|890.1098901098901|-1050.5494505494505|203.66300366300365|501.83150183150184
192,2026-02-27 00:11:24,155.3113553113553|1145.0549450549452|-806.5934065934066|435.8974358974359|619.047619047619
193,2026-02-27 00:11:24,460.0732600732601|1397.069597069597|-715.7509157509157|495.23809523809524|629.3040293040293
194,2026-02-27 00:11:24,334.0659340659341|1142.857142857143|-1070.3296703296703|-1.465201465201465|169.23076923076923
195,2026-02-27 00:11:24,-136.996336996337|638.0952380952381|-1421.2454212454213|-265.9340659340659|-101.0989010989011
196,2026-02-27 00:11:24,-194.13919413919413|624.9084249084249|-1467.3992673992675|-331.13553113553115|26.373626373626372
197,2026-02-27 00:11:24,-167.76556776556777|654.945054945055|-1392.6739926739926|-244.6886446886447|-59.34065934065934
198,2026-02-27 00:11:24,-172.16117216117217|654.945054945055|-1389.010989010989|-265.9340659340659|-16.117216117216117
199,2026-02-27 00:11:24,-202.93040293040292|769.9633699633699|-1329.6703296703297|-239.56043956043956|-51.282051282051285
200,2026-02-27 00:11:24,-194.13919413919413|676.1904761904761|-1387.5457875457876|-224.9084249084249|-113.55311355311355
201,2026-02-27 00:11:24,-211.7216117216117|731.8681318681319|-1389.7435897435898|-254.21245421245422|-98.16849816849818
202,2026-02-27 00:11:24,-109.15750915750915|737.7289377289377|-1350.915750915751|-290.1098901098901|-119.41391941391942
203,2026-02-27 00:11:24,-213.1868131868132|638.0952380952381|-1372.161172161172|-301.0989010989011|-170.6959706959707
204,2026-02-27 00:11:24,-74.72527472527473|803.6630036630037|-1221.978021978022|-229.3040293040293|-141.3919413919414
205,2026-02-27 00:11:24,-24.90842490842491|782.4175824175824|-1199.2673992673992|-172.8937728937729|-153.1135531135531
206,2026-02-27 00:11:24,-7.326007326007326|901.8315018315018|-1118.6813186813188|-153.1135531135531|-125.27472527472527
207,2026-02-27 00:11:24,-12.454212454212454|972.1611721611722|-1046.886446886447|-142.12454212454213|-112.08791208791209
208,2026-02-27 00:11:25,-87.17948717948718|829.3040293040293|-1165.5677655677655|-212.45421245421247|-109.89010989010988
209,2026-02-27 00:11:25,-8.058608058608058|1013.919413919414|-1069.5970695970695|-54.94505494505494|255.67765567765568
210,2026-02-27 00:11:25,1197.8021978021977|1499.6336996336997|-168.4981684981685|-525.2747252747253|-741.3919413919414
211,2026-02-27 00:11:25,-322.34432234432234|800.7326007326008|-1083.5164835164835|-263.7362637362637|-154.57875457875457
212,2026-02-27 00:11:25,52.014652014652015|935.5311355311355|-976.5567765567765|-201.46520146520146|-136.996336996337
213,2026-02-27 00:11:25,91.57509157509158|1026.3736263736264|-900.3663003663004|-126.00732600732601|-131.86813186813185
214,2026-02-27 00:11:25,289.3772893772894|1279.85347985348|-684.2490842490843|51.282051282051285|-24.90842490842491
215,2026-02-27 00:11:25,389.010989010989|1438.8278388278388|-473.992673992674|296.7032967032967|175.82417582417582
216,2026-02-27 00:11:25,498.9010989010989|1499.6336996336997|-276.9230769230769|353.84615384615387|210.25641025641025
217,2026-02-27 00:11:25,486.4468864468864|1380.2197802197802|-704.0293040293041|-145.78754578754578|-299.6336996336996
218,2026-02-27 00:11:25,-97.43589743589743|819.047619047619|-1045.4212454212454|-437.3626373626374|-509.8901098901099
219,2026-02-27 00:11:25,-77.65567765567765|737.7289377289377|-1034.4322344322345|-436.6300366300366|-595.6043956043956
220,2026-02-27 00:11:25,-153.84615384615384|765.5677655677656|-1033.6996336996338|-408.05860805860806|-510.6227106227106
221,2026-02-27 00:11:25,-149.45054945054946|778.021978021978|-951.6483516483516|-380.2197802197802|-565.5677655677656
222,2026-02-27 00:11:25,-249.08424908424908|717.2161172161173|-923.0769230769231|-404.3956043956044|-677.6556776556777
223,2026-02-27 00:11:25,-243.95604395604394|649.8168498168499|-923.8095238095239|-384.61538461538464|-613.1868131868132
224,2026-02-27 00:11:25,-38.827838827838825|679.8534798534798|-928.9377289377289|-371.42857142857144|-682.0512820512821
225,2026-02-27 00:11:25,-112.82051282051282|660.8058608058608|-879.8534798534798|-337.72893772893775|-673.2600732600732
226,2026-02-27 00:11:25,18.315018315018314|783.1501831501831|-857.8754578754579|-358.24175824175825|-623.4432234432235
227,2026-02-27 00:11:25,-32.967032967032964|810.989010989011|-720.1465201465202|-238.0952380952381|-604.3956043956044
228,2026-02-27 00:11:25,-25.641025641025642|946.5201465201466|-658.6080586080586|-220.51282051282053|-675.4578754578755
229,2026-02-27 00:11:25,12.454212454212454|906.2271062271062|-680.5860805860806|-141.3919413919414|-553.1135531135532
230,2026-02-27 00:11:25,-15.384615384615385|890.1098901098901|-671.7948717948718|-214.65201465201466|-684.981684981685
231,2026-02-27 00:11:25,-37.362637362637365|809.5238095238095|-635.1648351648352|-205.86080586080587|-743.5897435897435
232,2026-02-27 00:11:25,116.48351648351648|1366.3003663003662|500.3663003663004|1499.6336996336997|-8.791208791208792
233,2026-02-27 00:11:25,-236.63003663003664|180.95238095238096|-789.010989010989|-194.13919413919413|-791.2087912087912
234,2026-02-27 00:11:26,53.47985347985348|684.981684981685|-661.5384615384615|-103.2967032967033|-696.7032967032967
235,2026-02-27 00:11:26,126.00732600732601|874.7252747252747|-473.992673992674|-13.186813186813186|-635.1648351648352
236,2026-02-27 00:11:26,219.78021978021977|810.989010989011|-383.8827838827839|115.01831501831502|-557.5091575091575
237,2026-02-27 00:11:26,306.959706959707|1143.5897435897436|-168.4981684981685|387.54578754578756|-358.24175824175825
238,2026-02-27 00:11:26,506.2271062271062|1499.6336996336997|98.9010989010989|573.6263736263736|-238.0952380952381
239,2026-02-27 00:11:26,561.1721611721612|1499.6336996336997|-16.84981684981685|408.7912087912088|-588.2783882783883
240,2026-02-27 00:11:26,98.9010989010989|761.1721611721612|-495.97069597069594|-65.2014652014652|-1043.956043956044
241,2026-02-27 00:11:26,-120.87912087912088|545.7875457875458|-705.4945054945055|-154.57875457875457|-1049.084249084249
242,2026-02-27 00:11:26,-88.64468864468864|501.83150183150184|-570.6959706959707|-60.8058608058608|-1055.6776556776556
243,2026-02-27 00:11:26,-73.26007326007326|476.1904761904762|-547.2527472527472|-43.223443223443226|-1073.992673992674
244,2026-02-27 00:11:26,13.91941391941392|487.1794871794872|-501.0989010989011|22.71062271062271|-1109.89010989011
245,2026-02-27 00:11:26,-32.234432234432234|447.6190476190476|-436.6300366300366|10.989010989010989|-1174.3589743589744
246,2026-02-27 00:11:26,-115.01831501831502|504.02930402930406|-417.5824175824176|62.27106227106227|-1131.1355311355312
247,2026-02-27 00:11:26,-76.92307692307692|547.985347985348|-342.12454212454213|160.43956043956044|-1165.5677655677655
248,2026-02-27 00:11:26,-79.85347985347985|590.4761904761905|-379.4871794871795|230.76923076923077|-1055.6776556776556
249,2026-02-27 00:11:26,-90.10989010989012|607.3260073260074|-352.3809523809524|213.1868131868132|-1098.1684981684982
250,2026-02-27 00:11:26,-80.58608058608058|529.6703296703297|-331.13553113553115|302.56410256410254|-1084.981684981685
251,2026-02-27 00:11:26,18.315018315018314|575.0915750915751|-308.42490842490844|324.54212454212455|-1093.0402930402931
252,2026-02-27 00:11:26,78.3882783882784|452.01465201465203|-317.2161172161172|449.0842490842491|-1080.5860805860807
253,2026-02-27 00:11:26,26.373626373626372|454.94505494505495|-355.3113553113553|367.032967032967|-1145.7875457875457
254,2026-02-27 00:11:26,52.014652014652015|396.3369963369963|-298.9010989010989|403.6630036630037|-1196.3369963369964
255,2026-02-27 00:11:26,33.6996336996337|578.021978021978|412.45421245421244|1499.6336996336997|418.31501831501834
256,2026-02-27 00:11:26,389.010989010989|-30.036630036630036|-493.040293040293|325.27472527472526|-1202.1978021978023
257,2026-02-27 00:11:26,81.31868131868131|468.13186813186815|-170.6959706959707|586.080586080586|-1156.043956043956
258,2026-02-27 00:11:27,21.245421245421245|582.4175824175824|-114.28571428571429|650.5494505494505|-1071.062271062271
259,2026-02-27 00:11:27,175.0915750915751|578.7545787545788|-48.35164835164835|824.1758241758242|-967.032967032967
260,2026-02-27 00:11:27,205.12820512820514|729.6703296703297|132.6007326007326|1071.7948717948718|-814.6520146520146
261,2026-02-27 00:11:27,457.14285714285717|841.7582417582418|308.42490842490844|1460.0732600732601|-638.8278388278388
262,2026-02-27 00:11:27,576.5567765567765|882.0512820512821|263.003663003663|1224.9084249084249|-949.4505494505495
263,2026-02-27 00:11:27,196.33699633699635|361.17216117216117|-160.43956043956044|578.021978021978|-1419.047619047619
264,2026-02-27 00:11:27,-132.6007326007326|101.83150183150182|-384.61538461538464|405.12820512820514|-1500.3663003663003
265,2026-02-27 00:11:27,-248.35164835164835|72.52747252747253|-320.8791208791209|474.72527472527474|-1500.3663003663003
266,2026-02-27 00:11:27,-192.67399267399267|97.43589743589743|-145.78754578754578|567.7655677655678|-1500.3663003663003
267,2026-02-27 00:11:27,-208.7912087912088|150.1831501831502|-153.1135531135531|619.047619047619|-1445.4212454212454
268,2026-02-27 00:11:27,-166.3003663003663|82.05128205128206|-230.76923076923077|567.7655677655678|-1482.7838827838827
269,2026-02-27 00:11:27,-205.86080586080587|101.83150183150182|-199.26739926739927|733.3333333333334|-1389.7435897435898
270,2026-02-27 00:11:27,-169.23076923076923|107.6923076923077|-182.41758241758242|721.6117216117216|-1433.6996336996338
271,2026-02-27 00:11:27,-147.25274725274724|31.501831501831504|-235.16483516483515|841.7582417582418|-1374.3589743589744
272,2026-02-27 00:11:27,-141.3919413919414|52.747252747252745|-123.80952380952381|764.1025641025641|-1414.6520146520147
273,2026-02-27 00:11:27,-123.07692307692308|46.15384615384615|-201.46520146520146|748.7179487179487|-1397.8021978021977
274,2026-02-27 00:11:27,-109.15750915750915|75.45787545787546|-106.22710622710623|787.5457875457876|-1344.3223443223444
275,2026-02-27 00:11:27,-68.13186813186813|39.56043956043956|-25.641025641025642|827.1062271062272|-1377.2893772893774
276,2026-02-27 00:11:27,-82.78388278388279|102.56410256410257|8.791208791208792|936.996336996337|-1238.095238095238
277,2026-02-27 00:11:27,-19.78021978021978|65.93406593406593|41.75824175824176|890.1098901098901|-1339.9267399267399
278,2026-02-27 00:11:27,-169.23076923076923|-60.8058608058608|-27.83882783882784|912.0879120879121|-1260.0732600732601
279,2026-02-27 00:11:27,-113.55311355311355|81.31868131868131|193.4065934065934|1499.6336996336997|85.71428571428571
280,2026-02-27 00:11:27,1484.981684981685|265.9340659340659|-416.8498168498169|394.13919413919416|-1467.3992673992675
281,2026-02-27 00:11:27,-178.02197802197801|-18.315018315018314|-16.117216117216117|1038.095238095238|-1164.8351648351647
282,2026-02-27 00:11:27,-27.106227106227106|-67.3992673992674|25.641025641025642|1093.0402930402931|-1099.6336996336997
283,2026-02-27 00:11:28,38.827838827838825|-3.663003663003663|85.71428571428571|1238.8278388278388|-976.5567765567765
284,2026-02-27 00:11:28,97.43589743589743|31.501831501831504|251.28205128205127|1338.4615384615386|-870.3296703296703
285,2026-02-27 00:11:28,266.6666666666667|273.2600732600733|489.3772893772894|1499.6336996336997|-622.7106227106227
286,2026-02-27 00:11:28,435.16483516483515|403.6630036630037|570.6959706959707|1499.6336996336997|-715.7509157509157
287,2026-02-27 00:11:28,168.4981684981685|-34.43223443223443|161.9047619047619|1051.2820512820513|-1176.5567765567766
288,2026-02-27 00:11:28,-305.4945054945055|-352.3809523809524|-75.45787545787546|684.981684981685|-1282.7838827838827
289,2026-02-27 00:11:28,-378.75457875457874|-446.15384615384613|-201.46520146520146|772.8937728937728|-1240.2930402930403
290,2026-02-27 00:11:28,-361.17216117216117|-352.3809523809524|-19.78021978021978|908.4249084249084|-1108.4249084249084
291,2026-02-27 00:11:28,-305.4945054945055|-431.5018315018315|-86.44688644688645|735.5311355311355|-1180.952380952381
292,2026-02-27 00:11:28,-378.75457875457874|-430.03663003663|-79.85347985347985|846.8864468864468|-1069.5970695970695
293,2026-02-27 00:11:28,-319.4139194139194|-493.040293040293|-100.36630036630036|780.2197802197802|-1049.8168498168498
294,2026-02-27 00:11:28,-336.996336996337|-544.3223443223443|-173.62637362637363|827.1062271062272|-1023.4432234432235
295,2026-02-27 00:11:28,-368.4981684981685|-487.1794871794872|-58.608058608058606|741.3919413919414|-1060.805860805861
296,2026-02-27 00:11:28,-353.84615384615387|-564.8351648351648|-79.12087912087912|843.9560439560439|-926.7399267399268
297,2026-02-27 00:11:28,-306.2271062271062|-552.3809523809524|91.57509157509158|793.4065934065934|-938.4615384615385
298,2026-02-27 00:11:28,-320.1465201465202|-498.16849816849816|72.52747252747253|802.1978021978022|-912.0879120879121
299,2026-02-27 00:11:28,-257.87545787545787|-458.6080586080586|-3.663003663003663|975.0915750915751|-838.8278388278388
300,2026-02-27 00:11:28,-306.959706959707|-521.6117216117216|44.688644688644686|960.4395604395604|-857.8754578754579
301,2026-02-27 00:11:28,-251.28205128205127|-505.4945054945055|128.2051282051282|978.7545787545788|-800.7326007326008
302,2026-02-27 00:11:28,-258.6080586080586|-527.4725274725274|65.2014652014652|928.9377289377289|-820.5128205128206
303,2026-02-27 00:11:28,-230.76923076923077|-522.3443223443223|53.47985347985348|994.1391941391942|-664.4688644688645
304,2026-02-27 00:11:28,-144.32234432234432|-509.15750915750914|123.80952380952381|943.5897435897435|-800.7326007326008
305,2026-02-27 00:11:28,-246.8864468864469|-545.054945054945|63.73626373626374|908.4249084249084|-595.6043956043956
306,2026-02-27 00:11:28,-180.95238095238096|-642.4908424908425|224.9084249084249|1499.6336996336997|576.5567765567765
307,2026-02-27 00:11:28,1499.6336996336997|-110.62271062271063|-226.37362637362637|419.7802197802198|-739.1941391941392
308,2026-02-27 00:11:28,-164.10256410256412|-583.8827838827839|119.41391941391942|881.3186813186813|-519.4139194139194
309,2026-02-27 00:11:29,-120.14652014652015|-682.0512820512821|98.16849816849818|1043.956043956044|-470.3296703296703
310,2026-02-27 00:11:29,10.989010989010989|-575.0915750915751|180.21978021978023|1069.5970695970695|-393.4065934065934
311,2026-02-27 00:11:29,110.62271062271063|-448.35164835164835|276.1904761904762|1238.8278388278388|-270.3296703296703
312,2026-02-27 00:11:29,290.84249084249086|-258.6080586080586|484.24908424908426|1499.6336996336997|62.27106227106227
313,2026-02-27 00:11:29,594.1391941391942|-221.97802197802199|649.0842490842491|1499.6336996336997|-41.75824175824176
314,2026-02-27 00:11:29,345.05494505494505|-569.9633699633699|182.41758241758242|861.5384615384615|-528.2051282051282
315,2026-02-27 00:11:29,-142.85714285714286|-955.3113553113553|-84.24908424908425|499.6336996336996|-667.3992673992674
316,2026-02-27 00:11:29,-188.2783882783883|-1080.5860805860807|-182.41758241758242|463.003663003663|-622.7106227106227
317,2026-02-27 00:11:29,-191.2087912087912|-1017.5824175824176|-71.06227106227107|453.4798534798535|-647.6190476190476
318,2026-02-27 00:11:29,-164.83516483516485|-1024.9084249084249|-54.94505494505494|570.6959706959707|-575.0915750915751
319,2026-02-27 00:11:29,-98.16849816849818|-1072.5274725274726|-54.21245421245421|484.24908424908426|-603.6630036630037
320,2026-02-27 00:11:29,-144.32234432234432|-1073.2600732600733|-49.81684981684982|635.1648351648352|-614.6520146520146
321,2026-02-27 00:11:29,-85.71428571428571|-1041.025641025641|-60.8058608058608|572.1611721611722|-507.6923076923077
322,2026-02-27 00:11:29,-73.99267399267399|-1112.820512820513|-154.57875457875457|605.8608058608058|-534.065934065934
323,2026-02-27 00:11:29,10.989010989010989|-1092.3076923076924|-111.35531135531136|617.5824175824176|-361.17216117216117
324,2026-02-27 00:11:29,75.45787545787546|-1112.820512820513|-81.31868131868131|500.3663003663004|-418.31501831501834
325,2026-02-27 00:11:29,194.13919413919413|-1127.4725274725274|-65.2014652014652|534.065934065934|-331.86813186813185
326,2026-02-27 00:11:29,120.14652014652015|-1190.4761904761904|-14.652014652014651|553.8461538461538|-393.4065934065934
327,2026-02-27 00:11:29,148.71794871794873|-1140.6593406593406|-25.641025641025642|525.2747252747253|-317.94871794871796
328,2026-02-27 00:11:29,308.42490842490844|-1117.2161172161173|31.501831501831504|503.2967032967033|-225.64102564102564
329,2026-02-27 00:11:29,307.6923076923077|-1104.029304029304|22.71062271062271|595.6043956043956|-254.21245421245422
330,2026-02-27 00:11:29,326.007326007326|-1106.9597069597069|6.593406593406593|544.3223443223443|-273.2600732600733
331,2026-02-27 00:11:29,483.5164835164835|-1049.084249084249|114.28571428571429|542.1245421245421|-293.7728937728938
332,2026-02-27 00:11:29,403.6630036630037|-1106.9597069597069|32.967032967032964|482.7838827838828|-265.2014652014652
333,2026-02-27 00:11:29,412.45421245421244|-1179.4871794871794|28.571428571428573|533.3333333333334|-12.454212454212454
334,2026-02-27 00:11:30,1499.6336996336997|348.71794871794873|1353.8461538461538|369.2307692307692|-768.4981684981685
335,2026-02-27 00:11:30,-31.501831501831504|-1402.1978021978023|64.46886446886447|390.4761904761905|-192.67399267399267
336,2026-02-27 00:11:30,591.2087912087912|-1158.2417582417581|73.99267399267399|452.01465201465203|-24.175824175824175
337,2026-02-27 00:11:30,652.7472527472528|-1178.7545787545787|145.78754578754578|531.1355311355311|-18.315018315018314
338,2026-02-27 00:11:30,787.5457875457876|-1083.5164835164835|251.28205128205127|651.2820512820513|163.36996336996336
339,2026-02-27 00:11:30,998.5347985347985|-922.3443223443223|402.1978021978022|803.6630036630037|397.8021978021978
340,2026-02-27 00:11:30,1468.8644688644688|-705.4945054945055|605.8608058608058|1001.4652014652015|522.3443223443223
341,2026-02-27 00:11:30,1429.3040293040292|-847.6190476190476|333.3333333333333|528.9377289377289|30.036630036630036
342,2026-02-27 00:11:30,682.7838827838827|-1402.1978021978023|-115.01831501831502|167.76556776556777|-271.79487179487177
343,2026-02-27 00:11:30,570.6959706959707|-1500.3663003663003|-240.2930402930403|10.989010989010989|-260.8058608058608
344,2026-02-27 00:11:30,523.8095238095239|-1500.3663003663003|-211.7216117216117|46.88644688644688|-238.0952380952381
345,2026-02-27 00:11:30,526.7399267399268|-1500.3663003663003|-214.65201465201466|38.827838827838825|-264.46886446886447
346,2026-02-27 00:11:30,619.047619047619|-1500.3663003663003|-120.14652014652015|-12.454212454212454|-319.4139194139194
347,2026-02-27 00:11:30,559.7069597069597|-1500.3663003663003|-192.67399267399267|-9.523809523809524|-208.7912087912088
348,2026-02-27 00:11:30,608.7912087912088|-1500.3663003663003|-123.80952380952381|-27.106227106227106|-145.05494505494505
349,2026-02-27 00:11:30,762.6373626373627|-1482.051282051282|-141.3919413919414|54.21245421245421|-160.43956043956044
350,2026-02-27 00:11:30,712.0879120879121|-1472.5274725274726|-130.4029304029304|-18.315018315018314|-147.25274725274724
351,2026-02-27 00:11:30,709.8901098901099|-1470.3296703296703|-123.80952380952381|30.036630036630036|-103.2967032967033
352,2026-02-27 00:11:30,884.981684981685|-1354.5787545787546|-135.53113553113553|-24.175824175824175|-15.384615384615385
353,2026-02-27 00:11:30,796.3369963369963|-1500.3663003663003|-142.12454212454213|-93.77289377289377|-52.747252747252745
354,2026-02-27 00:11:30,870.3296703296703|-1398.5347985347985|-126.73992673992674|-28.571428571428573|-66.66666666666667
355,2026-02-27 00:11:30,872.5274725274726|-1410.2564102564102|-193.4065934065934|-96.7032967032967|-28.571428571428573
356,2026-02-27 00:11:30,816.8498168498169|-1386.8131868131868|-125.27472527472527|-79.85347985347985|84.24908424908425
357,2026-02-27 00:11:30,875.4578754578755|-1316.4835164835165|-41.75824175824176|-72.52747252747253|102.56410256410257
358,2026-02-27 00:11:31,1019.047619047619|-1338.4615384615386|-207.32600732600733|-88.64468864468864|-5.128205128205129
359,2026-02-27 00:11:31,913.5531135531136|-1259.3406593406594|-120.87912087912088|-174.35897435897436|-32.234432234432234
360,2026-02-27 00:11:31,1147.2527472527472|-660.07326007326|1499.6336996336997|1225.6410256410256|755.3113553113553
361,2026-02-27 00:11:31,582.4175824175824|-1500.3663003663003|-391.94139194139194|-183.88278388278388|-2.197802197802198
362,2026-02-27 00:11:31,1001.4652014652015|-1189.7435897435898|-68.13186813186813|-94.50549450549451|52.747252747252745
363,2026-02-27 00:11:31,1165.5677655677655|-1074.7252747252746|-6.593406593406593|-144.32234432234432|112.08791208791209
364,2026-02-27 00:11:31,1169.96336996337|-1025.6410256410256|44.688644688644686|-48.35164835164835|242.49084249084248
365,2026-02-27 00:11:31,1394.871794871795|-849.8168498168499|197.06959706959708|87.17948717948718|460.8058608058608
366,2026-02-27 00:11:31,1499.6336996336997|-649.8168498168499|429.3040293040293|271.79487179487177|613.1868131868132
367,2026-02-27 00:11:31,1499.6336996336997|-557.5091575091575|348.71794871794873|6.593406593406593|344.32234432234435
368,2026-02-27 00:11:31,1011.7216117216117|-1046.886446886447|-213.1868131868132|-530.4029304029305|-32.967032967032964
369,2026-02-27 00:11:31,756.7765567765567|-1232.967032967033|-387.54578754578756|-535.5311355311355|-59.34065934065934
370,2026-02-27 00:11:31,769.9633699633699|-1154.5787545787546|-384.61538461538464|-557.5091575091575|-73.99267399267399
371,2026-02-27 00:11:31,723.8095238095239|-1152.3809523809523|-330.4029304029304|-525.2747252747253|-86.44688644688645
372,2026-02-27 00:11:31,959.7069597069597|-1049.8168498168498|-336.2637362637363|-618.3150183150183|13.91941391941392
373,2026-02-27 00:11:31,835.1648351648352|-1020.5128205128206|-320.1465201465202|-595.6043956043956|-141.3919413919414
374,2026-02-27 00:11:31,815.3846153846154|-1033.6996336996338|-328.93772893772893|-570.6959706959707|-13.91941391941392
375,2026-02-27 00:11:31,755.3113553113553|-1002.9304029304029|-301.0989010989011|-676.1904761904761|-43.223443223443226
376,2026-02-27 00:11:31,729.6703296703297|-958.974358974359|-301.0989010989011|-661.5384615384615|6.593406593406593
377,2026-02-27 00:11:31,819.047619047619|-944.3223443223443|-310.6227106227106|-759.7069597069597|76.19047619047619
378,2026-02-27 00:11:31,920.8791208791209|-901.0989010989011|-331.13553113553115|-660.07326007326|19.78021978021978
379,2026-02-27 00:11:31,865.934065934066|-804.3956043956044|-314.2857142857143|-694.5054945054945|65.2014652014652
380,2026-02-27 00:11:31,925.2747252747253|-778.7545787545788|-219.04761904761904|-638.8278388278388|53.47985347985348
381,2026-02-27 00:11:31,1007.3260073260074|-698.1684981684982|-236.63003663003664|-677.6556776556777|84.24908424908425
382,2026-02-27 00:11:31,929.6703296703297|-638.0952380952381|-149.45054945054946|-665.934065934066|59.34065934065934
383,2026-02-27 00:11:31,1045.4212454212454|-641.025641025641|-146.5201465201465|-687.9120879120879|61.53846153846154
384,2026-02-27 00:11:32,964.1025641025641|-674.7252747252747|-161.17216117216117|-687.9120879120879|39.56043956043956
385,2026-02-27 00:11:32,1000.0|-463.7362637362637|-50.54945054945055|-694.5054945054945|144.32234432234432
386,2026-02-27 00:11:32,927.4725274725274|-626.3736263736264|-191.2087912087912|-810.2564102564103|57.875457875457876
387,2026-02-27 00:11:32,843.2234432234433|-566.3003663003662|-120.14652014652015|-742.1245421245421|452.01465201465203
388,2026-02-27 00:11:32,1499.6336996336997|1086.4468864468865|849.0842490842491|-1043.956043956044|-378.75457875457874
389,2026-02-27 00:11:32,583.8827838827839|-601.4652014652015|-86.44688644688645|-778.7545787545788|157.50915750915752
390,2026-02-27 00:11:32,834.4322344322344|-522.3443223443223|-2.93040293040293|-774.3589743589744|217.58241758241758
391,2026-02-27 00:11:32,1042.4908424908424|-368.4981684981685|97.43589743589743|-684.981684981685|281.31868131868134
392,2026-02-27 00:11:32,1059.3406593406594|-309.8901098901099|123.80952380952381|-633.6996336996338|381.68498168498166
393,2026-02-27 00:11:32,1271.7948717948718|-107.6923076923077|357.5091575091575|-418.31501831501834|615.3846153846154
394,2026-02-27 00:11:32,1499.6336996336997|208.05860805860806|648.3516483516484|-301.83150183150184|678.3882783882784
395,2026-02-27 00:11:32,1499.6336996336997|40.29304029304029|389.010989010989|-764.1025641025641|166.3003663003663
396,2026-02-27 00:11:32,729.6703296703297|-434.43223443223445|-62.27106227106227|-1117.2161172161173|-142.85714285714286
397,2026-02-27 00:11:32,427.83882783882785|-529.6703296703297|-169.23076923076923|-1220.5128205128206|-126.73992673992674
398,2026-02-27 00:11:32,541.3919413919414|-532.6007326007326|-132.6007326007326|-1210.989010989011|-135.53113553113553
399,2026-02-27 00:11:32,499.6336996336996|-494.5054945054945|-63.73626373626374|-1210.989010989011|-125.27472527472527
400,2026-02-27 00:11:32,536.996336996337|-473.2600732600733|-61.53846153846154|-1189.7435897435898|-27.106227106227106
401,2026-02-27 00:11:32,522.3443223443223|-449.8168498168498|30.036630036630036|-1232.2344322344322|-169.23076923076923
402,2026-02-27 00:11:32,479.8534798534798|-477.65567765567766|62.27106227106227|-1152.3809523809523|-93.77289377289377
403,2026-02-27 00:11:32,503.2967032967033|-463.7362637362637|43.956043956043956|-1212.4542124542124|-79.85347985347985
404,2026-02-27 00:11:32,504.02930402930406|-446.15384615384613|156.04395604395606|-1210.989010989011|18.315018315018314
405,2026-02-27 00:11:32,541.3919413919414|-418.31501831501834|121.6117216117216|-1260.805860805861|12.454212454212454
406,2026-02-27 00:11:32,369.96336996337|-450.54945054945057|222.71062271062272|-1200.7326007326008|10.989010989010989
407,2026-02-27 00:11:32,489.3772893772894|-225.64102564102564|271.79487179487177|-1282.051282051282|62.27106227106227
408,2026-02-27 00:11:32,485.7142857142857|-238.0952380952381|290.84249084249086|-1342.857142857143|46.15384615384615
409,2026-02-27 00:11:33,430.03663003663|-192.67399267399267|340.65934065934067|-1329.6703296703297|87.91208791208791
410,2026-02-27 00:11:33,485.7142857142857|-188.2783882783883|438.0952380952381|-1284.981684981685|42.49084249084249
411,2026-02-27 00:11:33,534.065934065934|-88.64468864468864|495.97069597069594|-1256.4102564102564|-16.84981684981685
412,2026-02-27 00:11:33,324.54212454212455|-154.57875457875457|452.01465201465203|-1295.2380952380952|4.395604395604396
413,2026-02-27 00:11:33,532.6007326007326|-108.42490842490842|529.6703296703297|-1200.7326007326008|427.1062271062271
414,2026-02-27 00:11:33,1499.6336996336997|1499.6336996336997|1499.6336996336997|-1500.3663003663003|-497.43589743589746
415,2026-02-27 00:11:33,-3.663003663003663|-359.7069597069597|582.4175824175824|-1307.6923076923076|-25.641025641025642
416,2026-02-27 00:11:33,391.94139194139194|-156.7765567765568|582.4175824175824|-1316.4835164835165|37.362637362637365
417,2026-02-27 00:11:33,405.12820512820514|-87.91208791208791|687.9120879120879|-1275.4578754578754|107.6923076923077
418,2026-02-27 00:11:33,421.24542124542126|61.53846153846154|781.6849816849817|-1201.4652014652015|169.96336996336996
419,2026-02-27 00:11:33,550.1831501831501|93.04029304029304|1069.5970695970695|-945.054945054945|460.8058608058608
420,2026-02-27 00:11:33,857.8754578754579|452.01465201465203|1451.2820512820513|-850.5494505494505|483.5164835164835
421,2026-02-27 00:11:33,679.8534798534798|306.959706959707|1019.047619047619|-1240.2930402930403|44.688644688644686
422,2026-02-27 00:11:33,263.003663003663|-84.24908424908425|569.2307692307693|-1500.3663003663003|-206.5934065934066
423,2026-02-27 00:11:33,41.75824175824176|-214.65201465201466|548.7179487179487|-1500.3663003663003|-314.2857142857143
424,2026-02-27 00:11:33,13.91941391941392|-235.16483516483515|573.6263736263736|-1500.3663003663003|-238.0952380952381
425,2026-02-27 00:11:33,57.875457875457876|-286.4468864468864|567.7655677655678|-1500.3663003663003|-260.0732600732601
426,2026-02-27 00:11:33,63.73626373626374|-203.66300366300365|624.1758241758242|-1500.3663003663003|-211.7216117216117
427,2026-02-27 00:11:33,-3.663003663003663|-249.08424908424908|613.1868131868132|-1500.3663003663003|-258.6080586080586
428,2026-02-27 00:11:33,38.827838827838825|-258.6080586080586|694.5054945054945|-1477.6556776556777|-158.97435897435898
429,2026-02-27 00:11:33,-84.98168498168498|-172.16117216117217|673.992673992674|-1474.7252747252746|-202.93040293040292
430,2026-02-27 00:11:33,-76.92307692307692|-115.01831501831502|706.959706959707|-1458.6080586080586|-191.2087912087912
431,2026-02-27 00:11:33,-31.501831501831504|-101.83150183150182|730.4029304029305|-1398.5347985347985|-157.50915750915752
432,2026-02-27 00:11:33,25.641025641025642|-131.86813186813185|869.5970695970695|-1343.5897435897436|-126.73992673992674
433,2026-02-27 00:11:34,63.73626373626374|3.663003663003663|900.3663003663004|-1353.113553113553|-98.9010989010989
434,2026-02-27 00:11:34,25.641025641025642|-65.2014652014652|916.4835164835165|-1332.6007326007325|-106.22710622710623
435,2026-02-27 00:11:34,19.047619047619047|17.582417582417584|1005.8608058608058|-1259.3406593406594|-115.01831501831502
436,2026-02-27 00:11:34,-8.058608058608058|-2.197802197802198|970.6959706959707|-1235.8974358974358|-52.747252747252745
437,2026-02-27 00:11:34,34.43223443223443|72.52747252747253|978.021978021978|-1249.084249084249|-101.0989010989011
438,2026-02-27 00:11:34,-118.68131868131869|-12.454212454212454|998.5347985347985|-1289.3772893772893|-213.1868131868132
439,2026-02-27 00:11:34,-16.84981684981685|180.21978021978023|1499.6336996336997|345.7875457875458|1288.6446886446886
440,2026-02-27 00:11:34,19.78021978021978|-464.46886446886447|430.03663003663|-1303.2967032967033|-122.34432234432235
441,2026-02-27 00:11:34,-157.50915750915752|97.43589743589743|1142.857142857143|-1064.4688644688645|-89.37728937728937
442,2026-02-27 00:11:34,-88.64468864468864|167.76556776556777|1139.194139194139|-1104.029304029304|-84.24908424908425
443,2026-02-27 00:11:34,-42.49084249084249|174.35897435897436|1353.8461538461538|-905.4945054945055|71.7948717948718
444,2026-02-27 00:11:34,43.223443223443226|380.2197802197802|1485.7142857142858|-775.8241758241758|205.86080586080587
445,2026-02-27 00:11:34,153.1135531135531|495.97069597069594|1499.6336996336997|-473.992673992674|462.27106227106225
446,2026-02-27 00:11:34,312.0879120879121|682.7838827838827|1499.6336996336997|-600.7326007326008|186.8131868131868
447,2026-02-27 00:11:34,-30.036630036630036|120.87912087912088|1073.2600732600733|-1128.2051282051282|-313.5531135531136
448,2026-02-27 00:11:34,-403.6630036630037|-80.58608058608058|790.4761904761905|-1139.194139194139|-435.16483516483515
449,2026-02-27 00:11:34,-636.6300366300367|-160.43956043956044|761.1721611721612|-1056.4102564102564|-351.64835164835165
450,2026-02-27 00:11:34,-578.021978021978|-132.6007326007326|803.6630036630037|-994.1391941391942|-381.68498168498166
451,2026-02-27 00:11:34,-665.934065934066|-73.26007326007326|788.2783882783883|-1008.7912087912088|-351.64835164835165
452,2026-02-27 00:11:34,-589.7435897435897|-70.32967032967034|865.2014652014652|-879.8534798534798|-305.4945054945055
453,2026-02-27 00:11:34,-621.978021978022|-26.373626373626372|783.1501831501831|-969.2307692307693|-380.95238095238096
454,2026-02-27 00:11:34,-596.3369963369963|-126.73992673992674|956.0439560439561|-851.2820512820513|-305.4945054945055
455,2026-02-27 00:11:34,-591.9413919413919|-107.6923076923077|966.3003663003662|-778.7545787545788|-268.13186813186815
456,2026-02-27 00:11:34,-587.5457875457876|-43.223443223443226|1014.6520146520146|-770.6959706959707|-243.2234432234432
457,2026-02-27 00:11:34,-602.1978021978022|85.71428571428571|865.2014652014652|-789.010989010989|-249.8168498168498
458,2026-02-27 00:11:34,-682.7838827838827|-15.384615384615385|904.7619047619048|-788.2783882783883|-255.67765567765568
459,2026-02-27 00:11:35,-595.6043956043956|93.04029304029304|913.5531135531136|-775.8241758241758|-308.42490842490844
460,2026-02-27 00:11:35,-687.1794871794872|10.989010989010989|860.8058608058608|-704.7619047619048|-194.13919413919413
461,2026-02-27 00:11:35,-630.7692307692307|163.36996336996336|991.2087912087912|-636.6300366300367|-164.83516483516485
462,2026-02-27 00:11:35,-635.1648351648352|186.8131868131868|999.2673992673992|-569.2307692307693|-145.78754578754578
463,2026-02-27 00:11:35,-677.6556776556777|135.53113553113553|994.1391941391942|-572.1611721611722|-145.05494505494505
464,2026-02-27 00:11:35,-750.9157509157509|186.8131868131868|1049.084249084249|-345.05494505494505|663.003663003663
465,2026-02-27 00:11:35,803.6630036630037|1499.6336996336997|1421.978021978022|-874.7252747252747|-522.3443223443223
466,2026-02-27 00:11:35,-862.2710622710623|134.06593406593407|1024.9084249084249|-438.0952380952381|-21.245421245421245
467,2026-02-27 00:11:35,-756.7765567765567|80.58608058608058|1150.915750915751|-354.57875457875457|38.827838827838825
468,2026-02-27 00:11:35,-643.9560439560439|202.93040293040292|1110.6227106227107|-261.53846153846155|110.62271062271063
469,2026-02-27 00:11:35,-705.4945054945055|326.7399267399267|1168.4981684981685|-154.57875457875457|261.53846153846155
470,2026-02-27 00:11:35,-501.83150183150184|418.31501831501834|1439.5604395604396|52.747252747252745|503.2967032967033
471,2026-02-27 00:11:35,-296.7032967032967|674.7252747252747|1499.6336996336997|243.95604395604394|642.4908424908425
472,2026-02-27 00:11:35,-392.6739926739927|498.9010989010989|1082.051282051282|-267.3992673992674|27.83882783882784
473,2026-02-27 00:11:35,-956.7765567765567|32.967032967032964|536.996336996337|-591.2087912087912|-182.41758241758242
474,2026-02-27 00:11:35,-1092.3076923076924|-79.85347985347985|571.4285714285714|-576.5567765567765|-136.996336996337
475,2026-02-27 00:11:35,-1087.9120879120878|-75.45787545787546|608.0586080586081|-501.83150183150184|-84.24908424908425
476,2026-02-27 00:11:35,-1097.4358974358975|-72.52747252747253|641.025641025641|-471.06227106227107|-43.223443223443226
477,2026-02-27 00:11:35,-1142.1245421245421|-41.75824175824176|534.7985347985348|-497.43589743589746|-31.501831501831504
478,2026-02-27 00:11:35,-1138.4615384615386|-109.15750915750915|603.6630036630037|-576.5567765567765|-35.8974358974359
479,2026-02-27 00:11:35,-1140.6593406593406|-63.00366300366301|487.9120879120879|-393.4065934065934|32.234432234432234
480,2026-02-27 00:11:35,-1227.1062271062272|-103.2967032967033|473.992673992674|-336.996336996337|144.32234432234432
481,2026-02-27 00:11:35,-1225.6410256410256|-95.97069597069597|520.8791208791209|-378.75457875457874|112.08791208791209
482,2026-02-27 00:11:35,-1259.3406593406594|-32.967032967032964|467.3992673992674|-376.5567765567766|157.50915750915752
483,2026-02-27 00:11:35,-1257.8754578754579|-37.362637362637365|536.996336996337|-298.9010989010989|166.3003663003663
484,2026-02-27 00:11:36,-1240.2930402930403|-12.454212454212454|520.1465201465202|-258.6080586080586|280.5860805860806
485,2026-02-27 00:11:36,-1203.6630036630036|-21.245421245421245|544.3223443223443|-214.65201465201466|362.6373626373626
486,2026-02-27 00:11:36,-1193.4065934065934|-5.86080586080586|535.5311355311355|-156.04395604395606|415.38461538461536
487,2026-02-27 00:11:36,-1273.992673992674|-59.34065934065934|452.74725274725273|-302.56410256410254|345.7875457875458
488,2026-02-27 00:11:36,-1249.084249084249|-12.454212454212454|490.1098901098901|-194.87179487179486|672.5274725274726
489,2026-02-27 00:11:36,-351.64835164835165|1499.6336996336997|1419.047619047619|-122.34432234432235|-97.43589743589743
490,2026-02-27 00:11:36,-1500.3663003663003|-161.9047619047619|336.996336996337|-205.86080586080587|483.5164835164835
491,2026-02-27 00:11:36,-1306.9597069597069|-30.036630036630036|389.7435897435897|-117.94871794871794|568.4981684981685
492,2026-02-27 00:11:36,-1256.4102564102564|112.08791208791209|438.82783882783883|6.593406593406593|663.003663003663
493,2026-02-27 00:11:36,-1231.5018315018315|185.34798534798534|580.952380952381|21.245421245421245|863.7362637362637
494,2026-02-27 00:11:36,-1026.3736263736264|315.75091575091574|843.2234432234433|264.46886446886447|1186.080586080586
495,2026-02-27 00:11:36,-797.8021978021978|638.8278388278388|960.4395604395604|523.8095238095239|1468.131868131868
496,2026-02-27 00:11:36,-839.5604395604396|416.1172161172161|733.3333333333334|131.86813186813185|829.3040293040293
497,2026-02-27 00:11:36,-1342.1245421245421|-85.71428571428571|275.45787545787545|-157.50915750915752|501.83150183150184
498,2026-02-27 00:11:36,-1500.3663003663003|-246.8864468864469|109.15750915750915|-230.76923076923077|520.1465201465202
499,2026-02-27 00:11:36,-1500.3663003663003|-173.62637362637363|128.93772893772893|-191.94139194139194|547.985347985348
500,2026-02-27 00:11:36,-1500.3663003663003|-183.15018315018315|87.91208791208791|-109.15750915750915|624.1758241758242
501,2026-02-27 00:11:36,-1500.3663003663003|-201.46520146520146|54.94505494505494|-174.35897435897436|572.1611721611722
502,2026-02-27 00:11:36,-1500.3663003663003|-180.95238095238096|62.27106227106227|-144.32234432234432|641.7582417582418
503,2026-02-27 00:11:36,-1500.3663003663003|-146.5201465201465|17.582417582417584|-112.08791208791209|686.4468864468864
504,2026-02-27 00:11:36,-1459.3406593406594|-62.27106227106227|-16.84981684981685|-142.85714285714286|781.6849816849817
505,2026-02-27 00:11:36,-1487.179487179487|-87.17948717948718|19.78021978021978|-32.967032967032964|807.3260073260074
506,2026-02-27 00:11:36,-1448.3516483516485|-123.80952380952381|56.41025641025641|-37.362637362637365|850.5494505494505
507,2026-02-27 00:11:36,-1436.6300366300366|-144.32234432234432|38.827838827838825|-75.45787545787546|869.5970695970695
508,2026-02-27 00:11:37,-1397.069597069597|-117.94871794871794|87.17948717948718|-61.53846153846154|826.3736263736264
509,2026-02-27 00:11:37,-1391.2087912087911|-107.6923076923077|-2.197802197802198|28.571428571428573|951.6483516483516
510,2026-02-27 00:11:37,-1373.6263736263736|-60.8058608058608|7.326007326007326|84.24908424908425|885.7142857142857
511,2026-02-27 00:11:37,-1369.2307692307693|-113.55311355311355|-5.86080586080586|125.27472527472527|978.7545787545788
512,2026-02-27 00:11:37,-1328.937728937729|-107.6923076923077|5.86080586080586|76.92307692307692|908.4249084249084
513,2026-02-27 00:11:37,-1301.8315018315018|-136.996336996337|-52.014652014652015|41.75824175824176|916.4835164835165
514,2026-02-27 00:11:37,-1254.9450549450548|201.46520146520146|931.8681318681319|1499.6336996336997|1499.6336996336997
515,2026-02-27 00:11:37,-1128.937728937729|-613.1868131868132|-406.5934065934066|90.10989010989012|1006.5934065934066
516,2026-02-27 00:11:37,-1205.128205128205|-66.66666666666667|-115.01831501831502|123.80952380952381|1162.6373626373627
517,2026-02-27 00:11:37,-1105.4945054945056|-21.245421245421245|-14.652014652014651|149.45054945054946|1227.1062271062272
518,2026-02-27 00:11:37,-1058.6080586080586|40.29304029304029|-33.6996336996337|178.75457875457874|1499.6336996336997
519,2026-02-27 00:11:37,-893.040293040293|139.19413919413918|60.8058608058608|415.38461538461536|1499.6336996336997
520,2026-02-27 00:11:37,-727.4725274725274|361.17216117216117|242.49084249084248|490.1098901098901|1499.6336996336997
521,2026-02-27 00:11:37,-506.959706959707|438.82783882783883|264.46886446886447|455.67765567765565|1403.6630036630036
522,2026-02-27 00:11:37,-868.8644688644689|-21.245421245421245|-330.4029304029304|-52.014652014652015|819.7802197802198
523,2026-02-27 00:11:37,-1202.930402930403|-318.68131868131866|-495.97069597069594|-84.24908424908425|769.9633699633699
524,2026-02-27 00:11:37,-1184.6153846153845|-403.6630036630037|-575.0915750915751|-56.41025641025641|804.3956043956044
525,2026-02-27 00:11:37,-1175.8241758241759|-364.1025641025641|-469.5970695970696|-70.32967032967034|841.025641025641
526,2026-02-27 00:11:37,-1108.4249084249084|-362.6373626373626|-481.31868131868134|-43.223443223443226|806.5934065934066
527,2026-02-27 00:11:37,-1167.032967032967|-412.45421245421244|-478.38827838827837|-98.9010989010989|925.2747252747253
528,2026-02-27 00:11:37,-1102.5641025641025|-413.1868131868132|-501.83150183150184|32.234432234432234|800.7326007326008
529,2026-02-27 00:11:37,-1083.5164835164835|-361.17216117216117|-614.6520146520146|-43.223443223443226|888.6446886446887
530,2026-02-27 00:11:37,-993.4065934065934|-318.68131868131866|-549.4505494505495|38.827838827838825|865.2014652014652
531,2026-02-27 00:11:37,-999.2673992673992|-347.98534798534797|-597.0695970695971|-73.99267399267399|944.3223443223443
532,2026-02-27 00:11:38,-941.3919413919414|-333.3333333333333|-589.7435897435897|13.91941391941392|858.6080586080586
533,2026-02-27 00:11:38,-871.0622710622711|-290.1098901098901|-646.8864468864468|30.036630036630036|923.0769230769231
534,2026-02-27 00:11:38,-828.5714285714286|-270.3296703296703|-610.2564102564103|-32.967032967032964|934.065934065934
535,2026-02-27 00:11:38,-689.3772893772893|-249.8168498168498|-704.0293040293041|64.46886446886447|1017.5824175824176
536,2026-02-27 00:11:38,-717.2161172161173|-205.86080586080587|-594.8717948717949|125.27472527472527|1086.4468864468865
537,2026-02-27 00:11:38,-581.6849816849817|-147.25274725274724|-663.003663003663|104.02930402930403|975.0915750915751
538,2026-02-27 00:11:38,-717.2161172161173|-156.04395604395606|-611.7216117216117|73.26007326007326|1030.7692307692307
539,2026-02-27 00:11:38,-676.9230769230769|-33.6996336996337|-107.6923076923077|1499.6336996336997|1499.6336996336997
540,2026-02-27 00:11:38,163.36996336996336|-520.8791208791209|-1175.0915750915751|-160.43956043956044|925.2747252747253
541,2026-02-27 00:11:38,-594.8717948717949|-131.13553113553112|-676.1904761904761|136.996336996337|912.0879120879121
542,2026-02-27 00:11:38,-634.4322344322344|-85.71428571428571|-646.1538461538462|186.8131868131868|1140.6593406593406
543,2026-02-27 00:11:38,-452.01465201465203|25.641025641025642|-613.1868131868132|296.7032967032967|1096.7032967032967
544,2026-02-27 00:11:38,-330.4029304029304|110.62271062271063|-576.5567765567765|359.7069597069597|1298.901098901099
545,2026-02-27 00:11:38,-149.45054945054946|389.010989010989|-258.6080586080586|638.0952380952381|1499.6336996336997
546,2026-02-27 00:11:38,104.76190476190476|556.0439560439561|-301.83150183150184|619.047619047619|1401.4652014652015
547,2026-02-27 00:11:38,-217.58241758241758|160.43956043956044|-794.1391941391942|31.501831501831504|770.6959706959707
548,2026-02-27 00:11:38,-529.6703296703297|-161.17216117216117|-1095.2380952380952|-161.17216117216117|556.0439560439561
549,2026-02-27 00:11:38,-627.1062271062272|-160.43956043956044|-1058.6080586080586|-164.83516483516485|688.6446886446887
550,2026-02-27 00:11:38,-529.6703296703297|-106.22710622710623|-1071.7948717948718|-66.66666666666667|641.025641025641
551,2026-02-27 00:11:38,-638.8278388278388|-87.17948717948718|-1057.142857142857|-79.85347985347985|717.2161172161173
552,2026-02-27 00:11:38,-582.4175824175824|-53.47985347985348|-1082.051282051282|-25.641025641025642|501.0989010989011
553,2026-02-27 00:11:38,-535.5311355311355|-38.827838827838825|-1158.2417582417581|-143.5897435897436|485.7142857142857
554,2026-02-27 00:11:38,-602.1978021978022|-33.6996336996337|-1133.3333333333333|-21.245421245421245|465.2014652014652
555,2026-02-27 00:11:38,-434.43223443223445|22.71062271062271|-1195.6043956043957|18.315018315018314|567.7655677655678
556,2026-02-27 00:11:38,-410.989010989011|123.80952380952381|-1161.1721611721612|34.43223443223443|524.5421245421245
557,2026-02-27 00:11:39,-358.24175824175825|167.76556776556777|-1177.2893772893774|-8.058608058608058|579.4871794871794
558,2026-02-27 00:11:39,-369.96336996337|243.2234432234432|-1119.4139194139193|-12.454212454212454|608.7912087912088
559,2026-02-27 00:11:39,-289.3772893772894|241.02564102564102|-1163.3699633699634|-2.93040293040293|625.6410256410256
560,2026-02-27 00:11:39,-286.4468864468864|295.97069597069594|-1175.0915750915751|54.94505494505494|635.1648351648352
561,2026-02-27 00:11:39,-230.03663003663004|320.1465201465202|-1195.6043956043957|32.234432234432234|543.5897435897435
562,2026-02-27 00:11:39,-195.6043956043956|481.31868131868134|-1200.7326007326008|66.66666666666667|578.021978021978
563,2026-02-27 00:11:39,-236.63003663003664|421.24542124542126|-1227.1062271062272|-21.245421245421245|455.67765567765565
564,2026-02-27 00:11:39,-310.6227106227106|397.8021978021978|-1260.0732600732601|103.2967032967033|1238.8278388278388
565,2026-02-27 00:11:39,1019.7802197802198|1499.6336996336997|-643.2234432234433|-328.93772893772893|-18.315018315018314
566,2026-02-27 00:11:39,-391.94139194139194|438.82783882783883|-1303.2967032967033|78.3882783882784|463.7362637362637
567,2026-02-27 00:11:39,-150.1831501831502|606.5934065934066|-1254.9450549450548|99.63369963369964|448.35164835164835
568,2026-02-27 00:11:39,-66.66666666666667|663.003663003663|-1208.7912087912089|128.2051282051282|572.1611721611722
569,2026-02-27 00:11:39,-5.86080586080586|830.0366300366301|-1086.4468864468865|208.05860805860806|729.6703296703297
570,2026-02-27 00:11:39,123.80952380952381|991.2087912087912|-920.8791208791209|512.0879120879121|865.2014652014652
571,2026-02-27 00:11:39,403.6630036630037|1499.6336996336997|-712.0879120879121|636.6300366300367|959.7069597069597
572,2026-02-27 00:11:39,379.4871794871795|1189.7435897435898|-1092.3076923076924|138.46153846153845|367.76556776556777
573,2026-02-27 00:11:39,-196.33699633699635|607.3260073260074|-1500.3663003663003|-274.72527472527474|116.48351648351648
574,2026-02-27 00:11:39,-242.49084249084248|484.24908424908426|-1500.3663003663003|-275.45787545787545|15.384615384615385
575,2026-02-27 00:11:39,-265.9340659340659|515.018315018315|-1500.3663003663003|-202.1978021978022|85.71428571428571
576,2026-02-27 00:11:39,-213.1868131868132|626.3736263736264|-1500.3663003663003|-145.78754578754578|-17.582417582417584
577,2026-02-27 00:11:39,-227.83882783882783|641.7582417582418|-1500.3663003663003|-173.62637362637363|24.90842490842491
578,2026-02-27 00:11:39,-229.3040293040293|675.4578754578755|-1500.3663003663003|-176.55677655677655|13.186813186813186
579,2026-02-27 00:11:39,-207.32600732600733|672.5274725274726|-1500.3663003663003|-200.0|46.15384615384615
580,2026-02-27 00:11:39,-214.65201465201466|695.2380952380952|-1500.3663003663003|-153.84615384615384|137.72893772893772
581,2026-02-27 00:11:39,-192.67399267399267|764.1025641025641|-1500.3663003663003|-141.3919413919414|43.223443223443226
582,2026-02-27 00:11:39,-177.28937728937728|817.5824175824176|-1498.1684981684982|-120.87912087912088|87.17948717948718
583,2026-02-27 00:11:40,-109.15750915750915|898.1684981684982|-1460.0732600732601|-194.13919413919413|32.967032967032964
584,2026-02-27 00:11:40,-84.24908424908425|869.5970695970695|-1448.3516483516485|-115.01831501831502|38.095238095238095
585,2026-02-27 00:11:40,-28.571428571428573|910.6227106227107|-1411.7216117216117|-79.12087912087912|-26.373626373626372
586,2026-02-27 00:11:40,19.78021978021978|913.5531135531136|-1421.2454212454213|-85.71428571428571|-17.582417582417584
587,2026-02-27 00:11:40,-25.641025641025642|944.3223443223443|-1361.904761904762|-82.78388278388279|-147.25274725274724
588,2026-02-27 00:11:40,45.42124542124542|972.1611721611722|-1277.6556776556777|-58.608058608058606|-95.97069597069597
589,2026-02-27 00:11:40,115.75091575091575|1083.5164835164835|-1269.5970695970695|-108.42490842490842|-98.16849816849818
590,2026-02-27 00:11:40,31.501831501831504|1023.4432234432235|-1267.3992673992675|-106.22710622710623|-94.50549450549451
591,2026-02-27 00:11:40,115.01831501831502|1499.6336996336997|60.07326007326007|1499.6336996336997|558.2417582417582
592,2026-02-27 00:11:40,-125.27472527472527|500.3663003663004|-1367.032967032967|-106.95970695970696|-161.9047619047619
593,2026-02-27 00:11:40,97.43589743589743|1166.3003663003662|-1120.8791208791208|-68.13186813186813|-100.36630036630036
594,2026-02-27 00:11:40,139.9267399267399|1104.029304029304|-1101.8315018315018|-5.86080586080586|-38.827838827838825
595,2026-02-27 00:11:40,183.15018315018315|1258.6080586080586|-1024.9084249084249|72.52747252747253|-41.75824175824176
596,2026-02-27 00:11:40,289.3772893772894|1443.956043956044|-806.5934065934066|221.97802197802199|139.9267399267399
597,2026-02-27 00:11:40,473.992673992674|1499.6336996336997|-542.8571428571429|482.05128205128204|312.0879120879121
598,2026-02-27 00:11:40,714.2857142857143|1499.6336996336997|-528.9377289377289|245.42124542124543|-75.45787545787546
599,2026-02-27 00:11:40,273.2600732600733|1101.098901098901|-1080.5860805860807|-271.79487179487177|-476.1904761904762
600,2026-02-27 00:11:40,-30.036630036630036|829.3040293040293|-1161.1721611721612|-424.1758241758242|-579.4871794871794
601,2026-02-27 00:11:40,-134.06593406593407|771.4285714285714|-1118.6813186813188|-378.02197802197804|-576.5567765567765
602,2026-02-27 00:11:40,-111.35531135531136|931.1355311355311|-1080.5860805860807|-320.1465201465202|-557.5091575091575
603,2026-02-27 00:11:40,-71.06227106227107|842.4908424908425|-1021.2454212454212|-333.3333333333333|-646.8864468864468
604,2026-02-27 00:11:40,-111.35531135531136|882.7838827838827|-1063.003663003663|-334.7985347985348|-582.4175824175824
605,2026-02-27 00:11:40,-65.2014652014652|920.1465201465202|-978.021978021978|-298.16849816849816|-682.0512820512821
606,2026-02-27 00:11:40,-148.71794871794873|812.4542124542124|-998.5347985347985|-331.86813186813185|-677.6556776556777
607,2026-02-27 00:11:40,-41.75824175824176|887.1794871794872|-917.9487179487179|-290.1098901098901|-678.3882783882784
608,2026-02-27 00:11:40,-46.88644688644688|852.7472527472528|-986.080586080586|-306.2271062271062|-610.2564102564103
609,2026-02-27 00:11:41,28.571428571428573|881.3186813186813|-872.5274725274726|-243.95604395604394|-652.7472527472528
610,2026-02-27 00:11:41,52.014652014652015|779.4871794871794|-846.1538461538462|-213.91941391941393|-634.4322344322344
611,2026-02-27 00:11:41,90.10989010989012|952.3809523809524|-754.5787545787546|-200.0|-688.6446886446887
612,2026-02-27 00:11:41,91.57509157509158|998.5347985347985|-742.1245421245421|-216.11721611721612|-701.0989010989011
613,2026-02-27 00:11:41,91.57509157509158|988.2783882783883|-681.3186813186813|-71.7948717948718|-572.1611721611722
614,2026-02-27 00:11:41,123.80952380952381|941.3919413919414|-676.9230769230769|-157.50915750915752|-742.1245421245421
615,2026-02-27 00:11:41,32.967032967032964|1053.4798534798535|-648.3516483516484|-141.3919413919414|-682.0512820512821
616,2026-02-27 00:11:41,247.61904761904762|1499.6336996336997|643.9560439560439|1499.6336996336997|-328.93772893772893
617,2026-02-27 00:11:41,-274.72527472527474|427.1062271062271|-790.4761904761905|-134.06593406593407|-812.4542124542124
618,2026-02-27 00:11:41,101.83150183150182|967.7655677655678|-504.76190476190476|-5.128205128205129|-790.4761904761905
619,2026-02-27 00:11:41,84.98168498168498|869.5970695970695|-437.3626373626374|88.64468864468864|-704.7619047619048
620,2026-02-27 00:11:41,230.03663003663004|1092.3076923076924|-340.65934065934067|200.73260073260073|-671.0622710622711
621,2026-02-27 00:11:41,372.8937728937729|1199.2673992673992|-227.83882783882783|391.94139194139194|-502.56410256410254
622,2026-02-27 00:11:41,509.8901098901099|1499.6336996336997|19.78021978021978|686.4468864468864|-219.78021978021977
623,2026-02-27 00:11:41,734.7985347985348|1499.6336996336997|-38.827838827838825|462.27106227106225|-668.8644688644689
624,2026-02-27 00:11:41,186.8131868131868|942.8571428571429|-558.974358974359|-41.02564102564103|-1073.2600732600733
625,2026-02-27 00:11:41,-49.08424908424909|561.1721611721612|-638.0952380952381|-117.94871794871794|-1167.032967032967
626,2026-02-27 00:11:41,-179.48717948717947|605.1282051282051|-633.6996336996338|-65.2014652014652|-1117.2161172161173
627,2026-02-27 00:11:41,-107.6923076923077|600.0|-554.5787545787546|-52.014652014652015|-1197.069597069597
628,2026-02-27 00:11:41,-136.26373626373626|501.0989010989011|-563.3699633699633|22.71062271062271|-1181.6849816849817
629,2026-02-27 00:11:41,-112.08791208791209|497.43589743589746|-497.43589743589746|-15.384615384615385|-1327.4725274725274
630,2026-02-27 00:11:41,-47.61904761904762|495.97069597069594|-522.3443223443223|73.99267399267399|-1237.3626373626373
631,2026-02-27 00:11:41,-88.64468864468864|502.56410256410254|-425.64102564102564|126.73992673992674|-1227.1062271062272
632,2026-02-27 00:11:41,-63.73626373626374|490.1098901098901|-437.3626373626374|205.86080586080587|-1222.7106227106226
633,2026-02-27 00:11:41,-53.47985347985348|585.3479853479854|-394.13919413919416|239.56043956043956|-1189.010989010989
634,2026-02-27 00:11:42,-2.197802197802198|547.985347985348|-430.03663003663|298.16849816849816|-1175.8241758241759
635,2026-02-27 00:11:42,32.967032967032964|554.5787545787546|-399.26739926739924|390.4761904761905|-1167.032967032967
636,2026-02-27 00:11:42,68.13186813186813|560.4395604395604|-384.61538461538464|388.27838827838826|-1195.6043956043957
637,2026-02-27 00:11:42,27.106227106227106|546.5201465201466|-345.05494505494505|457.14285714285717|-1187.5457875457876
638,2026-02-27 00:11:42,73.26007326007326|547.985347985348|-216.84981684981685|568.4981684981685|-1235.8974358974358
639,2026-02-27 00:11:42,91.57509157509158|583.8827838827839|-258.6080586080586|491.57509157509156|-1326.7399267399267
640,2026-02-27 00:11:42,54.21245421245421|487.1794871794872|-207.32600732600733|503.2967032967033|-1344.3223443223444
641,2026-02-27 00:11:42,61.53846153846154|800.0|762.6373626373627|1499.6336996336997|-144.32234432234432
642,2026-02-27 00:11:42,-65.2014652014652|-75.45787545787546|-345.7875457875458|484.24908424908426|-1339.9267399267399
643,2026-02-27 00:11:42,62.27106227106227|438.82783882783883|-193.4065934065934|698.9010989010989|-1256.4102564102564
644,2026-02-27 00:11:42,108.42490842490842|570.6959706959707|-56.41025641025641|741.3919413919414|-1252.014652014652
645,2026-02-27 00:11:42,159.7069597069597|554.5787545787546|-23.44322344322344|992.6739926739926|-1071.062271062271
646,2026-02-27 00:11:42,263.003663003663|687.9120879120879|185.34798534798534|1222.7106227106226|-928.2051282051282
647,2026-02-27 00:11:42,454.2124542124542|882.7838827838827|341.3919413919414|1499.6336996336997|-705.4945054945055
648,2026-02-27 00:11:42,676.9230769230769|975.0915750915751|368.4981684981685|1485.7142857142858|-1026.3736263736264
649,2026-02-27 00:11:42,213.1868131868132|369.96336996337|-168.4981684981685|721.6117216117216|-1500.3663003663003
650,2026-02-27 00:11:42,-179.48717948717947|116.48351648351648|-312.8205128205128|561.9047619047619|-1500.3663003663003
651,2026-02-27 00:11:42,-287.1794871794872|-25.641025641025642|-246.8864468864469|559.7069597069597|-1500.3663003663003
652,2026-02-27 00:11:42,-273.2600732600733|98.9010989010989|-227.83882783882783|627.1062271062272|-1500.3663003663003
653,2026-02-27 00:11:42,-170.6959706959707|66.66666666666667|-125.27472527472527|654.2124542124542|-1500.3663003663003
654,2026-02-27 00:11:42,-217.58241758241758|63.00366300366301|-214.65201465201466|712.8205128205128|-1500.3663003663003
655,2026-02-27 00:11:42,-219.04761904761904|84.24908424908425|-176.55677655677655|775.8241758241758|-1500.3663003663003
656,2026-02-27 00:11:42,-171.42857142857142|65.2014652014652|-213.1868131868132|825.6410256410256|-1500.3663003663003
657,2026-02-27 00:11:42,-153.84615384615384|52.014652014652015|-155.3113553113553|849.0842490842491|-1500.3663003663003
658,2026-02-27 00:11:43,-101.83150183150182|54.94505494505494|-241.75824175824175|900.3663003663004|-1479.1208791208792
659,2026-02-27 00:11:43,-154.57875457875457|-40.29304029304029|-145.78754578754578|884.2490842490843|-1500.3663003663003
660,2026-02-27 00:11:43,-213.1868131868132|-35.8974358974359|-85.71428571428571|919.4139194139194|-1479.85347985348
661,2026-02-27 00:11:43,-141.3919413919414|-52.014652014652015|-76.19047619047619|854.945054945055|-1482.051282051282
662,2026-02-27 00:11:43,-119.41391941391942|-28.571428571428573|-95.23809523809524|1007.3260073260074|-1385.3479853479853
663,2026-02-27 00:11:43,-97.43589743589743|31.501831501831504|88.64468864468864|994.1391941391942|-1389.7435897435898
664,2026-02-27 00:11:43,-156.04395604395606|-70.32967032967034|54.94505494505494|998.5347985347985|-1376.5567765567766
665,2026-02-27 00:11:43,-149.45054945054946|-38.095238095238095|37.362637362637365|998.5347985347985|-988.2783882783883
666,2026-02-27 00:11:43,1070.3296703296703|1435.1648351648353|1137.7289377289378|802.9304029304029|-1500.3663003663003
667,2026-02-27 00:11:43,-503.2967032967033|-142.85714285714286|15.384615384615385|1203.6630036630036|-1184.6153846153845
668,2026-02-27 00:11:43,-41.02564102564103|-60.07326007326007|44.688644688644686|1256.4102564102564|-1133.3333333333333
669,2026-02-27 00:11:43,-32.234432234432234|-73.99267399267399|100.36630036630036|1358.974358974359|-1047.6190476190477
670,2026-02-27 00:11:43,31.501831501831504|-48.35164835164835|183.88278388278388|1499.6336996336997|-926.7399267399268
671,2026-02-27 00:11:43,253.4798534798535|178.02197802197801|358.24175824175825|1499.6336996336997|-627.1062271062272
672,2026-02-27 00:11:43,482.7838827838828|326.7399267399267|661.5384615384615|1499.6336996336997|-536.2637362637363
673,2026-02-27 00:11:43,468.13186813186815|116.48351648351648|327.4725274725275|1350.915750915751|-1024.9084249084249
674,2026-02-27 00:11:43,-121.6117216117216|-402.1978021978022|8.058608058608058|779.4871794871794|-1254.9450549450548
675,2026-02-27 00:11:43,-369.2307692307692|-519.4139194139194|-115.01831501831502|837.3626373626373|-1167.032967032967
676,2026-02-27 00:11:43,-312.8205128205128|-576.5567765567765|-63.73626373626374|860.8058608058608|-1155.3113553113553
677,2026-02-27 00:11:43,-309.8901098901099|-510.6227106227106|-61.53846153846154|989.7435897435897|-1111.3553113553114
678,2026-02-27 00:11:43,-317.94871794871796|-505.4945054945055|-18.315018315018314|852.014652014652|-1095.2380952380952
679,2026-02-27 00:11:43,-328.93772893772893|-534.065934065934|-88.64468864468864|885.7142857142857|-1052.7472527472528
680,2026-02-27 00:11:43,-294.5054945054945|-532.6007326007326|-57.142857142857146|931.8681318681319|-1033.6996336996338
681,2026-02-27 00:11:43,-309.8901098901099|-626.3736263736264|-70.32967032967034|921.6117216117216|-997.8021978021978
682,2026-02-27 00:11:43,-258.6080586080586|-582.4175824175824|27.106227106227106|917.2161172161173|-944.3223443223443
683,2026-02-27 00:11:43,-229.3040293040293|-642.4908424908425|-24.90842490842491|860.07326007326|-956.7765567765567
684,2026-02-27 00:11:44,-246.8864468864469|-613.919413919414|22.71062271062271|906.959706959707|-871.0622710622711
685,2026-02-27 00:11:44,-223.44322344322345|-663.003663003663|84.24908424908425|1003.6630036630037|-891.5750915750916
686,2026-02-27 00:11:44,-253.4798534798535|-630.0366300366301|156.04395604395606|989.7435897435897|-718.6813186813187
687,2026-02-27 00:11:44,-123.80952380952381|-613.1868131868132|135.53113553113553|922.3443223443223|-846.8864468864468
688,2026-02-27 00:11:44,-218.3150183150183|-684.2490842490843|40.29304029304029|971.4285714285714|-681.3186813186813
689,2026-02-27 00:11:44,-158.24175824175825|-723.0769230769231|179.48717948717947|1499.6336996336997|494.5054945054945
690,2026-02-27 00:11:44,1499.6336996336997|-117.94871794871794|-192.67399267399267|437.3626373626374|-815.3846153846154
691,2026-02-27 00:11:44,-191.94139194139194|-739.1941391941392|27.106227106227106|920.1465201465202|-672.5274725274726
692,2026-02-27 00:11:44,-76.92307692307692|-697.4358974358975|127.47252747252747|969.9633699633699|-504.76190476190476
693,2026-02-27 00:11:44,16.84981684981685|-664.4688644688645|204.3956043956044|957.5091575091575|-456.4102564102564
694,2026-02-27 00:11:44,122.34432234432235|-633.6996336996338|286.4468864468864|1284.2490842490843|-288.64468864468864
695,2026-02-27 00:11:44,276.1904761904762|-424.90842490842493|600.7326007326008|1499.6336996336997|-73.26007326007326
696,2026-02-27 00:11:44,556.0439560439561|-246.8864468864469|673.992673992674|1499.6336996336997|-113.55311355311355
697,2026-02-27 00:11:44,345.05494505494505|-626.3736263736264|280.5860805860806|840.2930402930403|-614.6520146520146
698,2026-02-27 00:11:44,-164.83516483516485|-1039.5604395604396|-112.08791208791209|682.7838827838827|-668.8644688644689
699,2026-02-27 00:11:44,-200.0|-1104.029304029304|-106.22710622710623|605.8608058608058|-715.7509157509157
700,2026-02-27 00:11:44,-221.97802197802199|-1128.937728937729|-97.43589743589743|702.5641025641025|-601.4652014652015
701,2026-02-27 00:11:44,-80.58608058608058|-1052.7472527472528|-65.93406593406593|648.3516483516484|-588.2783882783883
702,2026-02-27 00:11:44,-60.07326007326007|-1102.5641025641025|-117.94871794871794|614.6520146520146|-534.065934065934
703,2026-02-27 00:11:44,-25.641025641025642|-1152.3809523809523|-74.72527472527473|541.3919413919414|-553.1135531135532
704,2026-02-27 00:11:44,-52.014652014652015|-1222.7106227106226|-103.2967032967033|519.4139194139194|-518.6813186813187
705,2026-02-27 00:11:44,68.13186813186813|-1155.3113553113553|-62.27106227106227|503.2967032967033|-509.15750915750914
706,2026-02-27 00:11:44,32.234432234432234|-1200.7326007326008|13.91941391941392|501.83150183150184|-465.2014652014652
707,2026-02-27 00:11:44,87.91208791208791|-1175.8241758241759|-58.608058608058606|528.9377289377289|-405.12820512820514
708,2026-02-27 00:11:44,138.46153846153845|-1184.6153846153845|59.34065934065934|531.8681318681319|-459.34065934065933
709,2026-02-27 00:11:45,132.6007326007326|-1239.5604395604396|35.16483516483517|570.6959706959707|-340.65934065934067
710,2026-02-27 00:11:45,249.08424908424908|-1235.8974358974358|74.72527472527473|572.1611721611722|-405.12820512820514
711,2026-02-27 00:11:45,298.9010989010989|-1162.6373626373627|75.45787545787546|605.8608058608058|-276.9230769230769
712,2026-02-27 00:11:45,378.02197802197804|-1166.3003663003662|55.67765567765568|572.1611721611722|-403.6630036630037
713,2026-02-27 00:11:45,312.8205128205128|-1240.2930402930403|43.223443223443226|547.2527472527472|-270.3296703296703
714,2026-02-27 00:11:45,355.3113553113553|-1294.5054945054944|17.582417582417584|643.9560439560439|339.1941391941392
715,2026-02-27 00:11:45,1499.6336996336997|256.4102564102564|507.6923076923077|46.15384615384615|-553.1135531135532
716,2026-02-27 00:11:45,254.21245421245422|-1293.0402930402931|52.747252747252745|372.16117216117215|-192.67399267399267
717,2026-02-27 00:11:45,509.15750915750914|-1306.9597069597069|84.24908424908425|536.2637362637363|-147.25274725274724
718,2026-02-27 00:11:45,572.1611721611722|-1309.1575091575091|168.4981684981685|496.7032967032967|25.641025641025642
719,2026-02-27 00:11:45,747.985347985348|-1168.4981684981685|229.3040293040293|671.7948717948718|109.15750915750915
720,2026-02-27 00:11:45,983.8827838827839|-955.3113553113553|483.5164835164835|871.0622710622711|287.9120879120879
721,2026-02-27 00:11:45,1335.5311355311355|-770.6959706959707|627.8388278388278|963.3699633699633|383.8827838827839
722,2026-02-27 00:11:45,1345.0549450549452|-956.0439560439561|310.6227106227106|490.84249084249086|-109.89010989010988
723,2026-02-27 00:11:45,662.2710622710623|-1482.7838827838827|-158.97435897435898|180.21978021978023|-355.3113553113553
724,2026-02-27 00:11:45,529.6703296703297|-1500.3663003663003|-189.74358974358975|84.24908424908425|-330.4029304029304
725,2026-02-27 00:11:45,536.996336996337|-1500.3663003663003|-205.86080586080587|79.85347985347985|-369.96336996337
726,2026-02-27 00:11:45,579.4871794871794|-1500.3663003663003|-115.01831501831502|132.6007326007326|-243.95604395604394
727,2026-02-27 00:11:45,579.4871794871794|-1500.3663003663003|-134.7985347985348|65.2014652014652|-258.6080586080586
728,2026-02-27 00:11:45,642.4908424908425|-1500.3663003663003|-95.97069597069597|54.94505494505494|-173.62637362637363
729,2026-02-27 00:11:45,643.9560439560439|-1500.3663003663003|-93.77289377289377|26.373626373626372|-214.65201465201466
730,2026-02-27 00:11:45,702.5641025641025|-1500.3663003663003|-169.23076923076923|126.73992673992674|-127.47252747252747
731,2026-02-27 00:11:45,683.5164835164835|-1500.3663003663003|-107.6923076923077|73.99267399267399|-115.01831501831502
732,2026-02-27 00:11:45,827.8388278388278|-1500.3663003663003|-109.15750915750915|100.36630036630036|-99.63369963369964
733,2026-02-27 00:11:46,847.6190476190476|-1500.3663003663003|-107.6923076923077|84.24908424908425|-126.73992673992674
734,2026-02-27 00:11:46,916.4835164835165|-1494.5054945054944|-117.94871794871794|65.2014652014652|-50.54945054945055
735,2026-02-27 00:11:46,964.8351648351648|-1482.051282051282|-97.43589743589743|25.641025641025642|-55.67765567765568
736,2026-02-27 00:11:46,916.4835164835165|-1479.1208791208792|-77.65567765567765|15.384615384615385|-26.373626373626372
737,2026-02-27 00:11:46,963.3699633699633|-1422.7106227106226|-35.8974358974359|3.663003663003663|-30.76923076923077
738,2026-02-27 00:11:46,970.6959706959707|-1407.3260073260074|-79.85347985347985|-60.8058608058608|-9.523809523809524
739,2026-02-27 00:11:46,1048.3516483516485|-1320.8791208791208|-12.454212454212454|-52.014652014652015|27.106227106227106
740,2026-02-27 00:11:46,1029.3040293040292|-1306.9597069597069|13.186813186813186|-95.23809523809524|37.362637362637365
741,2026-02-27 00:11:46,1152.3809523809523|-1304.7619047619048|-73.26007326007326|-96.7032967032967|37.362637362637365
742,2026-02-27 00:11:46,1054.2124542124543|-1178.7545787545787|453.4798534798535|1120.8791208791208|1499.6336996336997
743,2026-02-27 00:11:46,1499.6336996336997|-1500.3663003663003|-553.1135531135532|-490.1098901098901|-79.85347985347985
744,2026-02-27 00:11:46,1188.2783882783883|-1226.3736263736264|-37.362637362637365|-75.45787545787546|98.9010989010989
745,2026-02-27 00:11:46,1339.9267399267399|-1155.3113553113553|-2.197802197802198|-66.66666666666667|87.17948717948718
746,2026-02-27 00:11:46,1234.4322344322345|-1155.3113553113553|25.641025641025642|-31.501831501831504|197.8021978021978
747,2026-02-27 00:11:46,1497.4358974358975|-988.2783882783883|131.86813186813185|40.29304029304029|393.4065934065934
748,2026-02-27 00:11:46,1499.6336996336997|-792.6739926739926|389.7435897435897|275.45787545787545|556.0439560439561
749,2026-02-27 00:11:46,1499.6336996336997|-528.2051282051282|461.53846153846155|217.58241758241758|483.5164835164835
750,2026-02-27 00:11:46,1413.1868131868132|-1023.4432234432235|-52.014652014652015|-390.4761904761905|-128.2051282051282
751,2026-02-27 00:11:46,907.6923076923077|-1237.3626373626373|-378.75457875457874|-600.0|-90.10989010989012
752,2026-02-27 00:11:46,813.919413919414|-1235.1648351648353|-380.95238095238096|-578.021978021978|-156.7765567765568
753,2026-02-27 00:11:46,861.5384615384615|-1189.010989010989|-305.4945054945055|-452.01465201465203|-87.91208791208791
754,2026-02-27 00:11:46,960.4395604395604|-1106.9597069597069|-311.35531135531136|-580.2197802197802|-107.6923076923077
755,2026-02-27 00:11:46,928.9377289377289|-1155.3113553113553|-334.7985347985348|-591.9413919413919|-100.36630036630036
756,2026-02-27 00:11:46,919.4139194139194|-1104.029304029304|-368.4981684981685|-663.003663003663|-107.6923076923077
757,2026-02-27 00:11:46,859.3406593406594|-1093.0402930402931|-380.95238095238096|-638.0952380952381|-65.2014652014652
758,2026-02-27 00:11:46,871.0622710622711|-1025.6410256410256|-367.032967032967|-705.4945054945055|-156.04395604395606
759,2026-02-27 00:11:47,863.003663003663|-1021.978021978022|-352.3809523809524|-646.8864468864468|-100.36630036630036
760,2026-02-27 00:11:47,838.0952380952381|-920.8791208791209|-328.93772893772893|-729.6703296703297|-25.641025641025642
761,2026-02-27 00:11:47,900.3663003663004|-941.3919413919414|-318.68131868131866|-753.8461538461538|16.84981684981685
762,2026-02-27 00:11:47,890.1098901098901|-857.8754578754579|-276.9230769230769|-737.7289377289377|27.106227106227106
763,2026-02-27 00:11:47,932.6007326007326|-830.0366300366301|-273.2600732600733|-734.7985347985348|8.058608058608058
764,2026-02-27 00:11:47,1010.2564102564103|-753.8461538461538|-243.2234432234432|-737.7289377289377|-7.326007326007326
765,2026-02-27 00:11:47,934.065934065934|-778.7545787545788|-174.35897435897436|-684.981684981685|91.57509157509158
766,2026-02-27 00:11:47,1063.7362637362637|-648.3516483516484|-106.22710622710623|-695.9706959706959|67.3992673992674
767,2026-02-27 00:11:47,958.974358974359|-723.0769230769231|-134.06593406593407|-742.1245421245421|33.6996336996337
768,2026-02-27 00:11:47,1001.4652014652015|-665.2014652014652|-133.33333333333334|-605.8608058608058|614.6520146520146
769,2026-02-27 00:11:47,1499.6336996336997|1023.4432234432235|432.967032967033|-1252.7472527472528|-448.35164835164835
770,2026-02-27 00:11:47,641.025641025641|-646.8864468864468|-120.87912087912088|-915.018315018315|154.57875457875457
771,2026-02-27 00:11:47,907.6923076923077|-542.8571428571429|-10.256410256410257|-806.5934065934066|180.21978021978023
772,2026-02-27 00:11:47,1017.5824175824176|-441.75824175824175|35.16483516483517|-777.2893772893773|249.08424908424908
773,2026-02-27 00:11:47,1026.3736263736264|-410.989010989011|134.06593406593407|-649.0842490842491|342.12454212454213
774,2026-02-27 00:11:47,1333.3333333333333|-191.2087912087912|389.010989010989|-428.57142857142856|654.2124542124542
775,2026-02-27 00:11:47,1499.6336996336997|68.13186813186813|663.7362637362637|-241.75824175824175|690.8424908424909
776,2026-02-27 00:11:47,1499.6336996336997|-76.92307692307692|381.68498168498166|-731.8681318681319|167.76556776556777
777,2026-02-27 00:11:47,755.3113553113553|-622.7106227106227|-136.996336996337|-1133.3333333333333|-153.1135531135531
778,2026-02-27 00:11:47,636.6300366300367|-658.6080586080586|-197.06959706959708|-1222.7106227106226|-85.71428571428571
779,2026-02-27 00:11:47,579.4871794871794|-658.6080586080586|-144.32234432234432|-1222.7106227106226|-107.6923076923077
780,2026-02-27 00:11:47,617.5824175824176|-603.6630036630037|-72.52747252747253|-1212.4542124542124|-21.245421245421245
781,2026-02-27 00:11:47,515.018315018315|-555.3113553113553|-49.08424908424909|-1270.3296703296703|-161.17216117216117
782,2026-02-27 00:11:47,573.6263736263736|-542.8571428571429|10.989010989010989|-1236.6300366300366|-76.92307692307692
783,2026-02-27 00:11:48,543.5897435897435|-452.01465201465203|-49.08424908424909|-1305.4945054945056|-66.66666666666667
784,2026-02-27 00:11:48,613.1868131868132|-425.64102564102564|87.91208791208791|-1238.8278388278388|-60.07326007326007
785,2026-02-27 00:11:48,605.8608058608058|-383.1501831501831|134.06593406593407|-1281.3186813186812|-21.245421245421245
786,2026-02-27 00:11:48,638.0952380952381|-378.02197802197804|230.03663003663004|-1209.5238095238096|-43.223443223443226
787,2026-02-27 00:11:48,627.1062271062272|-332.6007326007326|210.25641025641025|-1232.2344322344322|-49.08424908424909
788,2026-02-27 00:11:48,605.8608058608058|-331.86813186813185|274.72527472527474|-1234.4322344322345|40.29304029304029
789,2026-02-27 00:11:48,601.4652014652015|-329.6703296703297|302.56410256410254|-1248.3516483516485|44.688644688644686
790,2026-02-27 00:11:48,558.2417582417582|-346.5201465201465|402.1978021978022|-1244.6886446886447|75.45787545787546
791,2026-02-27 00:11:48,534.065934065934|-300.3663003663004|337.72893772893775|-1330.4029304029305|30.036630036630036
792,2026-02-27 00:11:48,465.2014652014652|-279.1208791208791|430.03663003663|-1295.2380952380952|53.47985347985348
793,2026-02-27 00:11:48,495.97069597069594|-229.3040293040293|372.16117216117215|-1412.4542124542124|135.53113553113553
794,2026-02-27 00:11:48,541.3919413919414|-213.1868131868132|560.4395604395604|-1285.7142857142858|54.21245421245421
795,2026-02-27 00:11:48,434.43223443223445|-202.1978021978022|515.018315018315|-1372.161172161172|12.454212454212454
796,2026-02-27 00:11:48,402.1978021978022|-197.06959706959708|737.7289377289377|-727.4725274725274|1499.6336996336997
797,2026-02-27 00:11:48,1499.6336996336997|679.1208791208791|205.86080586080587|-1500.3663003663003|-101.0989010989011
798,2026-02-27 00:11:48,447.6190476190476|-212.45421245421247|597.0695970695971|-1326.7399267399267|101.83150183150182
799,2026-02-27 00:11:48,465.2014652014652|-38.095238095238095|764.8351648351648|-1326.7399267399267|134.7985347985348
800,2026-02-27 00:11:48,449.8168498168498|-6.593406593406593|912.0879120879121|-1259.3406593406594|179.48717948717947
801,2026-02-27 00:11:48,635.8974358974359|139.9267399267399|950.9157509157509|-1210.2564102564102|272.5274725274725
802,2026-02-27 00:11:48,695.2380952380952|251.28205128205127|1120.8791208791208|-887.1794871794872|491.57509157509156
803,2026-02-27 00:11:48,876.9230769230769|390.4761904761905|1200.7326007326008|-759.7069597069597|311.35531135531136
804,2026-02-27 00:11:48,498.16849816849816|76.19047619047619|634.4322344322344|-1200.0|-255.67765567765568
805,2026-02-27 00:11:48,12.454212454212454|-276.1904761904762|166.3003663003663|-1490.8424908424909|-545.7875457875458
806,2026-02-27 00:11:48,-246.8864468864469|-389.010989010989|123.07692307692308|-1442.4908424908424|-528.2051282051282
807,2026-02-27 00:11:48,-157.50915750915752|-342.85714285714283|160.43956043956044|-1362.6373626373627|-388.27838827838826
808,2026-02-27 00:11:49,-134.7985347985348|-299.6336996336996|298.9010989010989|-1296.7032967032967|-318.68131868131866
809,2026-02-27 00:11:49,-49.08424908424909|-191.2087912087912|359.7069597069597|-1298.1684981684982|-324.54212454212455
810,2026-02-27 00:11:49,-65.2014652014652|-227.83882783882783|453.4798534798535|-1260.805860805861|-298.16849816849816
811,2026-02-27 00:11:49,34.43223443223443|-160.43956043956044|390.4761904761905|-1270.3296703296703|-276.1904761904762
812,2026-02-27 00:11:49,-113.55311355311355|-208.05860805860806|494.5054945054945|-1213.919413919414|-273.992673992674
813,2026-02-27 00:11:49,-38.827838827838825|-87.91208791208791|515.018315018315|-1204.3956043956043|-296.7032967032967
814,2026-02-27 00:11:49,-25.641025641025642|-180.95238095238096|538.4615384615385|-1153.8461538461538|-220.51282051282053
815,2026-02-27 00:11:49,-36.63003663003663|19.78021978021978|591.9413919413919|-1107.6923076923076|-207.32600732600733
816,2026-02-27 00:11:49,-20.512820512820515|-85.71428571428571|579.4871794871794|-1044.6886446886447|-194.87179487179486
817,2026-02-27 00:11:49,-50.54945054945055|38.827838827838825|676.9230769230769|-1010.2564102564103|-150.1831501831502
818,2026-02-27 00:11:49,-8.058608058608058|-12.454212454212454|690.8424908424909|-980.952380952381|-100.36630036630036
819,2026-02-27 00:11:49,43.956043956043956|54.94505494505494|772.8937728937728|-917.2161172161173|-32.967032967032964
820,2026-02-27 00:11:49,107.6923076923077|27.106227106227106|783.1501831501831|-958.2417582417582|-155.3113553113553
821,2026-02-27 00:11:49,16.84981684981685|-6.593406593406593|794.8717948717949|-929.6703296703297|-180.21978021978023
822,2026-02-27 00:11:49,-75.45787545787546|5.86080586080586|1065.934065934066|-133.33333333333334|1499.6336996336997
823,2026-02-27 00:11:49,1145.0549450549452|358.97435897435895|205.12820512820514|-1341.3919413919414|-355.3113553113553
824,2026-02-27 00:11:49,-94.50549450549451|-6.593406593406593|696.7032967032967|-897.4358974358975|-112.08791208791209
825,2026-02-27 00:11:49,-8.058608058608058|38.095238095238095|769.9633699633699|-751.6483516483516|-135.53113553113553
826,2026-02-27 00:11:49,-26.373626373626372|93.04029304029304|887.9120879120879|-630.7692307692307|-51.282051282051285
827,2026-02-27 00:11:49,-50.54945054945055|29.304029304029303|571.4285714285714|-600.7326007326008|-290.84249084249086
828,2026-02-27 00:11:49,-84.98168498168498|-568.4981684981685|26.373626373626372|-495.97069597069594|-338.46153846153845
829,2026-02-27 00:11:49,-235.16483516483515|-328.93772893772893|-117.94871794871794|-371.42857142857144|-167.76556776556777
830,2026-02-27 00:11:49,-416.8498168498169|-531.1355311355311|-512.0879120879121|-821.978021978022|-668.8644688644689
831,2026-02-27 00:11:49,-871.0622710622711|-872.5274725274726|-723.0769230769231|-956.0439560439561|-750.9157509157509
832,2026-02-27 00:11:49,-879.8534798534798|-821.2454212454212|-651.2820512820513|-858.6080586080586|-617.5824175824176
833,2026-02-27 00:11:49,-717.2161172161173|-697.4358974358975|-522.3443223443223|-734.065934065934|-486.4468864468864
834,2026-02-27 00:11:50,-629.3040293040293|-581.6849816849817|-405.12820512820514|-629.3040293040293|-371.42857142857144
835,2026-02-27 00:11:50,-544.3223443223443|-504.76190476190476|-383.1501831501831|-584.6153846153846|-311.35531135531136
836,2026-02-27 00:11:50,-476.9230769230769|-427.83882783882785|-347.98534798534797|-534.065934065934|-242.49084249084248
837,2026-02-27 00:11:50,-488.64468864468864|-359.7069597069597|-325.27472527472526|-482.7838827838828|-167.76556776556777
838,2026-02-27 00:11:50,-352.3809523809524|-287.9120879120879|-130.4029304029304|-381.68498168498166|-105.49450549450549
839,2026-02-27 00:11:50,-272.5274725274725|-226.37362637362637|-101.0989010989011|-330.4029304029304|-40.29304029304029
840,2026-02-27 00:11:50,-213.1868131868132|-155.3113553113553|-32.967032967032964|-284.24908424908426|18.315018315018314
841,2026-02-27 00:11:50,-112.08791208791209|-134.7985347985348|-106.22710622710623|-242.49084249084248|49.81684981684982
842,2026-02-27 00:11:50,-136.26373626373626|-76.19047619047619|103.2967032967033|-173.62637362637363|72.52747252747253
843,2026-02-27 00:11:50,-76.92307692307692|-31.501831501831504|156.7765567765568|-146.5201465201465|120.14652014652015
844,2026-02-27 00:11:50,-72.52747252747253|4.395604395604396|99.63369963369964|-132.6007326007326|161.9047619047619
845,2026-02-27 00:11:50,21.245421245421245|15.384615384615385|195.6043956043956|-100.36630036630036|178.02197802197801
846,2026-02-27 00:11:50,78.3882783882784|113.55311355311355|313.5531135531136|-52.014652014652015|172.16117216117217
847,2026-02-27 00:11:50,13.91941391941392|14.652014652014651|230.76923076923077|-106.95970695970696|147.25274725274724
848,2026-02-27 00:11:50,8.058608058608058|17.582417582417584|260.0732600732601|132.6007326007326|1155.3113553113553
849,2026-02-27 00:11:50,1499.6336996336997|1499.6336996336997|665.934065934066|-683.5164835164835|-246.8864468864469
850,2026-02-27 00:11:50,-59.34065934065934|44.688644688644686|292.3076923076923|-70.32967032967034|208.7912087912088
851,2026-02-27 00:11:50,113.55311355311355|85.71428571428571|367.032967032967|5.86080586080586|285.7142857142857
852,2026-02-27 00:11:50,205.86080586080587|150.1831501831502|427.83882783882785|44.688644688644686|355.3113553113553
853,2026-02-27 00:11:50,312.0879120879121|219.04761904761904|831.5018315018315|191.2087912087912|476.9230769230769
854,2026-02-27 00:11:50,621.978021978022|406.5934065934066|1265.934065934066|463.7362637362637|761.1721611721612
855,2026-02-27 00:11:50,970.6959706959707|677.6556776556777|1499.6336996336997|721.6117216117216|906.2271062271062
856,2026-02-27 00:11:50,929.6703296703297|649.8168498168499|1493.0402930402931|462.27106227106225|393.4065934065934
857,2026-02-27 00:11:50,172.16117216117217|230.76923076923077|839.5604395604396|98.16849816849818|27.83882783882784
858,2026-02-27 00:11:50,-217.58241758241758|73.99267399267399|626.3736263736264|10.989010989010989|59.34065934065934
859,2026-02-27 00:11:51,-196.33699633699635|43.223443223443226|600.0|32.234432234432234|109.89010989010988
860,2026-02-27 00:11:51,-229.3040293040293|87.17948717948718|569.2307692307693|32.234432234432234|90.10989010989012
861,2026-02-27 00:11:51,-319.4139194139194|50.54945054945055|485.7142857142857|-94.50549450549451|28.571428571428573
862,2026-02-27 00:11:51,-393.4065934065934|-52.014652014652015|507.6923076923077|-158.24175824175825|-63.00366300366301
863,2026-02-27 00:11:51,-473.992673992674|-79.85347985347985|380.2197802197802|-178.02197802197801|-38.827838827838825
864,2026-02-27 00:11:51,-529.6703296703297|-100.36630036630036|452.01465201465203|-205.86080586080587|-56.41025641025641
865,2026-02-27 00:11:51,-558.2417582417582|-120.87912087912088|383.1501831501831|-167.76556776556777|21.245421245421245
866,2026-02-27 00:11:51,-611.7216117216117|-53.47985347985348|356.7765567765568|-202.1978021978022|-38.095238095238095
867,2026-02-27 00:11:51,-658.6080586080586|-188.2783882783883|298.16849816849816|-189.74358974358975|15.384615384615385
868,2026-02-27 00:11:51,-648.3516483516484|-134.06593406593407|307.6923076923077|-197.06959706959708|12.454212454212454
869,2026-02-27 00:11:51,-663.7362637362637|-251.28205128205127|263.003663003663|-134.7985347985348|53.47985347985348
870,2026-02-27 00:11:51,-686.4468864468864|-101.83150183150182|278.38827838827837|-158.24175824175825|43.223443223443226
871,2026-02-27 00:11:51,-759.7069597069597|-134.06593406593407|295.97069597069594|-161.9047619047619|45.42124542124542
872,2026-02-27 00:11:51,-775.8241758241758|-103.2967032967033|280.5860805860806|-131.13553113553112|120.14652014652015
873,2026-02-27 00:11:51,-789.010989010989|-242.49084249084248|161.17216117216117|-249.8168498168498|66.66666666666667
874,2026-02-27 00:11:51,-775.8241758241758|-205.86080586080587|252.74725274725276|-261.53846153846155|131.13553113553112
875,2026-02-27 00:11:51,-520.8791208791209|731.1355311355311|1499.6336996336997|1322.3443223443223|257.14285714285717
876,2026-02-27 00:11:51,-1380.952380952381|-567.7655677655678|6.593406593406593|-293.7728937728938|134.06593406593407
877,2026-02-27 00:11:51,-830.0366300366301|-238.0952380952381|255.67765567765568|-128.2051282051282|208.05860805860806
878,2026-02-27 00:11:51,-758.2417582417582|-161.9047619047619|221.97802197802199|-168.4981684981685|232.96703296703296
879,2026-02-27 00:11:51,-737.7289377289377|-89.37728937728937|350.9157509157509|53.47985347985348|406.5934065934066
880,2026-02-27 00:11:51,-595.6043956043956|150.91575091575092|485.7142857142857|175.0915750915751|654.2124542124542
881,2026-02-27 00:11:51,-355.3113553113553|435.16483516483515|742.1245421245421|572.1611721611722|916.4835164835165
882,2026-02-27 00:11:51,-273.992673992674|482.7838827838828|717.2161172161173|332.6007326007326|625.6410256410256
883,2026-02-27 00:11:52,-692.3076923076923|-37.362637362637365|147.25274725274724|-212.45421245421247|183.15018315018315
884,2026-02-27 00:11:52,-1064.4688644688645|-347.25274725274727|-79.85347985347985|-339.9267399267399|158.97435897435898
885,2026-02-27 00:11:52,-1094.5054945054944|-317.2161172161172|-73.99267399267399|-309.15750915750914|197.8021978021978
886,2026-02-27 00:11:52,-1093.7728937728937|-334.7985347985348|-41.75824175824176|-246.15384615384616|204.3956043956044
887,2026-02-27 00:11:52,-1096.7032967032967|-320.1465201465202|-64.46886446886447|-214.65201465201466|254.21245421245422
888,2026-02-27 00:11:52,-1128.937728937729|-343.5897435897436|-95.97069597069597|-340.65934065934067|169.23076923076923
889,2026-02-27 00:11:52,-1103.2967032967033|-360.43956043956047|-145.78754578754578|-248.35164835164835|265.2014652014652
890,2026-02-27 00:11:52,-1087.9120879120878|-342.12454212454213|-106.22710622710623|-152.38095238095238|308.42490842490844
891,2026-02-27 00:11:52,-1055.6776556776556|-230.03663003663004|-63.00366300366301|-136.26373626373626|306.959706959707
892,2026-02-27 00:11:52,-1067.3992673992675|-242.49084249084248|-66.66666666666667|-154.57875457875457|393.4065934065934
893,2026-02-27 00:11:52,-1011.7216117216117|-226.37362637362637|-36.63003663003663|-112.08791208791209|462.27106227106225
894,2026-02-27 00:11:52,-1010.2564102564103|-193.4065934065934|-89.37728937728937|-60.07326007326007|520.8791208791209
895,2026-02-27 00:11:52,-967.032967032967|-220.51282051282053|-130.4029304029304|-89.37728937728937|490.84249084249086
896,2026-02-27 00:11:52,-975.0915750915751|-197.06959706959708|-49.08424908424909|-65.93406593406593|558.974358974359
897,2026-02-27 00:11:52,-871.0622710622711|-204.3956043956044|-52.747252747252745|-169.23076923076923|507.6923076923077
898,2026-02-27 00:11:52,-906.2271062271062|-238.0952380952381|-143.5897435897436|-99.63369963369964|481.31868131868134
899,2026-02-27 00:11:52,-906.2271062271062|-274.72527472527474|-117.94871794871794|104.76190476190476|1381.6849816849817
900,2026-02-27 00:11:52,600.0|1473.992673992674|313.5531135531136|-439.56043956043953|84.24908424908425
901,2026-02-27 00:11:52,-1035.1648351648353|-206.5934065934066|-76.92307692307692|-3.663003663003663|602.9304029304029
902,2026-02-27 00:11:52,-762.6373626373627|-134.06593406593407|-130.4029304029304|75.45787545787546|720.8791208791209
903,2026-02-27 00:11:52,-670.3296703296703|-132.6007326007326|-21.245421245421245|114.28571428571429|747.2527472527472
904,2026-02-27 00:11:52,-602.9304029304029|18.315018315018314|79.85347985347985|205.12820512820514|912.8205128205128
905,2026-02-27 00:11:52,-459.34065934065933|173.62637362637363|263.7362637362637|452.74725274725273|1276.923076923077
906,2026-02-27 00:11:52,-189.74358974358975|350.9157509157509|432.23443223443223|558.974358974359|1345.7875457875457
907,2026-02-27 00:11:52,-224.9084249084249|126.73992673992674|15.384615384615385|73.99267399267399|473.2600732600733
908,2026-02-27 00:11:52,-814.6520146520146|-391.94139194139194|-391.94139194139194|-276.1904761904762|343.5897435897436
909,2026-02-27 00:11:53,-941.3919413919414|-588.2783882783883|-534.065934065934|-242.49084249084248|257.14285714285717
910,2026-02-27 00:11:53,-906.959706959707|-594.1391941391942|-488.64468864468864|-526.007326007326|87.91208791208791
911,2026-02-27 00:11:53,-882.7838827838827|-689.3772893772893|-556.0439560439561|-564.1025641025641|-13.91941391941392
912,2026-02-27 00:11:53,-909.1575091575091|-788.2783882783883|-531.1355311355311|-815.3846153846154|-73.99267399267399
913,2026-02-27 00:11:53,-856.4102564102565|-806.5934065934066|-527.4725274725274|-882.7838827838827|-86.44688644688645
914,2026-02-27 00:11:53,-897.4358974358975|-856.4102564102565|-523.8095238095239|-951.6483516483516|-206.5934065934066
915,2026-02-27 00:11:53,-909.1575091575091|-793.4065934065934|-454.94505494505495|-903.2967032967033|-132.6007326007326
916,2026-02-27 00:11:53,-832.967032967033|-757.5091575091575|-332.6007326007326|-812.4542124542124|-16.84981684981685
917,2026-02-27 00:11:53,-733.3333333333334|-651.2820512820513|-309.8901098901099|-775.8241758241758|43.956043956043956
918,2026-02-27 00:11:53,-674.7252747252747|-576.5567765567765|-176.55677655677655|-682.0512820512821|84.24908424908425
919,2026-02-27 00:11:53,-575.0915750915751|-470.3296703296703|-132.6007326007326|-590.4761904761905|120.87912087912088
920,2026-02-27 00:11:53,-534.065934065934|-429.3040293040293|-67.3992673992674|-523.8095238095239|267.3992673992674
921,2026-02-27 00:11:53,-417.5824175824176|-339.9267399267399|-50.54945054945055|-464.46886446886447|372.8937728937729
922,2026-02-27 00:11:53,-361.17216117216117|-229.3040293040293|38.827838827838825|-362.6373626373626|331.86813186813185
923,2026-02-27 00:11:53,-314.2857142857143|-254.94505494505495|27.106227106227106|-394.87179487179486|320.8791208791209
924,2026-02-27 00:11:53,-330.4029304029304|-219.04761904761904|50.54945054945055|41.75824175824176|1499.6336996336997
925,2026-02-27 00:11:53,1499.6336996336997|1230.03663003663|20.512820512820515|-945.054945054945|76.92307692307692
926,2026-02-27 00:11:53,-365.56776556776555|-164.10256410256412|60.8058608058608|-254.21245421245422|477.65567765567766
927,2026-02-27 00:11:53,-247.61904761904762|-146.5201465201465|113.55311355311355|-255.67765567765568|597.0695970695971
928,2026-02-27 00:11:53,-144.32234432234432|-62.27106227106227|183.88278388278388|-98.9010989010989|737.7289377289377
929,2026-02-27 00:11:53,-76.19047619047619|52.014652014652015|299.6336996336996|60.8058608058608|925.2747252747253
930,2026-02-27 00:11:53,149.45054945054946|303.2967032967033|543.5897435897435|340.65934065934067|1448.3516483516485
931,2026-02-27 00:11:53,415.38461538461536|542.1245421245421|710.6227106227107|549.4505494505495|1458.6080586080586
932,2026-02-27 00:11:53,345.05494505494505|380.95238095238096|339.1941391941392|-54.94505494505494|631.5018315018315
933,2026-02-27 00:11:53,-218.3150183150183|-194.87179487179486|-157.50915750915752|-323.0769230769231|361.17216117216117
934,2026-02-27 00:11:54,-407.3260073260073|-296.7032967032967|-238.82783882783883|-455.67765567765565|368.4981684981685
935,2026-02-27 00:11:54,-416.8498168498169|-262.27106227106225|-176.55677655677655|-355.3113553113553|309.8901098901099
936,2026-02-27 00:11:54,-477.65567765567766|-315.01831501831504|-199.26739926739927|-435.8974358974359|361.9047619047619
937,2026-02-27 00:11:54,-402.1978021978022|-229.3040293040293|-191.2087912087912|-409.5238095238095|315.75091575091574
938,2026-02-27 00:11:54,-473.992673992674|-284.98168498168496|-213.91941391941393|-408.05860805860806|350.1831501831502
939,2026-02-27 00:11:54,-484.24908424908426|-207.32600732600733|-242.49084249084248|-333.3333333333333|398.53479853479854
940,2026-02-27 00:11:54,-424.1758241758242|-175.0915750915751|-201.46520146520146|-440.2930402930403|208.05860805860806
941,2026-02-27 00:11:54,-396.3369963369963|-164.83516483516485|-235.16483516483515|-361.17216117216117|299.6336996336996
942,2026-02-27 00:11:54,-390.4761904761905|-161.17216117216117|-240.2930402930403|-306.959706959707|320.1465201465202
943,2026-02-27 00:11:54,-299.6336996336996|-16.84981684981685|-228.57142857142858|-235.16483516483515|419.7802197802198
944,2026-02-27 00:11:54,-290.1098901098901|-8.791208791208792|-217.58241758241758|-254.94505494505495|175.0915750915751
945,2026-02-27 00:11:54,-368.4981684981685|52.014652014652015|-172.16117216117217|-267.3992673992674|460.0732600732601
946,2026-02-27 00:11:54,-404.3956043956044|-35.8974358974359|-157.50915750915752|-216.11721611721612|419.7802197802198
947,2026-02-27 00:11:54,-352.3809523809524|63.00366300366301|-148.71794871794873|-334.7985347985348|444.6886446886447
948,2026-02-27 00:11:54,-352.3809523809524|25.641025641025642|-207.32600732600733|-216.11721611721612|507.6923076923077
949,2026-02-27 00:11:54,28.571428571428573|1285.7142857142858|1499.6336996336997|1061.5384615384614|333.3333333333333
950,2026-02-27 00:11:54,-1021.2454212454212|-415.38461538461536|-400.73260073260076|-287.9120879120879|420.5128205128205
951,2026-02-27 00:11:54,-350.1831501831502|139.19413919413918|-134.06593406593407|-238.0952380952381|394.87179487179486
952,2026-02-27 00:11:54,-252.74725274725276|229.3040293040293|-148.71794871794873|-21.978021978021978|487.1794871794872
953,2026-02-27 00:11:54,-119.41391941391942|353.84615384615387|-53.47985347985348|31.501831501831504|654.2124542124542
954,2026-02-27 00:11:54,37.362637362637365|535.5311355311355|112.08791208791209|169.96336996336996|860.8058608058608
955,2026-02-27 00:11:54,208.05860805860806|742.1245421245421|342.12454212454213|394.87179487179486|1072.5274725274726
956,2026-02-27 00:11:54,321.61172161172163|800.7326007326008|203.66300366300365|166.3003663003663|572.1611721611722
957,2026-02-27 00:11:54,-201.46520146520146|200.0|-396.3369963369963|-410.989010989011|63.73626373626374
958,2026-02-27 00:11:55,-507.6923076923077|16.84981684981685|-584.6153846153846|-542.8571428571429|68.13186813186813
959,2026-02-27 00:11:55,-638.0952380952381|-76.92307692307692|-592.6739926739926|-501.0989010989011|22.71062271062271
960,2026-02-27 00:11:55,-544.3223443223443|41.75824175824176|-535.5311355311355|-490.1098901098901|62.27106227106227
961,2026-02-27 00:11:55,-509.15750915750914|63.73626373626374|-541.3919413919414|-439.56043956043953|175.0915750915751
962,2026-02-27 00:11:55,-410.989010989011|88.64468864468864|-576.5567765567765|-454.94505494505495|111.35531135531136
963,2026-02-27 00:11:55,-516.4835164835165|72.52747252747253|-619.047619047619|-469.5970695970696|101.0989010989011
964,2026-02-27 00:11:55,-495.23809523809524|90.10989010989012|-550.1831501831501|-507.6923076923077|71.7948717948718
965,2026-02-27 00:11:55,-502.56410256410254|147.25274725274724|-517.9487179487179|-430.03663003663|71.7948717948718
966,2026-02-27 00:11:55,-454.94505494505495|138.46153846153845|-547.2527472527472|-448.35164835164835|100.36630036630036
967,2026-02-27 00:11:55,-383.8827838827839|183.88278388278388|-524.5421245421245|-367.76556776556777|136.996336996337
968,2026-02-27 00:11:55,-358.24175824175825|266.6666666666667|-486.4468864468864|-438.82783882783883|213.1868131868132
969,2026-02-27 00:11:55,-399.26739926739924|208.7912087912088|-507.6923076923077|-273.2600732600733|172.16117216117217
970,2026-02-27 00:11:55,-302.56410256410254|347.25274725274727|-458.6080586080586|-402.1978021978022|92.3076923076923
971,2026-02-27 00:11:55,-347.98534798534797|311.35531135531136|-472.5274725274725|-334.7985347985348|148.71794871794873
972,2026-02-27 00:11:55,-329.6703296703297|441.75824175824175|-25.641025641025642|1005.8608058608058|1499.6336996336997
973,2026-02-27 00:11:55,950.9157509157509|119.41391941391942|-1087.179487179487|-591.2087912087912|99.63369963369964
974,2026-02-27 00:11:55,-356.04395604395603|349.45054945054943|-428.57142857142856|-311.35531135531136|150.1831501831502
975,2026-02-27 00:11:55,-235.16483516483515|327.4725274725275|-410.989010989011|-213.91941391941393|295.23809523809524
976,2026-02-27 00:11:55,-236.63003663003664|452.01465201465203|-277.65567765567766|-123.80952380952381|343.5897435897436
977,2026-02-27 00:11:55,-83.51648351648352|627.8388278388278|-134.7985347985348|68.13186813186813|530.4029304029305
978,2026-02-27 00:11:55,113.55311355311355|803.6630036630037|79.85347985347985|271.79487179487177|679.1208791208791
979,2026-02-27 00:11:55,395.6043956043956|1137.7289377289378|194.13919413919413|287.9120879120879|592.6739926739926
980,2026-02-27 00:11:55,85.71428571428571|612.4542124542124|-340.65934065934067|-240.2930402930403|33.6996336996337
981,2026-02-27 00:11:55,-324.54212454212455|252.01465201465203|-626.3736263736264|-498.9010989010989|-145.78754578754578
982,2026-02-27 00:11:55,-453.4798534798535|185.34798534798534|-624.9084249084249|-449.0842490842491|-123.07692307692308
983,2026-02-27 00:11:55,-473.2600732600733|197.8021978021978|-652.7472527472528|-535.5311355311355|-115.01831501831502
984,2026-02-27 00:11:56,-485.7142857142857|263.003663003663|-604.3956043956044|-509.15750915750914|-117.94871794871794
985,2026-02-27 00:11:56,-399.26739926739924|249.8168498168498|-612.4542124542124|-519.4139194139194|-95.97069597069597
986,2026-02-27 00:11:56,-459.34065934065933|210.98901098901098|-579.4871794871794|-480.5860805860806|-180.95238095238096
987,2026-02-27 00:11:56,-501.83150183150184|301.0989010989011|-586.8131868131868|-520.1465201465202|-119.41391941391942
988,2026-02-27 00:11:56,-422.7106227106227|297.43589743589746|-543.5897435897435|-495.23809523809524|-149.45054945054946
989,2026-02-27 00:11:56,-454.94505494505495|380.2197802197802|-460.0732600732601|-427.1062271062271|-49.08424908424909
990,2026-02-27 00:11:56,-284.98168498168496|320.8791208791209|-405.12820512820514|-320.1465201465202|-128.2051282051282
991,2026-02-27 00:11:56,-313.5531135531136|312.8205128205128|-434.43223443223445|-341.3919413919414|-119.41391941391942
992,2026-02-27 00:11:56,-293.7728937728938|381.68498168498166|-418.31501831501834|-355.3113553113553|-38.827838827838825
993,2026-02-27 00:11:56,-323.8095238095238|449.0842490842491|-397.0695970695971|-304.02930402930406|-15.384615384615385
994,2026-02-27 00:11:56,-295.97069597069594|431.5018315018315|-387.54578754578756|-402.1978021978022|-106.95970695970696
995,2026-02-27 00:11:56,-334.7985347985348|394.87179487179486|-369.96336996337|-331.13553113553115|-19.78021978021978
996,2026-02-27 00:11:56,-271.79487179487177|419.7802197802198|20.512820512820515|1036.6300366300366|1499.6336996336997
997,2026-02-27 00:11:56,978.021978021978|219.04761904761904|-941.3919413919414|-576.5567765567765|-150.1831501831502
998,2026-02-27 00:11:56,-248.35164835164835|421.24542124542126|-356.7765567765568|-277.65567765567766|-49.08424908424909
999,2026-02-27 00:11:56,-172.16117216117217|585.3479853479854|-208.7912087912088|-188.2783882783883|-47.61904761904762
1000,2026-02-27 00:11:56,-94.50549450549451|647.6190476190476|-183.15018315018315|-194.13919413919413|-30.036630036630036
1001,2026-02-27 00:11:56,16.84981684981685|676.1904761904761|-68.13186813186813|52.014652014652015|278.38827838827837
1002,2026-02-27 00:11:56,233.6996336996337|849.0842490842491|172.16117216117217|340.65934065934067|478.38827838827837
1003,2026-02-27 00:11:56,454.94505494505495|1288.6446886446886|295.97069597069594|243.95604395604394|292.3076923076923
1004,2026-02-27 00:11:56,63.73626373626374|701.0989010989011|-247.61904761904762|-282.7838827838828|-188.2783882783883
1005,2026-02-27 00:11:56,-397.8021978021978|274.72527472527474|-542.8571428571429|-482.7838827838828|-333.3333333333333
1006,2026-02-27 00:11:56,-494.5054945054945|260.0732600732601|-579.4871794871794|-501.83150183150184|-333.3333333333333
1007,2026-02-27 00:11:56,-500.3663003663004|195.6043956043956|-530.4029304029305|-472.5274725274725|-345.05494505494505
1008,2026-02-27 00:11:56,-442.4908424908425|225.64102564102564|-497.43589743589746|-356.7765567765568|-275.45787545787545
1009,2026-02-27 00:11:57,-273.2600732600733|323.0769230769231|-458.6080586080586|-407.3260073260073|-358.97435897435895
1010,2026-02-27 00:11:57,-331.13553113553115|210.25641025641025|-450.54945054945057|-293.040293040293|-308.42490842490844
1011,2026-02-27 00:11:57,-459.34065934065933|227.1062271062271|-481.31868131868134|-323.0769230769231|-377.2893772893773
1012,2026-02-27 00:11:57,-399.26739926739924|346.5201465201465|-476.9230769230769|-345.05494505494505|-314.2857142857143
1013,2026-02-27 00:11:57,-359.7069597069597|288.64468864468864|-446.15384615384613|-267.3992673992674|-324.54212454212455
1014,2026-02-27 00:11:57,-356.04395604395603|393.4065934065934|-364.83516483516485|-239.56043956043956|-302.56410256410254
1015,2026-02-27 00:11:57,-295.97069597069594|424.90842490842493|-342.12454212454213|-173.62637362637363|-306.959706959707
1016,2026-02-27 00:11:57,-331.86813186813185|390.4761904761905|-408.7912087912088|-267.3992673992674|-346.5201465201465
1017,2026-02-27 00:11:57,-331.86813186813185|324.54212454212455|-312.8205128205128|-104.02930402930403|-286.4468864468864
1018,2026-02-27 00:11:57,-243.95604395604394|430.7692307692308|-182.41758241758242|-2.197802197802198|-251.28205128205127
1019,2026-02-27 00:11:57,-203.66300366300365|365.56776556776555|-311.35531135531136|-33.6996336996337|-286.4468864468864
1020,2026-02-27 00:11:57,-252.74725274725276|413.1868131868132|-304.76190476190476|-24.90842490842491|-158.97435897435898
1021,2026-02-27 00:11:57,255.67765567765568|1499.6336996336997|1499.6336996336997|796.3369963369963|-638.0952380952381
1022,2026-02-27 00:11:57,-783.1501831501831|134.06593406593407|-408.05860805860806|-28.571428571428573|-295.97069597069594
1023,2026-02-27 00:11:57,-214.65201465201466|500.3663003663004|-235.89743589743588|90.10989010989012|-252.74725274725276
1024,2026-02-27 00:11:57,-158.97435897435898|479.8534798534798|-183.15018315018315|131.86813186813185|-181.6849816849817
1025,2026-02-27 00:11:57,-78.3882783882784|478.38827838827837|-124.54212454212454|252.74725274725276|-66.66666666666667
1026,2026-02-27 00:11:57,19.78021978021978|637.3626373626373|46.15384615384615|490.1098901098901|155.3113553113553
1027,2026-02-27 00:11:57,339.1941391941392|1038.095238095238|303.2967032967033|764.8351648351648|314.2857142857143
1028,2026-02-27 00:11:57,453.4798534798535|975.0915750915751|287.9120879120879|522.3443223443223|-172.16117216117217
1029,2026-02-27 00:11:57,-83.51648351648352|392.6739926739927|-346.5201465201465|-79.85347985347985|-595.6043956043956
1030,2026-02-27 00:11:57,-465.2014652014652|91.57509157509158|-508.42490842490844|-120.14652014652015|-647.6190476190476
1031,2026-02-27 00:11:57,-554.5787545787546|106.22710622710623|-556.0439560439561|-122.34432234432235|-594.1391941391942
1032,2026-02-27 00:11:57,-501.83150183150184|51.282051282051285|-418.31501831501834|62.27106227106227|-591.9413919413919
1033,2026-02-27 00:11:58,-448.35164835164835|161.17216117216117|-383.1501831501831|5.86080586080586|-595.6043956043956
1034,2026-02-27 00:11:58,-358.24175824175825|131.13553113553112|-421.97802197802196|31.501831501831504|-613.1868131868132
1035,2026-02-27 00:11:58,-437.3626373626374|122.34432234432235|-389.010989010989|57.875457875457876|-622.7106227106227
1036,2026-02-27 00:11:58,-384.61538461538464|62.27106227106227|-382.4175824175824|134.06593406593407|-566.3003663003662
1037,2026-02-27 00:11:58,-452.74725274725273|30.036630036630036|-391.94139194139194|128.2051282051282|-613.919413919414
1038,2026-02-27 00:11:58,-358.97435897435895|146.5201465201465|-337.72893772893775|84.24908424908425|-611.7216117216117
1039,2026-02-27 00:11:58,-355.3113553113553|210.98901098901098|-359.7069597069597|198.53479853479854|-544.3223443223443
1040,2026-02-27 00:11:58,-394.13919413919416|175.0915750915751|-438.82783882783883|207.32600732600733|-510.6227106227106
1041,2026-02-27 00:11:58,-315.01831501831504|116.48351648351648|-367.76556776556777|291.57509157509156|-441.75824175824175
1042,2026-02-27 00:11:58,-224.17582417582418|281.31868131868134|-333.3333333333333|246.8864468864469|-523.8095238095239
1043,2026-02-27 00:11:58,-326.007326007326|210.25641025641025|-238.82783882783883|312.0879120879121|-502.56410256410254
1044,2026-02-27 00:11:58,-258.6080586080586|238.0952380952381|-30.036630036630036|1093.7728937728937|1171.4285714285713
1045,2026-02-27 00:11:58,1499.6336996336997|567.7655677655678|-768.4981684981685|-249.08424908424908|-758.2417582417582
1046,2026-02-27 00:11:58,-306.2271062271062|126.00732600732601|-267.3992673992674|296.7032967032967|-510.6227106227106
1047,2026-02-27 00:11:58,-172.16117216117217|155.3113553113553|-110.62271062271063|389.010989010989|-405.12820512820514
1048,2026-02-27 00:11:58,-122.34432234432235|356.04395604395603|-53.47985347985348|483.5164835164835|-330.4029304029304
1049,2026-02-27 00:11:58,49.81684981684982|462.27106227106225|17.582417582417584|684.2490842490843|-126.73992673992674
1050,2026-02-27 00:11:58,115.01831501831502|665.934065934066|254.21245421245422|919.4139194139194|107.6923076923077
1051,2026-02-27 00:11:58,384.61538461538464|822.7106227106227|414.65201465201466|1095.2380952380952|68.86446886446886
1052,2026-02-27 00:11:58,169.23076923076923|418.31501831501834|-13.186813186813186|430.03663003663|-567.7655677655678
1053,2026-02-27 00:11:58,-345.05494505494505|-40.29304029304029|-452.74725274725273|173.62637362637363|-706.2271062271062
1054,2026-02-27 00:11:58,-547.985347985348|-111.35531135531136|-481.31868131868134|93.04029304029304|-734.7985347985348
1055,2026-02-27 00:11:58,-529.6703296703297|-71.06227106227107|-534.7985347985348|239.56043956043956|-635.1648351648352
1056,2026-02-27 00:11:58,-500.3663003663004|-30.036630036630036|-450.54945054945057|261.53846153846155|-646.1538461538462
1057,2026-02-27 00:11:58,-516.4835164835165|-109.15750915750915|-474.72527472527474|217.58241758241758|-642.4908424908425
1058,2026-02-27 00:11:58,-462.27106227106225|-103.2967032967033|-413.9194139194139|279.1208791208791|-614.6520146520146
1059,2026-02-27 00:11:59,-462.27106227106225|-57.142857142857146|-422.7106227106227|253.4798534798535|-619.047619047619
1060,2026-02-27 00:11:59,-395.6043956043956|-26.373626373626372|-408.05860805860806|226.37362637362637|-594.8717948717949
1061,2026-02-27 00:11:59,-400.73260073260076|-28.571428571428573|-334.7985347985348|335.53113553113553|-520.8791208791209
1062,2026-02-27 00:11:59,-314.2857142857143|-60.8058608058608|-286.4468864468864|345.05494505494505|-542.8571428571429
1063,2026-02-27 00:11:59,-381.68498168498166|-28.571428571428573|-267.3992673992674|397.8021978021978|-471.79487179487177
1064,2026-02-27 00:11:59,-320.1465201465202|-40.29304029304029|-284.24908424908426|347.98534798534797|-495.23809523809524
1065,2026-02-27 00:11:59,-332.6007326007326|-87.17948717948718|-240.2930402930403|326.007326007326|-482.7838827838828
1066,2026-02-27 00:11:59,-333.3333333333333|27.106227106227106|-241.02564102564102|550.1831501831501|-387.54578754578756
1067,2026-02-27 00:11:59,-342.12454212454213|-18.315018315018314|-227.83882783882783|334.0659340659341|-457.87545787545787
1068,2026-02-27 00:11:59,-343.5897435897436|-64.46886446886447|-270.3296703296703|402.1978021978022|-471.06227106227107
1069,2026-02-27 00:11:59,-194.13919413919413|687.9120879120879|1499.6336996336997|1499.6336996336997|65.2014652014652
1070,2026-02-27 00:11:59,-860.8058608058608|-487.1794871794872|-410.989010989011|427.1062271062271|-385.34798534798534
1071,2026-02-27 00:11:59,-276.1904761904762|16.84981684981685|-204.3956043956044|484.24908424908426|-333.3333333333333
1072,2026-02-27 00:11:59,-228.57142857142858|51.282051282051285|-121.6117216117216|605.8608058608058|-226.37362637362637
1073,2026-02-27 00:11:59,-147.25274725274724|71.06227106227107|-1.465201465201465|573.6263736263736|-207.32600732600733
1074,2026-02-27 00:11:59,-38.095238095238095|278.38827838827837|98.9010989010989|789.010989010989|63.73626373626374
1075,2026-02-27 00:11:59,230.76923076923077|578.021978021978|347.98534798534797|1199.2673992673992|292.3076923076923
1076,2026-02-27 00:11:59,405.12820512820514|475.45787545787545|333.3333333333333|975.0915750915751|-50.54945054945055
1077,2026-02-27 00:11:59,-79.85347985347985|-9.523809523809524|-247.61904761904762|345.05494505494505|-481.31868131868134
1078,2026-02-27 00:11:59,-449.0842490842491|-353.1135531135531|-465.2014652014652|201.46520146520146|-636.6300366300367
1079,2026-02-27 00:11:59,-591.2087912087912|-408.05860805860806|-499.6336996336996|230.76923076923077|-586.8131868131868
1080,2026-02-27 00:11:59,-545.7875457875458|-285.7142857142857|-371.42857142857144|312.0879120879121|-477.65567765567766
1081,2026-02-27 00:11:59,-462.27106227106225|-295.23809523809524|-397.8021978021978|181.6849816849817|-521.6117216117216
1082,2026-02-27 00:11:59,-454.94505494505495|-311.35531135531136|-408.05860805860806|178.02197802197801|-531.1355311355311
1083,2026-02-27 00:11:59,-534.065934065934|-378.75457875457874|-387.54578754578756|289.3772893772894|-512.0879120879121
1084,2026-02-27 00:12:00,-487.9120879120879|-253.4798534798535|-427.1062271062271|320.1465201465202|-487.1794871794872
1085,2026-02-27 00:12:00,-472.5274725274725|-254.94505494505495|-243.2234432234432|343.5897435897436|-389.7435897435897
1086,2026-02-27 00:12:00,-358.97435897435895|-207.32600732600733|-219.04761904761904|397.8021978021978|-299.6336996336996
1087,2026-02-27 00:12:00,-268.86446886446885|-207.32600732600733|-164.83516483516485|408.05860805860806|-302.56410256410254
1088,2026-02-27 00:12:00,-263.003663003663|-213.1868131868132|-219.78021978021977|306.959706959707|-343.5897435897436
1089,2026-02-27 00:12:00,-260.0732600732601|-195.6043956043956|-158.97435897435898|396.3369963369963|-271.06227106227107
1090,2026-02-27 00:12:00,-223.44322344322345|-208.7912087912088|-164.83516483516485|538.4615384615385|-205.86080586080587
1091,2026-02-27 00:12:00,-145.05494505494505|-167.76556776556777|-60.8058608058608|547.985347985348|-333.3333333333333
1092,2026-02-27 00:12:00,-324.54212454212455|-330.4029304029304|-200.0|463.003663003663|-247.61904761904762
1093,2026-02-27 00:12:00,-246.8864468864469|-262.27106227106225|-172.16117216117217|464.46886446886447|90.10989010989012
1094,2026-02-27 00:12:00,1051.2820512820513|1499.6336996336997|1057.8754578754579|260.8058608058608|-903.2967032967033
1095,2026-02-27 00:12:00,-572.1611721611722|-400.73260073260076|-237.36263736263737|418.31501831501834|-246.8864468864469
1096,2026-02-27 00:12:00,-152.38095238095238|-265.9340659340659|-78.3882783882784|554.5787545787546|-194.13919413919413
1097,2026-02-27 00:12:00,-101.83150183150182|-196.33699633699635|-100.36630036630036|408.05860805860806|-101.83150183150182
1098,2026-02-27 00:12:00,56.41025641025641|-183.88278388278388|49.81684981684982|708.4249084249084|57.875457875457876
1099,2026-02-27 00:12:00,219.78021978021977|34.43223443223443|243.2234432234432|931.1355311355311|274.72527472527474
1100,2026-02-27 00:12:00,529.6703296703297|312.8205128205128|534.065934065934|1256.4102564102564|368.4981684981685
1101,2026-02-27 00:12:00,509.15750915750914|128.93772893772893|186.8131868131868|652.014652014652|-95.23809523809524
1102,2026-02-27 00:12:00,-33.6996336996337|-443.2234432234432|-274.72527472527474|163.36996336996336|-493.7728937728938
1103,2026-02-27 00:12:00,-276.9230769230769|-630.7692307692307|-340.65934065934067|115.01831501831502|-447.6190476190476
1104,2026-02-27 00:12:00,-213.1868131868132|-646.8864468864468|-301.0989010989011|194.13919413919413|-443.2234432234432
1105,2026-02-27 00:12:00,-205.86080586080587|-601.4652014652015|-262.27106227106225|164.83516483516485|-402.1978021978022
1106,2026-02-27 00:12:00,-164.10256410256412|-626.3736263736264|-384.61538461538464|80.58608058608058|-450.54945054945057
1107,2026-02-27 00:12:00,-169.96336996336996|-638.8278388278388|-413.9194139194139|179.48717948717947|-454.2124542124542
1108,2026-02-27 00:12:01,-207.32600732600733|-681.3186813186813|-419.04761904761904|185.34798534798534|-360.43956043956047
1109,2026-02-27 00:12:01,-133.33333333333334|-665.934065934066|-308.42490842490844|224.9084249084249|-391.94139194139194
1110,2026-02-27 00:12:01,-87.17948717948718|-604.3956043956044|-334.7985347985348|145.78754578754578|-353.1135531135531
1111,2026-02-27 00:12:01,-71.06227106227107|-627.8388278388278|-323.8095238095238|132.6007326007326|-298.9010989010989
1112,2026-02-27 00:12:01,-6.593406593406593|-611.7216117216117|-217.58241758241758|154.57875457875457|-399.26739926739924
1113,2026-02-27 00:12:01,22.71062271062271|-567.7655677655678|-300.3663003663004|135.53113553113553|-340.65934065934067
1114,2026-02-27 00:12:01,46.15384615384615|-553.1135531135532|-241.75824175824175|216.84981684981685|-270.3296703296703
1115,2026-02-27 00:12:01,77.65567765567765|-573.6263736263736|-249.8168498168498|226.37362637362637|-337.72893772893775
1116,2026-02-27 00:12:01,109.15750915750915|-532.6007326007326|-251.28205128205127|202.93040293040292|-337.72893772893775
1117,2026-02-27 00:12:01,69.59706959706959|-548.7179487179487|-87.17948717948718|852.7472527472528|1190.4761904761904
1118,2026-02-27 00:12:01,1499.6336996336997|-18.315018315018314|-706.959706959707|-311.35531135531136|-535.5311355311355
1119,2026-02-27 00:12:01,150.1831501831502|-475.45787545787545|-193.4065934065934|261.53846153846155|-178.75457875457874
1120,2026-02-27 00:12:01,285.7142857142857|-486.4468864468864|-161.9047619047619|396.3369963369963|-127.47252747252747
1121,2026-02-27 00:12:01,276.1904761904762|-442.4908424908425|-48.35164835164835|397.8021978021978|-31.501831501831504
1122,2026-02-27 00:12:01,410.2564102564103|-322.34432234432234|81.31868131868131|524.5421245421245|186.8131868131868
1123,2026-02-27 00:12:01,591.2087912087912|-210.25641025641025|302.56410256410254|841.7582417582418|430.7692307692308
1124,2026-02-27 00:12:01,980.952380952381|28.571428571428573|466.6666666666667|843.2234432234433|327.4725274725275
1125,2026-02-27 00:12:01,781.6849816849817|-266.6666666666667|-120.14652014652015|145.78754578754578|-227.83882783882783
1126,2026-02-27 00:12:01,107.6923076923077|-783.1501831501831|-449.0842490842491|-120.87912087912088|-377.2893772893773
1127,2026-02-27 00:12:01,78.3882783882784|-837.3626373626373|-409.5238095238095|-61.53846153846154|-323.8095238095238
1128,2026-02-27 00:12:01,116.48351648351648|-812.4542124542124|-344.32234432234435|-2.197802197802198|-271.06227106227107
1129,2026-02-27 00:12:01,216.11721611721612|-767.7655677655678|-314.2857142857143|-2.197802197802198|-193.4065934065934
1130,2026-02-27 00:12:01,253.4798534798535|-782.4175824175824|-369.2307692307692|-17.582417582417584|-287.1794871794872
1131,2026-02-27 00:12:01,174.35897435897436|-812.4542124542124|-406.5934065934066|-150.91575091575092|-377.2893772893773
1132,2026-02-27 00:12:01,161.9047619047619|-818.3150183150183|-407.3260073260073|-55.67765567765568|-356.7765567765568
1133,2026-02-27 00:12:01,252.74725274725276|-762.6373626373627|-391.2087912087912|-12.454212454212454|-220.51282051282053
1134,2026-02-27 00:12:02,298.16849816849816|-731.8681318681319|-276.1904761904762|-2.197802197802198|-246.8864468864469
1135,2026-02-27 00:12:02,296.7032967032967|-715.7509157509157|-290.84249084249086|-43.956043956043956|-309.8901098901099
1136,2026-02-27 00:12:02,277.65567765567766|-709.1575091575091|-243.95604395604394|17.582417582417584|-306.2271062271062
1137,2026-02-27 00:12:02,248.35164835164835|-706.959706959707|-217.58241758241758|8.058608058608058|-148.71794871794873
1138,2026-02-27 00:12:02,483.5164835164835|-541.3919413919414|-204.3956043956044|39.56043956043956|-180.95238095238096
1139,2026-02-27 00:12:02,367.76556776556777|-670.3296703296703|-228.57142857142858|21.245421245421245|-220.51282051282053
1140,2026-02-27 00:12:02,360.43956043956047|-675.4578754578755|-214.65201465201466|194.13919413919413|463.003663003663
1141,2026-02-27 00:12:02,1499.6336996336997|936.996336996337|65.2014652014652|-594.1391941391942|-586.8131868131868
1142,2026-02-27 00:12:02,342.85714285714283|-591.2087912087912|-246.8864468864469|-85.71428571428571|-65.93406593406593
1143,2026-02-27 00:12:02,460.0732600732601|-545.054945054945|-136.996336996337|3.663003663003663|-97.43589743589743
1144,2026-02-27 00:12:02,561.9047619047619|-459.34065934065933|-131.13553113553112|78.3882783882784|72.52747252747253
1145,2026-02-27 00:12:02,637.3626373626373|-361.17216117216117|-11.72161172161172|169.96336996336996|120.87912087912088
1146,2026-02-27 00:12:02,791.2087912087912|-148.71794871794873|179.48717948717947|452.01465201465203|367.76556776556777
1147,2026-02-27 00:12:02,1137.7289377289378|128.2051282051282|394.87179487179486|606.5934065934066|463.7362637362637
1148,2026-02-27 00:12:02,1024.9084249084249|-101.83150183150182|46.15384615384615|31.501831501831504|-105.49450549450549
1149,2026-02-27 00:12:02,428.57142857142856|-673.2600732600732|-522.3443223443223|-336.2637362637363|-449.0842490842491
1150,2026-02-27 00:12:02,233.6996336996337|-758.974358974359|-576.5567765567765|-319.4139194139194|-403.6630036630037
1151,2026-02-27 00:12:02,210.25641025641025|-718.6813186813187|-517.9487179487179|-319.4139194139194|-416.8498168498169
1152,2026-02-27 00:12:02,267.3992673992674|-637.3626373626373|-454.94505494505495|-263.003663003663|-248.35164835164835
1153,2026-02-27 00:12:02,306.959706959707|-614.6520146520146|-435.16483516483515|-277.65567765567766|-180.95238095238096
1154,2026-02-27 00:12:02,381.68498168498166|-629.3040293040293|-435.16483516483515|-297.43589743589746|-303.2967032967033
1155,2026-02-27 00:12:02,255.67765567765568|-625.6410256410256|-476.9230769230769|-286.4468864468864|-242.49084249084248
1156,2026-02-27 00:12:02,323.0769230769231|-594.1391941391942|-434.43223443223445|-253.4798534798535|-264.46886446886447
1157,2026-02-27 00:12:02,356.04395604395603|-556.7765567765567|-405.12820512820514|-293.7728937728938|-157.50915750915752
1158,2026-02-27 00:12:02,358.24175824175825|-529.6703296703297|-353.84615384615387|-216.11721611721612|-154.57875457875457
1159,2026-02-27 00:12:03,334.0659340659341|-478.38827838827837|-311.35531135531136|-167.03296703296704|-101.83150183150182
1160,2026-02-27 00:12:03,403.6630036630037|-482.05128205128204|-415.38461538461536|-277.65567765567766|-227.1062271062271
1161,2026-02-27 00:12:03,427.83882783882785|-429.3040293040293|-378.75457875457874|-317.94871794871796|-85.71428571428571
1162,2026-02-27 00:12:03,456.4102564102564|-189.74358974358975|575.8241758241758|1499.6336996336997|1499.6336996336997
1163,2026-02-27 00:12:03,652.7472527472528|-1011.7216117216117|-753.8461538461538|-336.996336996337|-228.57142857142858
1164,2026-02-27 00:12:03,413.9194139194139|-434.43223443223445|-344.32234432234435|-234.43223443223442|-147.98534798534797
1165,2026-02-27 00:12:03,482.7838827838828|-336.996336996337|-263.003663003663|-147.98534798534797|-87.17948717948718
1166,2026-02-27 00:12:03,557.5091575091575|-224.9084249084249|-141.3919413919414|-97.43589743589743|123.80952380952381
1167,2026-02-27 00:12:03,702.5641025641025|-31.501831501831504|67.3992673992674|106.22710622710623|265.9340659340659
1168,2026-02-27 00:12:03,983.1501831501831|233.6996336996337|345.7875457875458|326.007326007326|484.24908424908426
1169,2026-02-27 00:12:03,1238.8278388278388|335.53113553113553|372.8937728937729|204.3956043956044|204.3956043956044
1170,2026-02-27 00:12:03,697.4358974358975|-213.1868131868132|-295.23809523809524|-423.4432234432234|-307.6923076923077
1171,2026-02-27 00:12:03,220.51282051282053|-572.1611721611722|-542.1245421245421|-529.6703296703297|-450.54945054945057
1172,2026-02-27 00:12:03,90.10989010989012|-547.985347985348|-480.5860805860806|-539.92673992674|-387.54578754578756
1173,2026-02-27 00:12:03,116.48351648351648|-580.2197802197802|-472.5274725274725|-523.8095238095239|-330.4029304029304
1174,2026-02-27 00:12:03,195.6043956043956|-533.3333333333334|-470.3296703296703|-580.952380952381|-430.7692307692308
1175,2026-02-27 00:12:03,148.71794871794873|-531.1355311355311|-447.6190476190476|-571.4285714285714|-226.37362637362637
1176,2026-02-27 00:12:03,216.11721611721612|-484.98168498168496|-427.1062271062271|-554.5787545787546|-224.9084249084249
1177,2026-02-27 00:12:03,208.05860805860806|-416.1172161172161|-323.0769230769231|-533.3333333333334|-276.9230769230769
1178,2026-02-27 00:12:03,298.9010989010989|-469.5970695970696|-368.4981684981685|-520.1465201465202|-349.45054945054943
1179,2026-02-27 00:12:03,299.6336996336996|-378.75457875457874|-323.8095238095238|-569.2307692307693|-319.4139194139194
1180,2026-02-27 00:12:03,309.15750915750914|-391.94139194139194|-285.7142857142857|-472.5274725274725|-182.41758241758242
1181,2026-02-27 00:12:03,404.3956043956044|-302.56410256410254|-227.83882783882783|-464.46886446886447|-115.01831501831502
1182,2026-02-27 00:12:03,350.9157509157509|-301.0989010989011|-194.13919413919413|-462.27106227106225|-158.97435897435898
1183,2026-02-27 00:12:04,323.0769230769231|-342.12454212454213|-172.8937728937729|-356.7765567765568|-145.78754578754578
1184,2026-02-27 00:12:04,333.3333333333333|-214.65201465201466|-144.32234432234432|-470.3296703296703|-161.9047619047619
1185,2026-02-27 00:12:04,321.61172161172163|-246.8864468864469|-97.43589743589743|-438.82783882783883|-96.7032967032967
1186,2026-02-27 00:12:04,324.54212454212455|-8.791208791208792|803.6630036630037|1421.2454212454213|1449.8168498168498
1187,2026-02-27 00:12:04,544.3223443223443|-838.0952380952381|-465.2014652014652|-567.7655677655678|-156.04395604395606
1188,2026-02-27 00:12:04,389.010989010989|-290.84249084249086|-50.54945054945055|-408.05860805860806|-161.9047619047619
1189,2026-02-27 00:12:04,451.28205128205127|-152.38095238095238|54.94505494505494|-403.6630036630037|18.315018315018314
1190,2026-02-27 00:12:04,496.7032967032967|41.75824175824176|267.3992673992674|-273.992673992674|112.08791208791209
1191,2026-02-27 00:12:04,547.2527472527472|132.6007326007326|438.82783882783883|-120.87912087912088|267.3992673992674
1192,2026-02-27 00:12:04,835.8974358974359|353.1135531135531|687.9120879120879|136.26373626373626|529.6703296703297
1193,2026-02-27 00:12:04,1112.820512820513|419.04761904761904|736.996336996337|5.128205128205129|255.67765567765568
1194,2026-02-27 00:12:04,588.2783882783883|14.652014652014651|194.13919413919413|-576.5567765567765|-278.38827838827837
1195,2026-02-27 00:12:04,158.24175824175825|-259.34065934065933|-68.13186813186813|-827.1062271062272|-365.56776556776555
1196,2026-02-27 00:12:04,161.17216117216117|-283.5164835164835|-30.036630036630036|-802.9304029304029|-223.44322344322345
1197,2026-02-27 00:12:04,161.9047619047619|-293.7728937728938|-2.197802197802198|-756.7765567765567|-271.79487179487177
1198,2026-02-27 00:12:04,60.8058608058608|-361.17216117216117|-13.91941391941392|-734.7985347985348|-361.17216117216117
1199,2026-02-27 00:12:04,72.52747252747253|-305.4945054945055|-21.245421245421245|-745.054945054945|-437.3626373626374
1200,2026-02-27 00:12:04,79.12087912087912|-371.42857142857144|-27.106227106227106|-756.0439560439561|-430.03663003663
1201,2026-02-27 00:12:04,89.37728937728937|-563.3699633699633|-155.3113553113553|-744.3223443223443|-524.5421245421245
1202,2026-02-27 00:12:04,-164.83516483516485|-627.8388278388278|-97.43589743589743|-718.6813186813187|-522.3443223443223
1203,2026-02-27 00:12:04,-142.85714285714286|-798.5347985347985|-271.79487179487177|-642.4908424908425|-731.1355311355311
1204,2026-02-27 00:12:04,-30.036630036630036|-793.4065934065934|-271.79487179487177|-626.3736263736264|-651.2820512820513
1205,2026-02-27 00:12:04,-173.62637362637363|-751.6483516483516|-229.3040293040293|-556.7765567765567|-588.2783882783883
1206,2026-02-27 00:12:04,-572.1611721611722|-586.8131868131868|-387.54578754578756|-616.1172161172161|-384.61538461538464
1207,2026-02-27 00:12:04,-530.4029304029305|-571.4285714285714|-378.75457875457874|-580.952380952381|-359.7069597069597
1208,2026-02-27 00:12:04,-566.3003663003662|-488.64468864468864|-247.61904761904762|-471.06227106227107|-110.62271062271063
1209,2026-02-27 00:12:05,263.003663003663|1152.3809523809523|1499.6336996336997|197.8021978021978|-671.7948717948718
1210,2026-02-27 00:12:05,-953.1135531135532|-665.2014652014652|-249.08424908424908|-380.95238095238096|-141.3919413919414
1211,2026-02-27 00:12:05,-153.84615384615384|-258.6080586080586|-99.63369963369964|-267.3992673992674|-30.76923076923077
1212,2026-02-27 00:12:05,-208.05860805860806|-156.04395604395606|62.27106227106227|-136.26373626373626|98.16849816849818
1213,2026-02-27 00:12:05,-165.56776556776558|-17.582417582417584|21.978021978021978|-53.47985347985348|280.5860805860806
1214,2026-02-27 00:12:05,186.8131868131868|179.48717948717947|365.56776556776555|241.02564102564102|557.5091575091575
1215,2026-02-27 00:12:05,419.04761904761904|485.7142857142857|663.003663003663|459.34065934065933|709.8901098901099
1216,2026-02-27 00:12:05,491.57509157509156|431.5018315018315|439.56043956043953|87.91208791208791|216.84981684981685
1217,2026-02-27 00:12:05,-106.22710622710623|-167.03296703296704|-101.0989010989011|-348.71794871794873|-126.73992673992674
1218,2026-02-27 00:12:05,-332.6007326007326|-337.72893772893775|-120.14652014652015|-369.96336996337|-156.04395604395606
1219,2026-02-27 00:12:05,-355.3113553113553|-308.42490842490844|-144.32234432234432|-362.6373626373626|-118.68131868131869
1220,2026-02-27 00:12:05,-191.2087912087912|-250.54945054945054|-177.28937728937728|-340.65934065934067|-73.26007326007326
1221,2026-02-27 00:12:05,-246.8864468864469|-246.8864468864469|-197.06959706959708|-337.72893772893775|-77.65567765567765
1222,2026-02-27 00:12:05,-205.12820512820514|-249.8168498168498|-132.6007326007326|-315.01831501831504|-66.66666666666667
1223,2026-02-27 00:12:05,-286.4468864468864|-218.3150183150183|-98.16849816849818|-290.84249084249086|-43.223443223443226
1224,2026-02-27 00:12:05,-229.3040293040293|-179.48717948717947|-38.827838827838825|-246.8864468864469|-13.91941391941392
1225,2026-02-27 00:12:05,-196.33699633699635|-166.3003663003663|-271.06227106227107|-306.959706959707|30.036630036630036
1226,2026-02-27 00:12:05,-179.48717948717947|-126.73992673992674|-134.7985347985348|-247.61904761904762|60.07326007326007
1227,2026-02-27 00:12:05,-135.53113553113553|-95.97069597069597|-75.45787545787546|-214.65201465201466|73.26007326007326
1228,2026-02-27 00:12:05,-183.15018315018315|-78.3882783882784|-30.76923076923077|-179.48717948717947|93.04029304029304
1229,2026-02-27 00:12:05,-204.3956043956044|-63.73626373626374|-2.197802197802198|-156.04395604395606|120.87912087912088
1230,2026-02-27 00:12:05,-73.99267399267399|-25.641025641025642|148.71794871794873|-65.2014652014652|166.3003663003663
1231,2026-02-27 00:12:05,-94.50549450549451|-38.827838827838825|12.454212454212454|-178.02197802197801|90.10989010989012
1232,2026-02-27 00:12:05,-108.42490842490842|-53.47985347985348|10.989010989010989|-173.62637362637363|88.64468864468864
1233,2026-02-27 00:12:05,-8.791208791208792|600.0|1499.6336996336997|1499.6336996336997|924.5421245421245
1234,2026-02-27 00:12:06,-661.5384615384615|-594.1391941391942|-252.74725274725276|-181.6849816849817|126.73992673992674
1235,2026-02-27 00:12:06,-179.48717948717947|-18.315018315018314|19.78021978021978|-112.82051282051282|169.23076923076923
1236,2026-02-27 00:12:06,-135.53113553113553|68.13186813186813|147.98534798534797|-52.014652014652015|233.6996336996337
1237,2026-02-27 00:12:06,-135.53113553113553|136.996336996337|123.80952380952381|46.15384615384615|392.6739926739927
1238,2026-02-27 00:12:06,171.42857142857142|263.003663003663|481.31868131868134|256.4102564102564|554.5787545787546
1239,2026-02-27 00:12:06,365.56776556776555|545.7875457875458|771.4285714285714|500.3663003663004|776.5567765567765
1240,2026-02-27 00:12:06,561.9047619047619|591.2087912087912|638.8278388278388|299.6336996336996|421.24542124542126
1241,2026-02-27 00:12:06,90.10989010989012|12.454212454212454|40.29304029304029|-305.4945054945055|-136.26373626373626
1242,2026-02-27 00:12:06,-407.3260073260073|-319.4139194139194|-411.72161172161174|-482.7838827838828|-194.13919413919413
1243,2026-02-27 00:12:06,-481.31868131868134|-313.5531135531136|-201.46520146520146|-409.5238095238095|-159.7069597069597
1244,2026-02-27 00:12:06,-331.86813186813185|-276.9230769230769|-161.9047619047619|-369.96336996337|-133.33333333333334
1245,2026-02-27 00:12:06,-315.01831501831504|-265.9340659340659|-307.6923076923077|-402.1978021978022|-113.55311355311355
1246,2026-02-27 00:12:06,-311.35531135531136|-258.6080586080586|-195.6043956043956|-384.61538461538464|-158.24175824175825
1247,2026-02-27 00:12:06,-321.61172161172163|-275.45787545787545|-187.54578754578753|-384.61538461538464|-156.04395604395606
1248,2026-02-27 00:12:06,-293.040293040293|-249.8168498168498|-191.2087912087912|-353.84615384615387|-122.34432234432235
1249,2026-02-27 00:12:06,-314.2857142857143|-227.1062271062271|-158.97435897435898|-346.5201465201465|-120.87912087912088
1250,2026-02-27 00:12:06,-304.02930402930406|-195.6043956043956|-125.27472527472527|-312.0879120879121|-96.7032967032967
1251,2026-02-27 00:12:06,-271.79487179487177|-197.06959706959708|-172.16117216117217|-315.75091575091574|-75.45787545787546
1252,2026-02-27 00:12:06,-238.82783882783883|-172.16117216117217|-107.6923076923077|-276.1904761904762|-58.608058608058606
1253,2026-02-27 00:12:06,-235.16483516483515|-145.78754578754578|-63.73626373626374|-249.8168498168498|-50.54945054945055
1254,2026-02-27 00:12:06,-227.83882783882783|-126.73992673992674|-74.72527472527473|-249.08424908424908|-27.106227106227106
1255,2026-02-27 00:12:06,-204.3956043956044|-106.22710622710623|-113.55311355311355|-220.51282051282053|5.86080586080586
1256,2026-02-27 00:12:06,-172.16117216117217|-40.29304029304029|40.29304029304029|-144.32234432234432|41.02564102564103
1257,2026-02-27 00:12:06,-180.95238095238096|-119.41391941391942|-65.2014652014652|-220.51282051282053|-5.86080586080586
1258,2026-02-27 00:12:07,-192.67399267399267|-97.43589743589743|-123.07692307692308|-223.44322344322345|98.9010989010989
1259,2026-02-27 00:12:07,204.3956043956044|1379.4871794871794|1499.6336996336997|947.2527472527472|-261.53846153846155
1260,2026-02-27 00:12:07,-1049.084249084249|-387.54578754578756|-158.97435897435898|-183.88278388278388|31.501831501831504
